-- MySQL dump 10.13  Distrib 5.7.37, for Linux (x86_64)
--
-- Host: localhost    Database: crisp_inventory
-- ------------------------------------------------------
-- Server version	5.7.37-0ubuntu0.18.04.1

/*!40101 SET @OLD_CHARACTER_SET_CLIENT=@@CHARACTER_SET_CLIENT */;
/*!40101 SET @OLD_CHARACTER_SET_RESULTS=@@CHARACTER_SET_RESULTS */;
/*!40101 SET @OLD_COLLATION_CONNECTION=@@COLLATION_CONNECTION */;
/*!40101 SET NAMES utf8 */;
/*!40103 SET @OLD_TIME_ZONE=@@TIME_ZONE */;
/*!40103 SET TIME_ZONE='+00:00' */;
/*!40014 SET @OLD_UNIQUE_CHECKS=@@UNIQUE_CHECKS, UNIQUE_CHECKS=0 */;
/*!40014 SET @OLD_FOREIGN_KEY_CHECKS=@@FOREIGN_KEY_CHECKS, FOREIGN_KEY_CHECKS=0 */;
/*!40101 SET @OLD_SQL_MODE=@@SQL_MODE, SQL_MODE='NO_AUTO_VALUE_ON_ZERO' */;
/*!40111 SET @OLD_SQL_NOTES=@@SQL_NOTES, SQL_NOTES=0 */;

--
-- Table structure for table `aauth_group_to_group`
--

DROP TABLE IF EXISTS `aauth_group_to_group`;
/*!40101 SET @saved_cs_client     = @@character_set_client */;
/*!40101 SET character_set_client = utf8 */;
CREATE TABLE `aauth_group_to_group` (
  `group_id` int(10) unsigned NOT NULL,
  `subgroup_id` int(10) unsigned NOT NULL,
  `created_by` int(11) DEFAULT NULL,
  `updated_by` int(11) DEFAULT NULL,
  `updated_at` timestamp NULL DEFAULT NULL,
  `created_at` timestamp NOT NULL DEFAULT '0000-00-00 00:00:00',
  PRIMARY KEY (`group_id`,`subgroup_id`),
  KEY `aauth_group_to_group_created_by_index` (`created_by`),
  KEY `aauth_group_to_group_updated_by_index` (`updated_by`)
) ENGINE=InnoDB DEFAULT CHARSET=utf8;
/*!40101 SET character_set_client = @saved_cs_client */;

--
-- Dumping data for table `aauth_group_to_group`
--

LOCK TABLES `aauth_group_to_group` WRITE;
/*!40000 ALTER TABLE `aauth_group_to_group` DISABLE KEYS */;
/*!40000 ALTER TABLE `aauth_group_to_group` ENABLE KEYS */;
UNLOCK TABLES;

--
-- Table structure for table `aauth_groups`
--

DROP TABLE IF EXISTS `aauth_groups`;
/*!40101 SET @saved_cs_client     = @@character_set_client */;
/*!40101 SET character_set_client = utf8 */;
CREATE TABLE `aauth_groups` (
  `id` int(10) unsigned NOT NULL AUTO_INCREMENT,
  `name` varchar(100) DEFAULT NULL,
  `priority` int(11) NOT NULL DEFAULT '1000',
  `definition` text,
  `created_by` int(11) DEFAULT NULL,
  `updated_by` int(11) DEFAULT NULL,
  `updated_at` timestamp NULL DEFAULT NULL,
  `created_at` timestamp NOT NULL DEFAULT CURRENT_TIMESTAMP,
  PRIMARY KEY (`id`),
  KEY `aauth_groups_created_by_index` (`created_by`),
  KEY `aauth_groups_updated_by_index` (`updated_by`)
) ENGINE=InnoDB AUTO_INCREMENT=23 DEFAULT CHARSET=utf8;
/*!40101 SET character_set_client = @saved_cs_client */;

--
-- Dumping data for table `aauth_groups`
--

LOCK TABLES `aauth_groups` WRITE;
/*!40000 ALTER TABLE `aauth_groups` DISABLE KEYS */;
INSERT INTO `aauth_groups` VALUES (1,'Admin',1,'Superadmin Group',NULL,NULL,NULL,'0000-00-00 00:00:00'),(2,'Public',1000,'Public Group',NULL,NULL,NULL,'0000-00-00 00:00:00'),(3,'Default',1000,'Default Access Group',NULL,NULL,NULL,'0000-00-00 00:00:00'),(22,'SuperUser',2,'Admin',1,NULL,NULL,'2022-02-12 12:51:32');
/*!40000 ALTER TABLE `aauth_groups` ENABLE KEYS */;
UNLOCK TABLES;

--
-- Table structure for table `aauth_login_attempts`
--

DROP TABLE IF EXISTS `aauth_login_attempts`;
/*!40101 SET @saved_cs_client     = @@character_set_client */;
/*!40101 SET character_set_client = utf8 */;
CREATE TABLE `aauth_login_attempts` (
  `id` int(10) unsigned NOT NULL AUTO_INCREMENT,
  `ip_address` varchar(39) DEFAULT NULL,
  `timestamp` datetime DEFAULT NULL,
  `login_attempts` tinyint(3) unsigned DEFAULT NULL,
  `created_by` int(11) DEFAULT NULL,
  `updated_by` int(11) DEFAULT NULL,
  `updated_at` timestamp NULL DEFAULT NULL,
  `created_at` timestamp NOT NULL DEFAULT '0000-00-00 00:00:00',
  PRIMARY KEY (`id`),
  KEY `aauth_login_attempts_created_by_index` (`created_by`),
  KEY `aauth_login_attempts_updated_by_index` (`updated_by`)
) ENGINE=InnoDB AUTO_INCREMENT=449 DEFAULT CHARSET=utf8;
/*!40101 SET character_set_client = @saved_cs_client */;

--
-- Dumping data for table `aauth_login_attempts`
--

LOCK TABLES `aauth_login_attempts` WRITE;
/*!40000 ALTER TABLE `aauth_login_attempts` DISABLE KEYS */;
INSERT INTO `aauth_login_attempts` VALUES (2,'192.168.0.106','2018-09-21 14:29:37',4,NULL,NULL,NULL,'0000-00-00 00:00:00'),(27,'192.168.0.103','2018-09-26 06:04:04',1,NULL,NULL,NULL,'0000-00-00 00:00:00'),(94,'192.168.0.103','2018-10-05 20:22:11',2,NULL,NULL,NULL,'0000-00-00 00:00:00'),(133,'192.168.0.105','2018-10-13 19:42:00',3,NULL,NULL,NULL,'0000-00-00 00:00:00'),(186,'192.168.0.107','2018-11-05 10:47:16',1,NULL,NULL,NULL,'0000-00-00 00:00:00'),(303,'192.168.0.102','2018-12-17 20:24:59',9,NULL,NULL,NULL,'0000-00-00 00:00:00'),(304,'192.168.0.102','2018-12-17 20:33:05',1,NULL,NULL,NULL,'0000-00-00 00:00:00'),(395,'192.168.0.103','2019-02-16 21:43:36',2,NULL,NULL,NULL,'0000-00-00 00:00:00'),(400,'192.168.0.102','2019-10-10 20:15:40',13,NULL,NULL,NULL,'0000-00-00 00:00:00'),(404,'192.168.0.103','2020-01-08 13:11:37',1,NULL,NULL,NULL,'0000-00-00 00:00:00'),(405,'192.168.0.100','2021-04-22 11:15:27',1,NULL,NULL,NULL,'0000-00-00 00:00:00'),(425,'197.210.65.90','2022-02-13 00:50:01',2,NULL,NULL,NULL,'0000-00-00 00:00:00');
/*!40000 ALTER TABLE `aauth_login_attempts` ENABLE KEYS */;
UNLOCK TABLES;

--
-- Table structure for table `aauth_perm_to_group`
--

DROP TABLE IF EXISTS `aauth_perm_to_group`;
/*!40101 SET @saved_cs_client     = @@character_set_client */;
/*!40101 SET character_set_client = utf8 */;
CREATE TABLE `aauth_perm_to_group` (
  `perm_id` int(11) NOT NULL,
  `group_id` int(11) NOT NULL,
  `created_by` int(11) DEFAULT NULL,
  `updated_by` int(11) DEFAULT NULL,
  `updated_at` timestamp NULL DEFAULT NULL,
  `created_at` timestamp NOT NULL DEFAULT '0000-00-00 00:00:00',
  KEY `aauth_perm_to_group_created_by_index` (`created_by`),
  KEY `aauth_perm_to_group_updated_by_index` (`updated_by`)
) ENGINE=InnoDB DEFAULT CHARSET=utf8;
/*!40101 SET character_set_client = @saved_cs_client */;

--
-- Dumping data for table `aauth_perm_to_group`
--

LOCK TABLES `aauth_perm_to_group` WRITE;
/*!40000 ALTER TABLE `aauth_perm_to_group` DISABLE KEYS */;
INSERT INTO `aauth_perm_to_group` VALUES (476,2,NULL,NULL,NULL,'0000-00-00 00:00:00'),(476,4,NULL,NULL,NULL,'0000-00-00 00:00:00'),(480,2,NULL,NULL,NULL,'0000-00-00 00:00:00'),(480,4,NULL,NULL,NULL,'0000-00-00 00:00:00'),(481,2,NULL,NULL,NULL,'0000-00-00 00:00:00'),(481,4,NULL,NULL,NULL,'0000-00-00 00:00:00'),(481,2,NULL,NULL,NULL,'0000-00-00 00:00:00'),(481,4,NULL,NULL,NULL,'0000-00-00 00:00:00'),(482,2,NULL,NULL,NULL,'0000-00-00 00:00:00'),(482,4,NULL,NULL,NULL,'0000-00-00 00:00:00'),(485,2,NULL,NULL,NULL,'0000-00-00 00:00:00'),(485,4,NULL,NULL,NULL,'0000-00-00 00:00:00'),(488,2,NULL,NULL,NULL,'0000-00-00 00:00:00'),(488,4,NULL,NULL,NULL,'0000-00-00 00:00:00'),(489,2,NULL,NULL,NULL,'0000-00-00 00:00:00'),(489,4,NULL,NULL,NULL,'0000-00-00 00:00:00'),(482,2,NULL,NULL,NULL,'0000-00-00 00:00:00'),(482,4,NULL,NULL,NULL,'0000-00-00 00:00:00'),(396,2,NULL,NULL,NULL,'0000-00-00 00:00:00'),(396,4,NULL,NULL,NULL,'0000-00-00 00:00:00'),(396,2,NULL,NULL,NULL,'0000-00-00 00:00:00'),(396,4,NULL,NULL,NULL,'0000-00-00 00:00:00'),(501,2,NULL,NULL,NULL,'0000-00-00 00:00:00'),(501,4,NULL,NULL,NULL,'0000-00-00 00:00:00'),(502,0,NULL,NULL,NULL,'0000-00-00 00:00:00'),(502,2,NULL,NULL,NULL,'0000-00-00 00:00:00'),(502,4,NULL,NULL,NULL,'0000-00-00 00:00:00'),(504,2,NULL,NULL,NULL,'0000-00-00 00:00:00'),(504,4,NULL,NULL,NULL,'0000-00-00 00:00:00'),(505,2,NULL,NULL,NULL,'0000-00-00 00:00:00'),(505,4,NULL,NULL,NULL,'0000-00-00 00:00:00'),(515,2,NULL,NULL,NULL,'0000-00-00 00:00:00'),(515,4,NULL,NULL,NULL,'0000-00-00 00:00:00'),(516,0,NULL,NULL,NULL,'0000-00-00 00:00:00'),(516,2,NULL,NULL,NULL,'0000-00-00 00:00:00'),(516,4,NULL,NULL,NULL,'0000-00-00 00:00:00'),(350,2,NULL,NULL,NULL,'0000-00-00 00:00:00'),(350,4,NULL,NULL,NULL,'0000-00-00 00:00:00'),(349,2,NULL,NULL,NULL,'0000-00-00 00:00:00'),(349,4,NULL,NULL,NULL,'0000-00-00 00:00:00'),(543,0,NULL,NULL,NULL,'0000-00-00 00:00:00'),(378,5,NULL,NULL,NULL,'0000-00-00 00:00:00'),(395,5,NULL,NULL,NULL,'0000-00-00 00:00:00'),(521,5,NULL,NULL,NULL,'0000-00-00 00:00:00'),(22,5,NULL,NULL,NULL,'0000-00-00 00:00:00'),(328,5,NULL,NULL,NULL,'0000-00-00 00:00:00'),(329,5,NULL,NULL,NULL,'0000-00-00 00:00:00'),(330,5,NULL,NULL,NULL,'0000-00-00 00:00:00'),(331,5,NULL,NULL,NULL,'0000-00-00 00:00:00'),(332,5,NULL,NULL,NULL,'0000-00-00 00:00:00'),(258,5,NULL,NULL,NULL,'0000-00-00 00:00:00'),(259,5,NULL,NULL,NULL,'0000-00-00 00:00:00'),(260,5,NULL,NULL,NULL,'0000-00-00 00:00:00'),(261,5,NULL,NULL,NULL,'0000-00-00 00:00:00'),(262,5,NULL,NULL,NULL,'0000-00-00 00:00:00'),(263,5,NULL,NULL,NULL,'0000-00-00 00:00:00'),(264,5,NULL,NULL,NULL,'0000-00-00 00:00:00'),(265,5,NULL,NULL,NULL,'0000-00-00 00:00:00'),(266,5,NULL,NULL,NULL,'0000-00-00 00:00:00'),(267,5,NULL,NULL,NULL,'0000-00-00 00:00:00'),(268,5,NULL,NULL,NULL,'0000-00-00 00:00:00'),(269,5,NULL,NULL,NULL,'0000-00-00 00:00:00'),(270,5,NULL,NULL,NULL,'0000-00-00 00:00:00'),(271,5,NULL,NULL,NULL,'0000-00-00 00:00:00'),(272,5,NULL,NULL,NULL,'0000-00-00 00:00:00'),(395,5,NULL,NULL,NULL,'0000-00-00 00:00:00'),(396,5,NULL,NULL,NULL,'0000-00-00 00:00:00'),(396,5,NULL,NULL,NULL,'0000-00-00 00:00:00'),(396,5,NULL,NULL,NULL,'0000-00-00 00:00:00'),(396,5,NULL,NULL,NULL,'0000-00-00 00:00:00'),(380,5,NULL,NULL,NULL,'0000-00-00 00:00:00'),(380,5,NULL,NULL,NULL,'0000-00-00 00:00:00'),(193,9,NULL,NULL,NULL,'0000-00-00 00:00:00'),(194,9,NULL,NULL,NULL,'0000-00-00 00:00:00'),(195,9,NULL,NULL,NULL,'0000-00-00 00:00:00'),(196,9,NULL,NULL,NULL,'0000-00-00 00:00:00'),(197,9,NULL,NULL,NULL,'0000-00-00 00:00:00'),(452,9,NULL,NULL,NULL,'0000-00-00 00:00:00'),(453,9,NULL,NULL,NULL,'0000-00-00 00:00:00'),(454,9,NULL,NULL,NULL,'0000-00-00 00:00:00'),(455,9,NULL,NULL,NULL,'0000-00-00 00:00:00'),(456,9,NULL,NULL,NULL,'0000-00-00 00:00:00'),(138,10,NULL,NULL,NULL,'0000-00-00 00:00:00'),(139,10,NULL,NULL,NULL,'0000-00-00 00:00:00'),(140,10,NULL,NULL,NULL,'0000-00-00 00:00:00'),(141,10,NULL,NULL,NULL,'0000-00-00 00:00:00'),(142,10,NULL,NULL,NULL,'0000-00-00 00:00:00'),(405,10,NULL,NULL,NULL,'0000-00-00 00:00:00'),(406,10,NULL,NULL,NULL,'0000-00-00 00:00:00'),(407,10,NULL,NULL,NULL,'0000-00-00 00:00:00'),(408,10,NULL,NULL,NULL,'0000-00-00 00:00:00'),(409,10,NULL,NULL,NULL,'0000-00-00 00:00:00'),(183,10,NULL,NULL,NULL,'0000-00-00 00:00:00'),(184,10,NULL,NULL,NULL,'0000-00-00 00:00:00'),(185,10,NULL,NULL,NULL,'0000-00-00 00:00:00'),(186,10,NULL,NULL,NULL,'0000-00-00 00:00:00'),(187,10,NULL,NULL,NULL,'0000-00-00 00:00:00'),(562,10,NULL,NULL,NULL,'0000-00-00 00:00:00'),(351,10,NULL,NULL,NULL,'0000-00-00 00:00:00'),(563,10,NULL,NULL,NULL,'0000-00-00 00:00:00'),(352,10,NULL,NULL,NULL,'0000-00-00 00:00:00'),(562,10,NULL,NULL,NULL,'0000-00-00 00:00:00'),(351,10,NULL,NULL,NULL,'0000-00-00 00:00:00'),(352,10,NULL,NULL,NULL,'0000-00-00 00:00:00'),(570,9,NULL,NULL,NULL,'0000-00-00 00:00:00'),(371,9,NULL,NULL,NULL,'0000-00-00 00:00:00'),(378,14,NULL,NULL,NULL,'0000-00-00 00:00:00'),(379,14,NULL,NULL,NULL,'0000-00-00 00:00:00'),(380,14,NULL,NULL,NULL,'0000-00-00 00:00:00'),(529,14,NULL,NULL,NULL,'0000-00-00 00:00:00'),(581,14,NULL,NULL,NULL,'0000-00-00 00:00:00'),(582,14,NULL,NULL,NULL,'0000-00-00 00:00:00'),(583,14,NULL,NULL,NULL,'0000-00-00 00:00:00'),(584,14,NULL,NULL,NULL,'0000-00-00 00:00:00'),(218,14,NULL,NULL,NULL,'0000-00-00 00:00:00'),(219,14,NULL,NULL,NULL,'0000-00-00 00:00:00'),(220,14,NULL,NULL,NULL,'0000-00-00 00:00:00'),(221,14,NULL,NULL,NULL,'0000-00-00 00:00:00'),(222,14,NULL,NULL,NULL,'0000-00-00 00:00:00'),(223,14,NULL,NULL,NULL,'0000-00-00 00:00:00'),(224,14,NULL,NULL,NULL,'0000-00-00 00:00:00'),(225,14,NULL,NULL,NULL,'0000-00-00 00:00:00'),(226,14,NULL,NULL,NULL,'0000-00-00 00:00:00'),(227,14,NULL,NULL,NULL,'0000-00-00 00:00:00'),(228,14,NULL,NULL,NULL,'0000-00-00 00:00:00'),(229,14,NULL,NULL,NULL,'0000-00-00 00:00:00'),(230,14,NULL,NULL,NULL,'0000-00-00 00:00:00'),(231,14,NULL,NULL,NULL,'0000-00-00 00:00:00'),(232,14,NULL,NULL,NULL,'0000-00-00 00:00:00'),(328,14,NULL,NULL,NULL,'0000-00-00 00:00:00'),(329,14,NULL,NULL,NULL,'0000-00-00 00:00:00'),(330,14,NULL,NULL,NULL,'0000-00-00 00:00:00'),(331,14,NULL,NULL,NULL,'0000-00-00 00:00:00'),(332,14,NULL,NULL,NULL,'0000-00-00 00:00:00'),(528,14,NULL,NULL,NULL,'0000-00-00 00:00:00'),(504,14,NULL,NULL,NULL,'0000-00-00 00:00:00'),(599,14,NULL,NULL,NULL,'0000-00-00 00:00:00'),(504,14,NULL,NULL,NULL,'0000-00-00 00:00:00'),(600,14,NULL,NULL,NULL,'0000-00-00 00:00:00'),(505,14,NULL,NULL,NULL,'0000-00-00 00:00:00'),(340,17,NULL,NULL,NULL,'0000-00-00 00:00:00'),(341,17,NULL,NULL,NULL,'0000-00-00 00:00:00'),(343,17,NULL,NULL,NULL,'0000-00-00 00:00:00'),(344,17,NULL,NULL,NULL,'0000-00-00 00:00:00'),(345,17,NULL,NULL,NULL,'0000-00-00 00:00:00'),(376,17,NULL,NULL,NULL,'0000-00-00 00:00:00'),(377,17,NULL,NULL,NULL,'0000-00-00 00:00:00'),(434,17,NULL,NULL,NULL,'0000-00-00 00:00:00'),(504,17,NULL,NULL,NULL,'0000-00-00 00:00:00'),(505,17,NULL,NULL,NULL,'0000-00-00 00:00:00'),(598,17,NULL,NULL,NULL,'0000-00-00 00:00:00'),(599,17,NULL,NULL,NULL,'0000-00-00 00:00:00'),(600,17,NULL,NULL,NULL,'0000-00-00 00:00:00'),(601,17,NULL,NULL,NULL,'0000-00-00 00:00:00'),(602,17,NULL,NULL,NULL,'0000-00-00 00:00:00'),(603,17,NULL,NULL,NULL,'0000-00-00 00:00:00'),(604,17,NULL,NULL,NULL,'0000-00-00 00:00:00'),(605,17,NULL,NULL,NULL,'0000-00-00 00:00:00'),(606,17,NULL,NULL,NULL,'0000-00-00 00:00:00'),(607,17,NULL,NULL,NULL,'0000-00-00 00:00:00'),(22,17,NULL,NULL,NULL,'0000-00-00 00:00:00'),(381,15,NULL,NULL,NULL,'0000-00-00 00:00:00'),(392,15,NULL,NULL,NULL,'0000-00-00 00:00:00'),(393,15,NULL,NULL,NULL,'0000-00-00 00:00:00'),(394,15,NULL,NULL,NULL,'0000-00-00 00:00:00'),(585,15,NULL,NULL,NULL,'0000-00-00 00:00:00'),(586,15,NULL,NULL,NULL,'0000-00-00 00:00:00'),(587,15,NULL,NULL,NULL,'0000-00-00 00:00:00'),(588,15,NULL,NULL,NULL,'0000-00-00 00:00:00'),(22,15,NULL,NULL,NULL,'0000-00-00 00:00:00'),(233,15,NULL,NULL,NULL,'0000-00-00 00:00:00'),(234,15,NULL,NULL,NULL,'0000-00-00 00:00:00'),(235,15,NULL,NULL,NULL,'0000-00-00 00:00:00'),(236,15,NULL,NULL,NULL,'0000-00-00 00:00:00'),(237,15,NULL,NULL,NULL,'0000-00-00 00:00:00'),(382,15,NULL,NULL,NULL,'0000-00-00 00:00:00'),(383,15,NULL,NULL,NULL,'0000-00-00 00:00:00'),(384,15,NULL,NULL,NULL,'0000-00-00 00:00:00'),(385,15,NULL,NULL,NULL,'0000-00-00 00:00:00'),(386,15,NULL,NULL,NULL,'0000-00-00 00:00:00'),(387,15,NULL,NULL,NULL,'0000-00-00 00:00:00'),(388,15,NULL,NULL,NULL,'0000-00-00 00:00:00'),(389,15,NULL,NULL,NULL,'0000-00-00 00:00:00'),(390,15,NULL,NULL,NULL,'0000-00-00 00:00:00'),(391,15,NULL,NULL,NULL,'0000-00-00 00:00:00'),(610,0,NULL,NULL,NULL,'0000-00-00 00:00:00'),(611,0,NULL,NULL,NULL,'0000-00-00 00:00:00'),(612,0,NULL,NULL,NULL,'0000-00-00 00:00:00'),(613,0,NULL,NULL,NULL,'0000-00-00 00:00:00'),(614,0,NULL,NULL,NULL,'0000-00-00 00:00:00'),(615,0,NULL,NULL,NULL,'0000-00-00 00:00:00'),(616,0,NULL,NULL,NULL,'0000-00-00 00:00:00'),(617,0,NULL,NULL,NULL,'0000-00-00 00:00:00'),(514,18,NULL,NULL,NULL,'0000-00-00 00:00:00'),(515,18,NULL,NULL,NULL,'0000-00-00 00:00:00'),(516,18,NULL,NULL,NULL,'0000-00-00 00:00:00'),(511,18,NULL,NULL,NULL,'0000-00-00 00:00:00'),(347,19,NULL,NULL,NULL,'0000-00-00 00:00:00'),(349,19,NULL,NULL,NULL,'0000-00-00 00:00:00'),(368,19,NULL,NULL,NULL,'0000-00-00 00:00:00'),(369,19,NULL,NULL,NULL,'0000-00-00 00:00:00'),(514,19,NULL,NULL,NULL,'0000-00-00 00:00:00'),(515,19,NULL,NULL,NULL,'0000-00-00 00:00:00'),(516,19,NULL,NULL,NULL,'0000-00-00 00:00:00'),(556,19,NULL,NULL,NULL,'0000-00-00 00:00:00'),(557,19,NULL,NULL,NULL,'0000-00-00 00:00:00'),(576,19,NULL,NULL,NULL,'0000-00-00 00:00:00'),(577,19,NULL,NULL,NULL,'0000-00-00 00:00:00'),(578,19,NULL,NULL,NULL,'0000-00-00 00:00:00'),(608,19,NULL,NULL,NULL,'0000-00-00 00:00:00'),(609,19,NULL,NULL,NULL,'0000-00-00 00:00:00'),(610,19,NULL,NULL,NULL,'0000-00-00 00:00:00'),(611,19,NULL,NULL,NULL,'0000-00-00 00:00:00'),(612,19,NULL,NULL,NULL,'0000-00-00 00:00:00'),(613,19,NULL,NULL,NULL,'0000-00-00 00:00:00'),(614,19,NULL,NULL,NULL,'0000-00-00 00:00:00'),(615,19,NULL,NULL,NULL,'0000-00-00 00:00:00'),(616,19,NULL,NULL,NULL,'0000-00-00 00:00:00'),(617,19,NULL,NULL,NULL,'0000-00-00 00:00:00'),(138,19,NULL,NULL,NULL,'0000-00-00 00:00:00'),(139,19,NULL,NULL,NULL,'0000-00-00 00:00:00'),(140,19,NULL,NULL,NULL,'0000-00-00 00:00:00'),(141,19,NULL,NULL,NULL,'0000-00-00 00:00:00'),(142,19,NULL,NULL,NULL,'0000-00-00 00:00:00'),(405,19,NULL,NULL,NULL,'0000-00-00 00:00:00'),(406,19,NULL,NULL,NULL,'0000-00-00 00:00:00'),(407,19,NULL,NULL,NULL,'0000-00-00 00:00:00'),(409,19,NULL,NULL,NULL,'0000-00-00 00:00:00'),(173,19,NULL,NULL,NULL,'0000-00-00 00:00:00'),(174,19,NULL,NULL,NULL,'0000-00-00 00:00:00'),(175,19,NULL,NULL,NULL,'0000-00-00 00:00:00'),(177,19,NULL,NULL,NULL,'0000-00-00 00:00:00'),(178,19,NULL,NULL,NULL,'0000-00-00 00:00:00'),(179,19,NULL,NULL,NULL,'0000-00-00 00:00:00'),(180,19,NULL,NULL,NULL,'0000-00-00 00:00:00'),(182,19,NULL,NULL,NULL,'0000-00-00 00:00:00'),(258,19,NULL,NULL,NULL,'0000-00-00 00:00:00'),(259,19,NULL,NULL,NULL,'0000-00-00 00:00:00'),(260,19,NULL,NULL,NULL,'0000-00-00 00:00:00'),(262,19,NULL,NULL,NULL,'0000-00-00 00:00:00'),(263,19,NULL,NULL,NULL,'0000-00-00 00:00:00'),(264,19,NULL,NULL,NULL,'0000-00-00 00:00:00'),(265,19,NULL,NULL,NULL,'0000-00-00 00:00:00'),(267,19,NULL,NULL,NULL,'0000-00-00 00:00:00'),(303,19,NULL,NULL,NULL,'0000-00-00 00:00:00'),(304,19,NULL,NULL,NULL,'0000-00-00 00:00:00'),(305,19,NULL,NULL,NULL,'0000-00-00 00:00:00'),(307,19,NULL,NULL,NULL,'0000-00-00 00:00:00'),(308,19,NULL,NULL,NULL,'0000-00-00 00:00:00'),(309,19,NULL,NULL,NULL,'0000-00-00 00:00:00'),(310,19,NULL,NULL,NULL,'0000-00-00 00:00:00'),(312,19,NULL,NULL,NULL,'0000-00-00 00:00:00'),(464,19,NULL,NULL,NULL,'0000-00-00 00:00:00'),(484,19,NULL,NULL,NULL,'0000-00-00 00:00:00'),(511,19,NULL,NULL,NULL,'0000-00-00 00:00:00'),(518,19,NULL,NULL,NULL,'0000-00-00 00:00:00'),(520,19,NULL,NULL,NULL,'0000-00-00 00:00:00'),(533,19,NULL,NULL,NULL,'0000-00-00 00:00:00'),(548,19,NULL,NULL,NULL,'0000-00-00 00:00:00'),(551,19,NULL,NULL,NULL,'0000-00-00 00:00:00'),(368,12,NULL,NULL,NULL,'0000-00-00 00:00:00'),(369,12,NULL,NULL,NULL,'0000-00-00 00:00:00'),(370,12,NULL,NULL,NULL,'0000-00-00 00:00:00'),(568,12,NULL,NULL,NULL,'0000-00-00 00:00:00'),(569,12,NULL,NULL,NULL,'0000-00-00 00:00:00'),(22,12,NULL,NULL,NULL,'0000-00-00 00:00:00'),(173,12,NULL,NULL,NULL,'0000-00-00 00:00:00'),(174,12,NULL,NULL,NULL,'0000-00-00 00:00:00'),(175,12,NULL,NULL,NULL,'0000-00-00 00:00:00'),(177,12,NULL,NULL,NULL,'0000-00-00 00:00:00'),(178,12,NULL,NULL,NULL,'0000-00-00 00:00:00'),(179,12,NULL,NULL,NULL,'0000-00-00 00:00:00'),(180,12,NULL,NULL,NULL,'0000-00-00 00:00:00'),(182,12,NULL,NULL,NULL,'0000-00-00 00:00:00'),(183,12,NULL,NULL,NULL,'0000-00-00 00:00:00'),(184,12,NULL,NULL,NULL,'0000-00-00 00:00:00'),(185,12,NULL,NULL,NULL,'0000-00-00 00:00:00'),(186,12,NULL,NULL,NULL,'0000-00-00 00:00:00'),(187,12,NULL,NULL,NULL,'0000-00-00 00:00:00'),(193,12,NULL,NULL,NULL,'0000-00-00 00:00:00'),(194,12,NULL,NULL,NULL,'0000-00-00 00:00:00'),(195,12,NULL,NULL,NULL,'0000-00-00 00:00:00'),(196,12,NULL,NULL,NULL,'0000-00-00 00:00:00'),(197,12,NULL,NULL,NULL,'0000-00-00 00:00:00'),(452,12,NULL,NULL,NULL,'0000-00-00 00:00:00'),(453,12,NULL,NULL,NULL,'0000-00-00 00:00:00'),(454,12,NULL,NULL,NULL,'0000-00-00 00:00:00'),(455,12,NULL,NULL,NULL,'0000-00-00 00:00:00'),(456,12,NULL,NULL,NULL,'0000-00-00 00:00:00'),(348,20,NULL,NULL,NULL,'0000-00-00 00:00:00'),(500,20,NULL,NULL,NULL,'0000-00-00 00:00:00'),(501,20,NULL,NULL,NULL,'0000-00-00 00:00:00'),(546,20,NULL,NULL,NULL,'0000-00-00 00:00:00'),(558,20,NULL,NULL,NULL,'0000-00-00 00:00:00'),(559,20,NULL,NULL,NULL,'0000-00-00 00:00:00'),(560,20,NULL,NULL,NULL,'0000-00-00 00:00:00'),(561,20,NULL,NULL,NULL,'0000-00-00 00:00:00'),(567,20,NULL,NULL,NULL,'0000-00-00 00:00:00'),(589,20,NULL,NULL,NULL,'0000-00-00 00:00:00'),(590,20,NULL,NULL,NULL,'0000-00-00 00:00:00'),(22,20,NULL,NULL,NULL,'0000-00-00 00:00:00'),(490,20,NULL,NULL,NULL,'0000-00-00 00:00:00'),(491,20,NULL,NULL,NULL,'0000-00-00 00:00:00'),(492,20,NULL,NULL,NULL,'0000-00-00 00:00:00'),(494,20,NULL,NULL,NULL,'0000-00-00 00:00:00'),(545,20,NULL,NULL,NULL,'0000-00-00 00:00:00'),(348,13,NULL,NULL,NULL,'0000-00-00 00:00:00'),(350,13,NULL,NULL,NULL,'0000-00-00 00:00:00'),(367,13,NULL,NULL,NULL,'0000-00-00 00:00:00'),(372,13,NULL,NULL,NULL,'0000-00-00 00:00:00'),(373,13,NULL,NULL,NULL,'0000-00-00 00:00:00'),(374,13,NULL,NULL,NULL,'0000-00-00 00:00:00'),(448,13,NULL,NULL,NULL,'0000-00-00 00:00:00'),(500,13,NULL,NULL,NULL,'0000-00-00 00:00:00'),(501,13,NULL,NULL,NULL,'0000-00-00 00:00:00'),(559,13,NULL,NULL,NULL,'0000-00-00 00:00:00'),(560,13,NULL,NULL,NULL,'0000-00-00 00:00:00'),(572,13,NULL,NULL,NULL,'0000-00-00 00:00:00'),(573,13,NULL,NULL,NULL,'0000-00-00 00:00:00'),(589,13,NULL,NULL,NULL,'0000-00-00 00:00:00'),(590,13,NULL,NULL,NULL,'0000-00-00 00:00:00'),(591,13,NULL,NULL,NULL,'0000-00-00 00:00:00'),(22,13,NULL,NULL,NULL,'0000-00-00 00:00:00'),(148,13,NULL,NULL,NULL,'0000-00-00 00:00:00'),(149,13,NULL,NULL,NULL,'0000-00-00 00:00:00'),(150,13,NULL,NULL,NULL,'0000-00-00 00:00:00'),(152,13,NULL,NULL,NULL,'0000-00-00 00:00:00'),(158,13,NULL,NULL,NULL,'0000-00-00 00:00:00'),(159,13,NULL,NULL,NULL,'0000-00-00 00:00:00'),(160,13,NULL,NULL,NULL,'0000-00-00 00:00:00'),(162,13,NULL,NULL,NULL,'0000-00-00 00:00:00'),(278,13,NULL,NULL,NULL,'0000-00-00 00:00:00'),(279,13,NULL,NULL,NULL,'0000-00-00 00:00:00'),(280,13,NULL,NULL,NULL,'0000-00-00 00:00:00'),(282,13,NULL,NULL,NULL,'0000-00-00 00:00:00'),(283,13,NULL,NULL,NULL,'0000-00-00 00:00:00'),(284,13,NULL,NULL,NULL,'0000-00-00 00:00:00'),(285,13,NULL,NULL,NULL,'0000-00-00 00:00:00'),(287,13,NULL,NULL,NULL,'0000-00-00 00:00:00'),(298,13,NULL,NULL,NULL,'0000-00-00 00:00:00'),(299,13,NULL,NULL,NULL,'0000-00-00 00:00:00'),(300,13,NULL,NULL,NULL,'0000-00-00 00:00:00'),(302,13,NULL,NULL,NULL,'0000-00-00 00:00:00'),(323,13,NULL,NULL,NULL,'0000-00-00 00:00:00'),(324,13,NULL,NULL,NULL,'0000-00-00 00:00:00'),(325,13,NULL,NULL,NULL,'0000-00-00 00:00:00'),(327,13,NULL,NULL,NULL,'0000-00-00 00:00:00'),(440,13,NULL,NULL,NULL,'0000-00-00 00:00:00'),(441,13,NULL,NULL,NULL,'0000-00-00 00:00:00'),(442,13,NULL,NULL,NULL,'0000-00-00 00:00:00'),(444,13,NULL,NULL,NULL,'0000-00-00 00:00:00'),(490,13,NULL,NULL,NULL,'0000-00-00 00:00:00'),(491,13,NULL,NULL,NULL,'0000-00-00 00:00:00'),(492,13,NULL,NULL,NULL,'0000-00-00 00:00:00'),(494,13,NULL,NULL,NULL,'0000-00-00 00:00:00'),(495,13,NULL,NULL,NULL,'0000-00-00 00:00:00'),(496,13,NULL,NULL,NULL,'0000-00-00 00:00:00'),(497,13,NULL,NULL,NULL,'0000-00-00 00:00:00'),(499,13,NULL,NULL,NULL,'0000-00-00 00:00:00'),(203,13,NULL,NULL,NULL,'0000-00-00 00:00:00'),(204,13,NULL,NULL,NULL,'0000-00-00 00:00:00'),(205,13,NULL,NULL,NULL,'0000-00-00 00:00:00'),(207,13,NULL,NULL,NULL,'0000-00-00 00:00:00'),(208,13,NULL,NULL,NULL,'0000-00-00 00:00:00'),(209,13,NULL,NULL,NULL,'0000-00-00 00:00:00'),(210,13,NULL,NULL,NULL,'0000-00-00 00:00:00'),(212,13,NULL,NULL,NULL,'0000-00-00 00:00:00'),(213,13,NULL,NULL,NULL,'0000-00-00 00:00:00'),(214,13,NULL,NULL,NULL,'0000-00-00 00:00:00'),(215,13,NULL,NULL,NULL,'0000-00-00 00:00:00'),(217,13,NULL,NULL,NULL,'0000-00-00 00:00:00'),(545,13,NULL,NULL,NULL,'0000-00-00 00:00:00'),(346,8,NULL,NULL,NULL,'0000-00-00 00:00:00'),(347,8,NULL,NULL,NULL,'0000-00-00 00:00:00'),(348,8,NULL,NULL,NULL,'0000-00-00 00:00:00'),(349,8,NULL,NULL,NULL,'0000-00-00 00:00:00'),(350,8,NULL,NULL,NULL,'0000-00-00 00:00:00'),(367,8,NULL,NULL,NULL,'0000-00-00 00:00:00'),(433,8,NULL,NULL,NULL,'0000-00-00 00:00:00'),(445,8,NULL,NULL,NULL,'0000-00-00 00:00:00'),(446,8,NULL,NULL,NULL,'0000-00-00 00:00:00'),(447,8,NULL,NULL,NULL,'0000-00-00 00:00:00'),(500,8,NULL,NULL,NULL,'0000-00-00 00:00:00'),(501,8,NULL,NULL,NULL,'0000-00-00 00:00:00'),(502,8,NULL,NULL,NULL,'0000-00-00 00:00:00'),(503,8,NULL,NULL,NULL,'0000-00-00 00:00:00'),(516,8,NULL,NULL,NULL,'0000-00-00 00:00:00'),(546,8,NULL,NULL,NULL,'0000-00-00 00:00:00'),(552,8,NULL,NULL,NULL,'0000-00-00 00:00:00'),(554,8,NULL,NULL,NULL,'0000-00-00 00:00:00'),(555,8,NULL,NULL,NULL,'0000-00-00 00:00:00'),(556,8,NULL,NULL,NULL,'0000-00-00 00:00:00'),(557,8,NULL,NULL,NULL,'0000-00-00 00:00:00'),(559,8,NULL,NULL,NULL,'0000-00-00 00:00:00'),(560,8,NULL,NULL,NULL,'0000-00-00 00:00:00'),(561,8,NULL,NULL,NULL,'0000-00-00 00:00:00'),(567,8,NULL,NULL,NULL,'0000-00-00 00:00:00'),(590,8,NULL,NULL,NULL,'0000-00-00 00:00:00'),(591,8,NULL,NULL,NULL,'0000-00-00 00:00:00'),(594,8,NULL,NULL,NULL,'0000-00-00 00:00:00'),(597,8,NULL,NULL,NULL,'0000-00-00 00:00:00'),(22,8,NULL,NULL,NULL,'0000-00-00 00:00:00'),(143,8,NULL,NULL,NULL,'0000-00-00 00:00:00'),(144,8,NULL,NULL,NULL,'0000-00-00 00:00:00'),(145,8,NULL,NULL,NULL,'0000-00-00 00:00:00'),(147,8,NULL,NULL,NULL,'0000-00-00 00:00:00'),(153,8,NULL,NULL,NULL,'0000-00-00 00:00:00'),(154,8,NULL,NULL,NULL,'0000-00-00 00:00:00'),(155,8,NULL,NULL,NULL,'0000-00-00 00:00:00'),(157,8,NULL,NULL,NULL,'0000-00-00 00:00:00'),(253,8,NULL,NULL,NULL,'0000-00-00 00:00:00'),(254,8,NULL,NULL,NULL,'0000-00-00 00:00:00'),(255,8,NULL,NULL,NULL,'0000-00-00 00:00:00'),(257,8,NULL,NULL,NULL,'0000-00-00 00:00:00'),(273,8,NULL,NULL,NULL,'0000-00-00 00:00:00'),(274,8,NULL,NULL,NULL,'0000-00-00 00:00:00'),(275,8,NULL,NULL,NULL,'0000-00-00 00:00:00'),(277,8,NULL,NULL,NULL,'0000-00-00 00:00:00'),(293,8,NULL,NULL,NULL,'0000-00-00 00:00:00'),(294,8,NULL,NULL,NULL,'0000-00-00 00:00:00'),(295,8,NULL,NULL,NULL,'0000-00-00 00:00:00'),(297,8,NULL,NULL,NULL,'0000-00-00 00:00:00'),(318,8,NULL,NULL,NULL,'0000-00-00 00:00:00'),(319,8,NULL,NULL,NULL,'0000-00-00 00:00:00'),(320,8,NULL,NULL,NULL,'0000-00-00 00:00:00'),(322,8,NULL,NULL,NULL,'0000-00-00 00:00:00'),(411,8,NULL,NULL,NULL,'0000-00-00 00:00:00'),(412,8,NULL,NULL,NULL,'0000-00-00 00:00:00'),(413,8,NULL,NULL,NULL,'0000-00-00 00:00:00'),(415,8,NULL,NULL,NULL,'0000-00-00 00:00:00'),(416,8,NULL,NULL,NULL,'0000-00-00 00:00:00'),(417,8,NULL,NULL,NULL,'0000-00-00 00:00:00'),(418,8,NULL,NULL,NULL,'0000-00-00 00:00:00'),(420,8,NULL,NULL,NULL,'0000-00-00 00:00:00'),(421,8,NULL,NULL,NULL,'0000-00-00 00:00:00'),(422,8,NULL,NULL,NULL,'0000-00-00 00:00:00'),(423,8,NULL,NULL,NULL,'0000-00-00 00:00:00'),(425,8,NULL,NULL,NULL,'0000-00-00 00:00:00'),(428,8,NULL,NULL,NULL,'0000-00-00 00:00:00'),(429,8,NULL,NULL,NULL,'0000-00-00 00:00:00'),(430,8,NULL,NULL,NULL,'0000-00-00 00:00:00'),(432,8,NULL,NULL,NULL,'0000-00-00 00:00:00'),(435,8,NULL,NULL,NULL,'0000-00-00 00:00:00'),(436,8,NULL,NULL,NULL,'0000-00-00 00:00:00'),(437,8,NULL,NULL,NULL,'0000-00-00 00:00:00'),(439,8,NULL,NULL,NULL,'0000-00-00 00:00:00'),(148,8,NULL,NULL,NULL,'0000-00-00 00:00:00'),(149,8,NULL,NULL,NULL,'0000-00-00 00:00:00'),(150,8,NULL,NULL,NULL,'0000-00-00 00:00:00'),(152,8,NULL,NULL,NULL,'0000-00-00 00:00:00'),(158,8,NULL,NULL,NULL,'0000-00-00 00:00:00'),(159,8,NULL,NULL,NULL,'0000-00-00 00:00:00'),(160,8,NULL,NULL,NULL,'0000-00-00 00:00:00'),(162,8,NULL,NULL,NULL,'0000-00-00 00:00:00'),(278,8,NULL,NULL,NULL,'0000-00-00 00:00:00'),(279,8,NULL,NULL,NULL,'0000-00-00 00:00:00'),(280,8,NULL,NULL,NULL,'0000-00-00 00:00:00'),(282,8,NULL,NULL,NULL,'0000-00-00 00:00:00'),(283,8,NULL,NULL,NULL,'0000-00-00 00:00:00'),(284,8,NULL,NULL,NULL,'0000-00-00 00:00:00'),(285,8,NULL,NULL,NULL,'0000-00-00 00:00:00'),(287,8,NULL,NULL,NULL,'0000-00-00 00:00:00'),(298,8,NULL,NULL,NULL,'0000-00-00 00:00:00'),(299,8,NULL,NULL,NULL,'0000-00-00 00:00:00'),(302,8,NULL,NULL,NULL,'0000-00-00 00:00:00'),(323,8,NULL,NULL,NULL,'0000-00-00 00:00:00'),(324,8,NULL,NULL,NULL,'0000-00-00 00:00:00'),(325,8,NULL,NULL,NULL,'0000-00-00 00:00:00'),(327,8,NULL,NULL,NULL,'0000-00-00 00:00:00'),(440,8,NULL,NULL,NULL,'0000-00-00 00:00:00'),(441,8,NULL,NULL,NULL,'0000-00-00 00:00:00'),(442,8,NULL,NULL,NULL,'0000-00-00 00:00:00'),(444,8,NULL,NULL,NULL,'0000-00-00 00:00:00'),(490,8,NULL,NULL,NULL,'0000-00-00 00:00:00'),(491,8,NULL,NULL,NULL,'0000-00-00 00:00:00'),(492,8,NULL,NULL,NULL,'0000-00-00 00:00:00'),(494,8,NULL,NULL,NULL,'0000-00-00 00:00:00'),(495,8,NULL,NULL,NULL,'0000-00-00 00:00:00'),(496,8,NULL,NULL,NULL,'0000-00-00 00:00:00'),(497,8,NULL,NULL,NULL,'0000-00-00 00:00:00'),(499,8,NULL,NULL,NULL,'0000-00-00 00:00:00'),(464,8,NULL,NULL,NULL,'0000-00-00 00:00:00'),(522,8,NULL,NULL,NULL,'0000-00-00 00:00:00'),(523,8,NULL,NULL,NULL,'0000-00-00 00:00:00'),(524,8,NULL,NULL,NULL,'0000-00-00 00:00:00'),(526,8,NULL,NULL,NULL,'0000-00-00 00:00:00'),(354,11,NULL,NULL,NULL,'0000-00-00 00:00:00'),(355,11,NULL,NULL,NULL,'0000-00-00 00:00:00'),(366,11,NULL,NULL,NULL,'0000-00-00 00:00:00'),(564,11,NULL,NULL,NULL,'0000-00-00 00:00:00'),(565,11,NULL,NULL,NULL,'0000-00-00 00:00:00'),(566,11,NULL,NULL,NULL,'0000-00-00 00:00:00'),(198,11,NULL,NULL,NULL,'0000-00-00 00:00:00'),(199,11,NULL,NULL,NULL,'0000-00-00 00:00:00'),(200,11,NULL,NULL,NULL,'0000-00-00 00:00:00'),(202,11,NULL,NULL,NULL,'0000-00-00 00:00:00'),(356,11,NULL,NULL,NULL,'0000-00-00 00:00:00'),(357,11,NULL,NULL,NULL,'0000-00-00 00:00:00'),(358,11,NULL,NULL,NULL,'0000-00-00 00:00:00'),(360,11,NULL,NULL,NULL,'0000-00-00 00:00:00'),(361,11,NULL,NULL,NULL,'0000-00-00 00:00:00'),(362,11,NULL,NULL,NULL,'0000-00-00 00:00:00'),(363,11,NULL,NULL,NULL,'0000-00-00 00:00:00'),(365,11,NULL,NULL,NULL,'0000-00-00 00:00:00'),(395,7,NULL,NULL,NULL,'0000-00-00 00:00:00'),(482,7,NULL,NULL,NULL,'0000-00-00 00:00:00'),(485,7,NULL,NULL,NULL,'0000-00-00 00:00:00'),(488,7,NULL,NULL,NULL,'0000-00-00 00:00:00'),(552,7,NULL,NULL,NULL,'0000-00-00 00:00:00'),(574,7,NULL,NULL,NULL,'0000-00-00 00:00:00'),(578,7,NULL,NULL,NULL,'0000-00-00 00:00:00'),(579,7,NULL,NULL,NULL,'0000-00-00 00:00:00'),(580,7,NULL,NULL,NULL,'0000-00-00 00:00:00'),(597,7,NULL,NULL,NULL,'0000-00-00 00:00:00'),(22,7,NULL,NULL,NULL,'0000-00-00 00:00:00'),(303,7,NULL,NULL,NULL,'0000-00-00 00:00:00'),(304,7,NULL,NULL,NULL,'0000-00-00 00:00:00'),(305,7,NULL,NULL,NULL,'0000-00-00 00:00:00'),(307,7,NULL,NULL,NULL,'0000-00-00 00:00:00'),(308,7,NULL,NULL,NULL,'0000-00-00 00:00:00'),(309,7,NULL,NULL,NULL,'0000-00-00 00:00:00'),(310,7,NULL,NULL,NULL,'0000-00-00 00:00:00'),(311,7,NULL,NULL,NULL,'0000-00-00 00:00:00'),(312,7,NULL,NULL,NULL,'0000-00-00 00:00:00'),(349,16,NULL,NULL,NULL,'0000-00-00 00:00:00'),(514,16,NULL,NULL,NULL,'0000-00-00 00:00:00'),(515,16,NULL,NULL,NULL,'0000-00-00 00:00:00'),(516,16,NULL,NULL,NULL,'0000-00-00 00:00:00'),(549,16,NULL,NULL,NULL,'0000-00-00 00:00:00'),(552,16,NULL,NULL,NULL,'0000-00-00 00:00:00'),(555,16,NULL,NULL,NULL,'0000-00-00 00:00:00'),(593,16,NULL,NULL,NULL,'0000-00-00 00:00:00'),(594,16,NULL,NULL,NULL,'0000-00-00 00:00:00'),(596,16,NULL,NULL,NULL,'0000-00-00 00:00:00'),(597,16,NULL,NULL,NULL,'0000-00-00 00:00:00'),(22,16,NULL,NULL,NULL,'0000-00-00 00:00:00'),(26,16,NULL,NULL,NULL,'0000-00-00 00:00:00'),(32,16,NULL,NULL,NULL,'0000-00-00 00:00:00'),(39,16,NULL,NULL,NULL,'0000-00-00 00:00:00'),(45,16,NULL,NULL,NULL,'0000-00-00 00:00:00'),(51,16,NULL,NULL,NULL,'0000-00-00 00:00:00'),(57,16,NULL,NULL,NULL,'0000-00-00 00:00:00'),(72,16,NULL,NULL,NULL,'0000-00-00 00:00:00'),(118,16,NULL,NULL,NULL,'0000-00-00 00:00:00'),(119,16,NULL,NULL,NULL,'0000-00-00 00:00:00'),(120,16,NULL,NULL,NULL,'0000-00-00 00:00:00'),(121,16,NULL,NULL,NULL,'0000-00-00 00:00:00'),(122,16,NULL,NULL,NULL,'0000-00-00 00:00:00'),(123,16,NULL,NULL,NULL,'0000-00-00 00:00:00'),(124,16,NULL,NULL,NULL,'0000-00-00 00:00:00'),(125,16,NULL,NULL,NULL,'0000-00-00 00:00:00'),(126,16,NULL,NULL,NULL,'0000-00-00 00:00:00'),(127,16,NULL,NULL,NULL,'0000-00-00 00:00:00'),(128,16,NULL,NULL,NULL,'0000-00-00 00:00:00'),(129,16,NULL,NULL,NULL,'0000-00-00 00:00:00'),(130,16,NULL,NULL,NULL,'0000-00-00 00:00:00'),(131,16,NULL,NULL,NULL,'0000-00-00 00:00:00'),(132,16,NULL,NULL,NULL,'0000-00-00 00:00:00'),(133,16,NULL,NULL,NULL,'0000-00-00 00:00:00'),(134,16,NULL,NULL,NULL,'0000-00-00 00:00:00'),(135,16,NULL,NULL,NULL,'0000-00-00 00:00:00'),(136,16,NULL,NULL,NULL,'0000-00-00 00:00:00'),(137,16,NULL,NULL,NULL,'0000-00-00 00:00:00'),(163,16,NULL,NULL,NULL,'0000-00-00 00:00:00'),(164,16,NULL,NULL,NULL,'0000-00-00 00:00:00'),(165,16,NULL,NULL,NULL,'0000-00-00 00:00:00'),(166,16,NULL,NULL,NULL,'0000-00-00 00:00:00'),(167,16,NULL,NULL,NULL,'0000-00-00 00:00:00'),(168,16,NULL,NULL,NULL,'0000-00-00 00:00:00'),(169,16,NULL,NULL,NULL,'0000-00-00 00:00:00'),(170,16,NULL,NULL,NULL,'0000-00-00 00:00:00'),(171,16,NULL,NULL,NULL,'0000-00-00 00:00:00'),(172,16,NULL,NULL,NULL,'0000-00-00 00:00:00'),(333,16,NULL,NULL,NULL,'0000-00-00 00:00:00'),(334,16,NULL,NULL,NULL,'0000-00-00 00:00:00'),(335,16,NULL,NULL,NULL,'0000-00-00 00:00:00'),(336,16,NULL,NULL,NULL,'0000-00-00 00:00:00'),(337,16,NULL,NULL,NULL,'0000-00-00 00:00:00'),(463,16,NULL,NULL,NULL,'0000-00-00 00:00:00'),(464,16,NULL,NULL,NULL,'0000-00-00 00:00:00'),(469,16,NULL,NULL,NULL,'0000-00-00 00:00:00'),(470,16,NULL,NULL,NULL,'0000-00-00 00:00:00'),(483,16,NULL,NULL,NULL,'0000-00-00 00:00:00'),(484,16,NULL,NULL,NULL,'0000-00-00 00:00:00'),(486,16,NULL,NULL,NULL,'0000-00-00 00:00:00'),(487,16,NULL,NULL,NULL,'0000-00-00 00:00:00'),(510,16,NULL,NULL,NULL,'0000-00-00 00:00:00'),(511,16,NULL,NULL,NULL,'0000-00-00 00:00:00'),(512,16,NULL,NULL,NULL,'0000-00-00 00:00:00'),(513,16,NULL,NULL,NULL,'0000-00-00 00:00:00'),(517,16,NULL,NULL,NULL,'0000-00-00 00:00:00'),(518,16,NULL,NULL,NULL,'0000-00-00 00:00:00'),(519,16,NULL,NULL,NULL,'0000-00-00 00:00:00'),(520,16,NULL,NULL,NULL,'0000-00-00 00:00:00'),(532,16,NULL,NULL,NULL,'0000-00-00 00:00:00'),(533,16,NULL,NULL,NULL,'0000-00-00 00:00:00'),(535,16,NULL,NULL,NULL,'0000-00-00 00:00:00'),(536,16,NULL,NULL,NULL,'0000-00-00 00:00:00'),(547,16,NULL,NULL,NULL,'0000-00-00 00:00:00'),(548,16,NULL,NULL,NULL,'0000-00-00 00:00:00'),(550,16,NULL,NULL,NULL,'0000-00-00 00:00:00'),(551,16,NULL,NULL,NULL,'0000-00-00 00:00:00'),(395,6,NULL,NULL,NULL,'0000-00-00 00:00:00'),(396,6,NULL,NULL,NULL,'0000-00-00 00:00:00'),(397,6,NULL,NULL,NULL,'0000-00-00 00:00:00'),(398,6,NULL,NULL,NULL,'0000-00-00 00:00:00'),(552,6,NULL,NULL,NULL,'0000-00-00 00:00:00'),(574,6,NULL,NULL,NULL,'0000-00-00 00:00:00'),(575,6,NULL,NULL,NULL,'0000-00-00 00:00:00'),(576,6,NULL,NULL,NULL,'0000-00-00 00:00:00'),(577,6,NULL,NULL,NULL,'0000-00-00 00:00:00'),(597,6,NULL,NULL,NULL,'0000-00-00 00:00:00'),(22,6,NULL,NULL,NULL,'0000-00-00 00:00:00'),(258,6,NULL,NULL,NULL,'0000-00-00 00:00:00'),(259,6,NULL,NULL,NULL,'0000-00-00 00:00:00'),(260,6,NULL,NULL,NULL,'0000-00-00 00:00:00'),(262,6,NULL,NULL,NULL,'0000-00-00 00:00:00'),(263,6,NULL,NULL,NULL,'0000-00-00 00:00:00'),(264,6,NULL,NULL,NULL,'0000-00-00 00:00:00'),(265,6,NULL,NULL,NULL,'0000-00-00 00:00:00'),(266,6,NULL,NULL,NULL,'0000-00-00 00:00:00'),(267,6,NULL,NULL,NULL,'0000-00-00 00:00:00'),(484,6,NULL,NULL,NULL,'0000-00-00 00:00:00'),(487,6,NULL,NULL,NULL,'0000-00-00 00:00:00'),(395,21,NULL,NULL,NULL,'0000-00-00 00:00:00'),(398,21,NULL,NULL,NULL,'0000-00-00 00:00:00'),(482,21,NULL,NULL,NULL,'0000-00-00 00:00:00'),(489,21,NULL,NULL,NULL,'0000-00-00 00:00:00'),(22,21,NULL,NULL,NULL,'0000-00-00 00:00:00'),(260,21,NULL,NULL,NULL,'0000-00-00 00:00:00'),(262,21,NULL,NULL,NULL,'0000-00-00 00:00:00'),(265,21,NULL,NULL,NULL,'0000-00-00 00:00:00'),(267,21,NULL,NULL,NULL,'0000-00-00 00:00:00'),(270,21,NULL,NULL,NULL,'0000-00-00 00:00:00'),(272,21,NULL,NULL,NULL,'0000-00-00 00:00:00'),(305,21,NULL,NULL,NULL,'0000-00-00 00:00:00'),(307,21,NULL,NULL,NULL,'0000-00-00 00:00:00'),(310,21,NULL,NULL,NULL,'0000-00-00 00:00:00'),(312,21,NULL,NULL,NULL,'0000-00-00 00:00:00'),(315,21,NULL,NULL,NULL,'0000-00-00 00:00:00'),(317,21,NULL,NULL,NULL,'0000-00-00 00:00:00'),(625,1,NULL,NULL,NULL,'0000-00-00 00:00:00'),(626,1,NULL,NULL,NULL,'0000-00-00 00:00:00'),(627,1,NULL,NULL,NULL,'0000-00-00 00:00:00'),(628,1,NULL,NULL,NULL,'0000-00-00 00:00:00'),(629,1,NULL,NULL,NULL,'0000-00-00 00:00:00'),(630,1,NULL,NULL,NULL,'0000-00-00 00:00:00'),(641,1,NULL,NULL,NULL,'0000-00-00 00:00:00'),(642,1,NULL,NULL,NULL,'0000-00-00 00:00:00'),(653,1,NULL,NULL,NULL,'0000-00-00 00:00:00'),(699,1,NULL,NULL,NULL,'0000-00-00 00:00:00'),(700,1,NULL,NULL,NULL,'0000-00-00 00:00:00'),(701,1,NULL,NULL,NULL,'0000-00-00 00:00:00'),(702,1,NULL,NULL,NULL,'0000-00-00 00:00:00'),(15,1,NULL,NULL,NULL,'0000-00-00 00:00:00'),(16,1,NULL,NULL,NULL,'0000-00-00 00:00:00'),(17,1,NULL,NULL,NULL,'0000-00-00 00:00:00'),(18,1,NULL,NULL,NULL,'0000-00-00 00:00:00'),(19,1,NULL,NULL,NULL,'0000-00-00 00:00:00'),(20,1,NULL,NULL,NULL,'0000-00-00 00:00:00'),(21,1,NULL,NULL,NULL,'0000-00-00 00:00:00'),(22,1,NULL,NULL,NULL,'0000-00-00 00:00:00'),(23,1,NULL,NULL,NULL,'0000-00-00 00:00:00'),(24,1,NULL,NULL,NULL,'0000-00-00 00:00:00'),(77,1,NULL,NULL,NULL,'0000-00-00 00:00:00'),(78,1,NULL,NULL,NULL,'0000-00-00 00:00:00'),(631,1,NULL,NULL,NULL,'0000-00-00 00:00:00'),(632,1,NULL,NULL,NULL,'0000-00-00 00:00:00'),(633,1,NULL,NULL,NULL,'0000-00-00 00:00:00'),(634,1,NULL,NULL,NULL,'0000-00-00 00:00:00'),(635,1,NULL,NULL,NULL,'0000-00-00 00:00:00'),(654,1,NULL,NULL,NULL,'0000-00-00 00:00:00'),(655,1,NULL,NULL,NULL,'0000-00-00 00:00:00'),(656,1,NULL,NULL,NULL,'0000-00-00 00:00:00'),(657,1,NULL,NULL,NULL,'0000-00-00 00:00:00'),(658,1,NULL,NULL,NULL,'0000-00-00 00:00:00'),(679,1,NULL,NULL,NULL,'0000-00-00 00:00:00'),(680,1,NULL,NULL,NULL,'0000-00-00 00:00:00'),(681,1,NULL,NULL,NULL,'0000-00-00 00:00:00'),(682,1,NULL,NULL,NULL,'0000-00-00 00:00:00'),(683,1,NULL,NULL,NULL,'0000-00-00 00:00:00'),(684,1,NULL,NULL,NULL,'0000-00-00 00:00:00'),(685,1,NULL,NULL,NULL,'0000-00-00 00:00:00'),(686,1,NULL,NULL,NULL,'0000-00-00 00:00:00'),(687,1,NULL,NULL,NULL,'0000-00-00 00:00:00'),(688,1,NULL,NULL,NULL,'0000-00-00 00:00:00'),(689,1,NULL,NULL,NULL,'0000-00-00 00:00:00'),(690,1,NULL,NULL,NULL,'0000-00-00 00:00:00'),(691,1,NULL,NULL,NULL,'0000-00-00 00:00:00'),(692,1,NULL,NULL,NULL,'0000-00-00 00:00:00'),(693,1,NULL,NULL,NULL,'0000-00-00 00:00:00'),(694,1,NULL,NULL,NULL,'0000-00-00 00:00:00'),(695,1,NULL,NULL,NULL,'0000-00-00 00:00:00'),(696,1,NULL,NULL,NULL,'0000-00-00 00:00:00'),(697,1,NULL,NULL,NULL,'0000-00-00 00:00:00'),(698,1,NULL,NULL,NULL,'0000-00-00 00:00:00'),(705,1,NULL,NULL,NULL,'0000-00-00 00:00:00'),(706,1,NULL,NULL,NULL,'0000-00-00 00:00:00'),(707,1,NULL,NULL,NULL,'0000-00-00 00:00:00'),(708,1,NULL,NULL,NULL,'0000-00-00 00:00:00'),(709,1,NULL,NULL,NULL,'0000-00-00 00:00:00'),(710,1,NULL,NULL,NULL,'0000-00-00 00:00:00'),(711,1,NULL,NULL,NULL,'0000-00-00 00:00:00'),(712,1,NULL,NULL,NULL,'0000-00-00 00:00:00'),(713,1,NULL,NULL,NULL,'0000-00-00 00:00:00'),(714,1,NULL,NULL,NULL,'0000-00-00 00:00:00'),(723,1,NULL,NULL,NULL,'0000-00-00 00:00:00'),(724,1,NULL,NULL,NULL,'0000-00-00 00:00:00'),(725,1,NULL,NULL,NULL,'0000-00-00 00:00:00'),(726,1,NULL,NULL,NULL,'0000-00-00 00:00:00'),(727,1,NULL,NULL,NULL,'0000-00-00 00:00:00'),(728,1,NULL,NULL,NULL,'0000-00-00 00:00:00'),(729,1,NULL,NULL,NULL,'0000-00-00 00:00:00'),(730,1,NULL,NULL,NULL,'0000-00-00 00:00:00'),(731,1,NULL,NULL,NULL,'0000-00-00 00:00:00'),(732,1,NULL,NULL,NULL,'0000-00-00 00:00:00'),(733,1,NULL,NULL,NULL,'0000-00-00 00:00:00'),(734,1,NULL,NULL,NULL,'0000-00-00 00:00:00'),(735,1,NULL,NULL,NULL,'0000-00-00 00:00:00'),(736,1,NULL,NULL,NULL,'0000-00-00 00:00:00'),(737,1,NULL,NULL,NULL,'0000-00-00 00:00:00'),(636,1,NULL,NULL,NULL,'0000-00-00 00:00:00'),(637,1,NULL,NULL,NULL,'0000-00-00 00:00:00'),(638,1,NULL,NULL,NULL,'0000-00-00 00:00:00'),(639,1,NULL,NULL,NULL,'0000-00-00 00:00:00'),(640,1,NULL,NULL,NULL,'0000-00-00 00:00:00'),(674,1,NULL,NULL,NULL,'0000-00-00 00:00:00'),(675,1,NULL,NULL,NULL,'0000-00-00 00:00:00'),(676,1,NULL,NULL,NULL,'0000-00-00 00:00:00'),(677,1,NULL,NULL,NULL,'0000-00-00 00:00:00'),(678,1,NULL,NULL,NULL,'0000-00-00 00:00:00'),(648,1,NULL,NULL,NULL,'0000-00-00 00:00:00'),(649,1,NULL,NULL,NULL,'0000-00-00 00:00:00'),(650,1,NULL,NULL,NULL,'0000-00-00 00:00:00'),(651,1,NULL,NULL,NULL,'0000-00-00 00:00:00'),(652,1,NULL,NULL,NULL,'0000-00-00 00:00:00'),(703,1,NULL,NULL,NULL,'0000-00-00 00:00:00'),(704,1,NULL,NULL,NULL,'0000-00-00 00:00:00'),(715,1,NULL,NULL,NULL,'0000-00-00 00:00:00'),(716,1,NULL,NULL,NULL,'0000-00-00 00:00:00'),(659,1,NULL,NULL,NULL,'0000-00-00 00:00:00'),(660,1,NULL,NULL,NULL,'0000-00-00 00:00:00'),(661,1,NULL,NULL,NULL,'0000-00-00 00:00:00'),(662,1,NULL,NULL,NULL,'0000-00-00 00:00:00'),(663,1,NULL,NULL,NULL,'0000-00-00 00:00:00'),(717,1,NULL,NULL,NULL,'0000-00-00 00:00:00'),(718,1,NULL,NULL,NULL,'0000-00-00 00:00:00'),(719,1,NULL,NULL,NULL,'0000-00-00 00:00:00'),(720,1,NULL,NULL,NULL,'0000-00-00 00:00:00'),(721,1,NULL,NULL,NULL,'0000-00-00 00:00:00'),(722,1,NULL,NULL,NULL,'0000-00-00 00:00:00'),(664,1,NULL,NULL,NULL,'0000-00-00 00:00:00'),(665,1,NULL,NULL,NULL,'0000-00-00 00:00:00'),(666,1,NULL,NULL,NULL,'0000-00-00 00:00:00'),(667,1,NULL,NULL,NULL,'0000-00-00 00:00:00'),(668,1,NULL,NULL,NULL,'0000-00-00 00:00:00'),(669,1,NULL,NULL,NULL,'0000-00-00 00:00:00'),(670,1,NULL,NULL,NULL,'0000-00-00 00:00:00'),(671,1,NULL,NULL,NULL,'0000-00-00 00:00:00'),(672,1,NULL,NULL,NULL,'0000-00-00 00:00:00'),(673,1,NULL,NULL,NULL,'0000-00-00 00:00:00'),(738,1,NULL,NULL,NULL,'0000-00-00 00:00:00'),(739,1,NULL,NULL,NULL,'0000-00-00 00:00:00'),(740,1,NULL,NULL,NULL,'0000-00-00 00:00:00'),(741,1,NULL,NULL,NULL,'0000-00-00 00:00:00'),(742,1,NULL,NULL,NULL,'0000-00-00 00:00:00'),(743,1,NULL,NULL,NULL,'0000-00-00 00:00:00'),(1,22,NULL,NULL,NULL,'0000-00-00 00:00:00'),(7,22,NULL,NULL,NULL,'0000-00-00 00:00:00'),(8,22,NULL,NULL,NULL,'0000-00-00 00:00:00'),(9,22,NULL,NULL,NULL,'0000-00-00 00:00:00'),(12,22,NULL,NULL,NULL,'0000-00-00 00:00:00'),(14,22,NULL,NULL,NULL,'0000-00-00 00:00:00'),(65,22,NULL,NULL,NULL,'0000-00-00 00:00:00'),(66,22,NULL,NULL,NULL,'0000-00-00 00:00:00'),(67,22,NULL,NULL,NULL,'0000-00-00 00:00:00'),(68,22,NULL,NULL,NULL,'0000-00-00 00:00:00'),(69,22,NULL,NULL,NULL,'0000-00-00 00:00:00'),(70,22,NULL,NULL,NULL,'0000-00-00 00:00:00'),(641,22,NULL,NULL,NULL,'0000-00-00 00:00:00'),(642,22,NULL,NULL,NULL,'0000-00-00 00:00:00'),(653,22,NULL,NULL,NULL,'0000-00-00 00:00:00'),(699,22,NULL,NULL,NULL,'0000-00-00 00:00:00'),(700,22,NULL,NULL,NULL,'0000-00-00 00:00:00'),(701,22,NULL,NULL,NULL,'0000-00-00 00:00:00'),(702,22,NULL,NULL,NULL,'0000-00-00 00:00:00'),(743,22,NULL,NULL,NULL,'0000-00-00 00:00:00'),(15,22,NULL,NULL,NULL,'0000-00-00 00:00:00'),(16,22,NULL,NULL,NULL,'0000-00-00 00:00:00'),(17,22,NULL,NULL,NULL,'0000-00-00 00:00:00'),(18,22,NULL,NULL,NULL,'0000-00-00 00:00:00'),(19,22,NULL,NULL,NULL,'0000-00-00 00:00:00'),(20,22,NULL,NULL,NULL,'0000-00-00 00:00:00'),(21,22,NULL,NULL,NULL,'0000-00-00 00:00:00'),(22,22,NULL,NULL,NULL,'0000-00-00 00:00:00'),(23,22,NULL,NULL,NULL,'0000-00-00 00:00:00'),(24,22,NULL,NULL,NULL,'0000-00-00 00:00:00'),(50,22,NULL,NULL,NULL,'0000-00-00 00:00:00'),(51,22,NULL,NULL,NULL,'0000-00-00 00:00:00'),(52,22,NULL,NULL,NULL,'0000-00-00 00:00:00'),(53,22,NULL,NULL,NULL,'0000-00-00 00:00:00'),(54,22,NULL,NULL,NULL,'0000-00-00 00:00:00'),(55,22,NULL,NULL,NULL,'0000-00-00 00:00:00'),(77,22,NULL,NULL,NULL,'0000-00-00 00:00:00'),(78,22,NULL,NULL,NULL,'0000-00-00 00:00:00'),(79,22,NULL,NULL,NULL,'0000-00-00 00:00:00'),(631,22,NULL,NULL,NULL,'0000-00-00 00:00:00'),(632,22,NULL,NULL,NULL,'0000-00-00 00:00:00'),(633,22,NULL,NULL,NULL,'0000-00-00 00:00:00'),(634,22,NULL,NULL,NULL,'0000-00-00 00:00:00'),(635,22,NULL,NULL,NULL,'0000-00-00 00:00:00'),(654,22,NULL,NULL,NULL,'0000-00-00 00:00:00'),(655,22,NULL,NULL,NULL,'0000-00-00 00:00:00'),(656,22,NULL,NULL,NULL,'0000-00-00 00:00:00'),(657,22,NULL,NULL,NULL,'0000-00-00 00:00:00'),(658,22,NULL,NULL,NULL,'0000-00-00 00:00:00'),(679,22,NULL,NULL,NULL,'0000-00-00 00:00:00'),(680,22,NULL,NULL,NULL,'0000-00-00 00:00:00'),(681,22,NULL,NULL,NULL,'0000-00-00 00:00:00'),(682,22,NULL,NULL,NULL,'0000-00-00 00:00:00'),(683,22,NULL,NULL,NULL,'0000-00-00 00:00:00'),(684,22,NULL,NULL,NULL,'0000-00-00 00:00:00'),(685,22,NULL,NULL,NULL,'0000-00-00 00:00:00'),(686,22,NULL,NULL,NULL,'0000-00-00 00:00:00'),(687,22,NULL,NULL,NULL,'0000-00-00 00:00:00'),(688,22,NULL,NULL,NULL,'0000-00-00 00:00:00'),(689,22,NULL,NULL,NULL,'0000-00-00 00:00:00'),(690,22,NULL,NULL,NULL,'0000-00-00 00:00:00'),(691,22,NULL,NULL,NULL,'0000-00-00 00:00:00'),(692,22,NULL,NULL,NULL,'0000-00-00 00:00:00'),(693,22,NULL,NULL,NULL,'0000-00-00 00:00:00'),(694,22,NULL,NULL,NULL,'0000-00-00 00:00:00'),(695,22,NULL,NULL,NULL,'0000-00-00 00:00:00'),(696,22,NULL,NULL,NULL,'0000-00-00 00:00:00'),(697,22,NULL,NULL,NULL,'0000-00-00 00:00:00'),(698,22,NULL,NULL,NULL,'0000-00-00 00:00:00'),(705,22,NULL,NULL,NULL,'0000-00-00 00:00:00'),(706,22,NULL,NULL,NULL,'0000-00-00 00:00:00'),(707,22,NULL,NULL,NULL,'0000-00-00 00:00:00'),(708,22,NULL,NULL,NULL,'0000-00-00 00:00:00'),(709,22,NULL,NULL,NULL,'0000-00-00 00:00:00'),(710,22,NULL,NULL,NULL,'0000-00-00 00:00:00'),(711,22,NULL,NULL,NULL,'0000-00-00 00:00:00'),(712,22,NULL,NULL,NULL,'0000-00-00 00:00:00'),(713,22,NULL,NULL,NULL,'0000-00-00 00:00:00'),(714,22,NULL,NULL,NULL,'0000-00-00 00:00:00'),(723,22,NULL,NULL,NULL,'0000-00-00 00:00:00'),(724,22,NULL,NULL,NULL,'0000-00-00 00:00:00'),(725,22,NULL,NULL,NULL,'0000-00-00 00:00:00'),(726,22,NULL,NULL,NULL,'0000-00-00 00:00:00'),(727,22,NULL,NULL,NULL,'0000-00-00 00:00:00'),(728,22,NULL,NULL,NULL,'0000-00-00 00:00:00'),(729,22,NULL,NULL,NULL,'0000-00-00 00:00:00'),(730,22,NULL,NULL,NULL,'0000-00-00 00:00:00'),(731,22,NULL,NULL,NULL,'0000-00-00 00:00:00'),(732,22,NULL,NULL,NULL,'0000-00-00 00:00:00'),(733,22,NULL,NULL,NULL,'0000-00-00 00:00:00'),(734,22,NULL,NULL,NULL,'0000-00-00 00:00:00'),(735,22,NULL,NULL,NULL,'0000-00-00 00:00:00'),(736,22,NULL,NULL,NULL,'0000-00-00 00:00:00'),(737,22,NULL,NULL,NULL,'0000-00-00 00:00:00'),(744,22,NULL,NULL,NULL,'0000-00-00 00:00:00'),(745,22,NULL,NULL,NULL,'0000-00-00 00:00:00'),(746,22,NULL,NULL,NULL,'0000-00-00 00:00:00'),(747,22,NULL,NULL,NULL,'0000-00-00 00:00:00'),(748,22,NULL,NULL,NULL,'0000-00-00 00:00:00'),(636,22,NULL,NULL,NULL,'0000-00-00 00:00:00'),(637,22,NULL,NULL,NULL,'0000-00-00 00:00:00'),(638,22,NULL,NULL,NULL,'0000-00-00 00:00:00'),(639,22,NULL,NULL,NULL,'0000-00-00 00:00:00'),(640,22,NULL,NULL,NULL,'0000-00-00 00:00:00'),(674,22,NULL,NULL,NULL,'0000-00-00 00:00:00'),(675,22,NULL,NULL,NULL,'0000-00-00 00:00:00'),(676,22,NULL,NULL,NULL,'0000-00-00 00:00:00'),(677,22,NULL,NULL,NULL,'0000-00-00 00:00:00'),(678,22,NULL,NULL,NULL,'0000-00-00 00:00:00'),(648,22,NULL,NULL,NULL,'0000-00-00 00:00:00'),(649,22,NULL,NULL,NULL,'0000-00-00 00:00:00'),(650,22,NULL,NULL,NULL,'0000-00-00 00:00:00'),(651,22,NULL,NULL,NULL,'0000-00-00 00:00:00'),(652,22,NULL,NULL,NULL,'0000-00-00 00:00:00'),(703,22,NULL,NULL,NULL,'0000-00-00 00:00:00'),(704,22,NULL,NULL,NULL,'0000-00-00 00:00:00'),(715,22,NULL,NULL,NULL,'0000-00-00 00:00:00'),(716,22,NULL,NULL,NULL,'0000-00-00 00:00:00'),(659,22,NULL,NULL,NULL,'0000-00-00 00:00:00'),(660,22,NULL,NULL,NULL,'0000-00-00 00:00:00'),(661,22,NULL,NULL,NULL,'0000-00-00 00:00:00'),(662,22,NULL,NULL,NULL,'0000-00-00 00:00:00'),(663,22,NULL,NULL,NULL,'0000-00-00 00:00:00'),(717,22,NULL,NULL,NULL,'0000-00-00 00:00:00'),(718,22,NULL,NULL,NULL,'0000-00-00 00:00:00'),(719,22,NULL,NULL,NULL,'0000-00-00 00:00:00'),(720,22,NULL,NULL,NULL,'0000-00-00 00:00:00'),(721,22,NULL,NULL,NULL,'0000-00-00 00:00:00'),(722,22,NULL,NULL,NULL,'0000-00-00 00:00:00'),(664,22,NULL,NULL,NULL,'0000-00-00 00:00:00'),(665,22,NULL,NULL,NULL,'0000-00-00 00:00:00'),(666,22,NULL,NULL,NULL,'0000-00-00 00:00:00'),(667,22,NULL,NULL,NULL,'0000-00-00 00:00:00'),(668,22,NULL,NULL,NULL,'0000-00-00 00:00:00'),(669,22,NULL,NULL,NULL,'0000-00-00 00:00:00'),(670,22,NULL,NULL,NULL,'0000-00-00 00:00:00'),(671,22,NULL,NULL,NULL,'0000-00-00 00:00:00'),(672,22,NULL,NULL,NULL,'0000-00-00 00:00:00'),(673,22,NULL,NULL,NULL,'0000-00-00 00:00:00'),(738,22,NULL,NULL,NULL,'0000-00-00 00:00:00'),(739,22,NULL,NULL,NULL,'0000-00-00 00:00:00'),(740,22,NULL,NULL,NULL,'0000-00-00 00:00:00'),(741,22,NULL,NULL,NULL,'0000-00-00 00:00:00'),(742,22,NULL,NULL,NULL,'0000-00-00 00:00:00');
/*!40000 ALTER TABLE `aauth_perm_to_group` ENABLE KEYS */;
UNLOCK TABLES;

--
-- Table structure for table `aauth_perm_to_user`
--

DROP TABLE IF EXISTS `aauth_perm_to_user`;
/*!40101 SET @saved_cs_client     = @@character_set_client */;
/*!40101 SET character_set_client = utf8 */;
CREATE TABLE `aauth_perm_to_user` (
  `perm_id` int(10) unsigned NOT NULL,
  `user_id` int(10) unsigned NOT NULL,
  `created_by` int(11) DEFAULT NULL,
  `updated_by` int(11) DEFAULT NULL,
  `updated_at` timestamp NULL DEFAULT NULL,
  `created_at` timestamp NOT NULL DEFAULT '0000-00-00 00:00:00',
  PRIMARY KEY (`user_id`,`perm_id`),
  KEY `aauth_perm_to_user_created_by_index` (`created_by`),
  KEY `aauth_perm_to_user_updated_by_index` (`updated_by`)
) ENGINE=InnoDB DEFAULT CHARSET=utf8;
/*!40101 SET character_set_client = @saved_cs_client */;

--
-- Dumping data for table `aauth_perm_to_user`
--

LOCK TABLES `aauth_perm_to_user` WRITE;
/*!40000 ALTER TABLE `aauth_perm_to_user` DISABLE KEYS */;
/*!40000 ALTER TABLE `aauth_perm_to_user` ENABLE KEYS */;
UNLOCK TABLES;

--
-- Table structure for table `aauth_perms`
--

DROP TABLE IF EXISTS `aauth_perms`;
/*!40101 SET @saved_cs_client     = @@character_set_client */;
/*!40101 SET character_set_client = utf8 */;
CREATE TABLE `aauth_perms` (
  `id` int(10) unsigned NOT NULL AUTO_INCREMENT,
  `name` varchar(100) DEFAULT NULL,
  `definition` text,
  `created_by` int(11) DEFAULT NULL,
  `updated_by` int(11) DEFAULT NULL,
  `updated_at` timestamp NULL DEFAULT NULL,
  `created_at` timestamp NOT NULL DEFAULT '0000-00-00 00:00:00',
  PRIMARY KEY (`id`),
  KEY `aauth_perms_created_by_index` (`created_by`),
  KEY `aauth_perms_updated_by_index` (`updated_by`)
) ENGINE=InnoDB AUTO_INCREMENT=749 DEFAULT CHARSET=utf8;
/*!40101 SET character_set_client = @saved_cs_client */;

--
-- Dumping data for table `aauth_perms`
--

LOCK TABLES `aauth_perms` WRITE;
/*!40000 ALTER TABLE `aauth_perms` DISABLE KEYS */;
INSERT INTO `aauth_perms` VALUES (1,'menu_dashboard',NULL,NULL,NULL,NULL,'0000-00-00 00:00:00'),(2,'menu_crud_builder',NULL,NULL,NULL,NULL,'0000-00-00 00:00:00'),(3,'menu_api_builder',NULL,NULL,NULL,NULL,'0000-00-00 00:00:00'),(4,'menu_page_builder',NULL,NULL,NULL,NULL,'0000-00-00 00:00:00'),(5,'menu_form_builder',NULL,NULL,NULL,NULL,'0000-00-00 00:00:00'),(6,'menu_menu',NULL,NULL,NULL,NULL,'0000-00-00 00:00:00'),(7,'menu_auth',NULL,NULL,NULL,NULL,'0000-00-00 00:00:00'),(8,'menu_user',NULL,NULL,NULL,NULL,'0000-00-00 00:00:00'),(9,'menu_group',NULL,NULL,NULL,NULL,'0000-00-00 00:00:00'),(10,'menu_access',NULL,NULL,NULL,NULL,'0000-00-00 00:00:00'),(11,'menu_permission',NULL,NULL,NULL,NULL,'0000-00-00 00:00:00'),(12,'menu_api_documentation',NULL,NULL,NULL,NULL,'0000-00-00 00:00:00'),(13,'menu_web_documentation',NULL,NULL,NULL,NULL,'0000-00-00 00:00:00'),(14,'menu_settings',NULL,NULL,NULL,NULL,'0000-00-00 00:00:00'),(15,'user_list',NULL,NULL,NULL,NULL,'0000-00-00 00:00:00'),(16,'user_update_status',NULL,NULL,NULL,NULL,'0000-00-00 00:00:00'),(17,'user_export',NULL,NULL,NULL,NULL,'0000-00-00 00:00:00'),(18,'user_add',NULL,NULL,NULL,NULL,'0000-00-00 00:00:00'),(19,'user_update',NULL,NULL,NULL,NULL,'0000-00-00 00:00:00'),(20,'user_update_profile',NULL,NULL,NULL,NULL,'0000-00-00 00:00:00'),(21,'user_update_password',NULL,NULL,NULL,NULL,'0000-00-00 00:00:00'),(22,'user_profile',NULL,NULL,NULL,NULL,'0000-00-00 00:00:00'),(23,'user_view',NULL,NULL,NULL,NULL,'0000-00-00 00:00:00'),(24,'user_delete',NULL,NULL,NULL,NULL,'0000-00-00 00:00:00'),(25,'blog_list',NULL,NULL,NULL,NULL,'0000-00-00 00:00:00'),(26,'blog_export',NULL,NULL,NULL,NULL,'0000-00-00 00:00:00'),(27,'blog_add',NULL,NULL,NULL,NULL,'0000-00-00 00:00:00'),(28,'blog_update',NULL,NULL,NULL,NULL,'0000-00-00 00:00:00'),(29,'blog_view',NULL,NULL,NULL,NULL,'0000-00-00 00:00:00'),(30,'blog_delete',NULL,NULL,NULL,NULL,'0000-00-00 00:00:00'),(31,'form_list',NULL,NULL,NULL,NULL,'0000-00-00 00:00:00'),(32,'form_export',NULL,NULL,NULL,NULL,'0000-00-00 00:00:00'),(33,'form_add',NULL,NULL,NULL,NULL,'0000-00-00 00:00:00'),(34,'form_update',NULL,NULL,NULL,NULL,'0000-00-00 00:00:00'),(35,'form_view',NULL,NULL,NULL,NULL,'0000-00-00 00:00:00'),(36,'form_manage',NULL,NULL,NULL,NULL,'0000-00-00 00:00:00'),(37,'form_delete',NULL,NULL,NULL,NULL,'0000-00-00 00:00:00'),(38,'crud_list',NULL,NULL,NULL,NULL,'0000-00-00 00:00:00'),(39,'crud_export',NULL,NULL,NULL,NULL,'0000-00-00 00:00:00'),(40,'crud_add',NULL,NULL,NULL,NULL,'0000-00-00 00:00:00'),(41,'crud_update',NULL,NULL,NULL,NULL,'0000-00-00 00:00:00'),(42,'crud_view',NULL,NULL,NULL,NULL,'0000-00-00 00:00:00'),(43,'crud_delete',NULL,NULL,NULL,NULL,'0000-00-00 00:00:00'),(44,'rest_list',NULL,NULL,NULL,NULL,'0000-00-00 00:00:00'),(45,'rest_export',NULL,NULL,NULL,NULL,'0000-00-00 00:00:00'),(46,'rest_add',NULL,NULL,NULL,NULL,'0000-00-00 00:00:00'),(47,'rest_update',NULL,NULL,NULL,NULL,'0000-00-00 00:00:00'),(48,'rest_view',NULL,NULL,NULL,NULL,'0000-00-00 00:00:00'),(49,'rest_delete',NULL,NULL,NULL,NULL,'0000-00-00 00:00:00'),(50,'group_list',NULL,NULL,NULL,NULL,'0000-00-00 00:00:00'),(51,'group_export',NULL,NULL,NULL,NULL,'0000-00-00 00:00:00'),(52,'group_add',NULL,NULL,NULL,NULL,'0000-00-00 00:00:00'),(53,'group_update',NULL,NULL,NULL,NULL,'0000-00-00 00:00:00'),(54,'group_view',NULL,NULL,NULL,NULL,'0000-00-00 00:00:00'),(55,'group_delete',NULL,NULL,NULL,NULL,'0000-00-00 00:00:00'),(56,'permission_list',NULL,NULL,NULL,NULL,'0000-00-00 00:00:00'),(57,'permission_export',NULL,NULL,NULL,NULL,'0000-00-00 00:00:00'),(58,'permission_add',NULL,NULL,NULL,NULL,'0000-00-00 00:00:00'),(59,'permission_update',NULL,NULL,NULL,NULL,'0000-00-00 00:00:00'),(60,'permission_view',NULL,NULL,NULL,NULL,'0000-00-00 00:00:00'),(61,'permission_delete',NULL,NULL,NULL,NULL,'0000-00-00 00:00:00'),(62,'access_list',NULL,NULL,NULL,NULL,'0000-00-00 00:00:00'),(63,'access_add',NULL,NULL,NULL,NULL,'0000-00-00 00:00:00'),(64,'access_update',NULL,NULL,NULL,NULL,'0000-00-00 00:00:00'),(65,'menu_list',NULL,NULL,NULL,NULL,'0000-00-00 00:00:00'),(66,'menu_add',NULL,NULL,NULL,NULL,'0000-00-00 00:00:00'),(67,'menu_update',NULL,NULL,NULL,NULL,'0000-00-00 00:00:00'),(68,'menu_delete',NULL,NULL,NULL,NULL,'0000-00-00 00:00:00'),(69,'menu_save_ordering',NULL,NULL,NULL,NULL,'0000-00-00 00:00:00'),(70,'menu_type_add',NULL,NULL,NULL,NULL,'0000-00-00 00:00:00'),(71,'page_list',NULL,NULL,NULL,NULL,'0000-00-00 00:00:00'),(72,'page_export',NULL,NULL,NULL,NULL,'0000-00-00 00:00:00'),(73,'page_add',NULL,NULL,NULL,NULL,'0000-00-00 00:00:00'),(74,'page_update',NULL,NULL,NULL,NULL,'0000-00-00 00:00:00'),(75,'page_view',NULL,NULL,NULL,NULL,'0000-00-00 00:00:00'),(76,'page_delete',NULL,NULL,NULL,NULL,'0000-00-00 00:00:00'),(77,'setting',NULL,NULL,NULL,NULL,'0000-00-00 00:00:00'),(78,'setting_update',NULL,NULL,NULL,NULL,'0000-00-00 00:00:00'),(79,'dashboard',NULL,NULL,NULL,NULL,'0000-00-00 00:00:00'),(80,'extension_list',NULL,NULL,NULL,NULL,'0000-00-00 00:00:00'),(81,'extension_activate',NULL,NULL,NULL,NULL,'0000-00-00 00:00:00'),(82,'extension_deactivate',NULL,NULL,NULL,NULL,'0000-00-00 00:00:00'),(625,'menu_auto_generators','',NULL,NULL,NULL,'0000-00-00 00:00:00'),(626,'menu_crud','',NULL,NULL,NULL,'0000-00-00 00:00:00'),(627,'menu_rest','',NULL,NULL,NULL,'0000-00-00 00:00:00'),(628,'menu_page','',NULL,NULL,NULL,'0000-00-00 00:00:00'),(629,'menu_form','',NULL,NULL,NULL,'0000-00-00 00:00:00'),(630,'menu_report_generator','',NULL,NULL,NULL,'0000-00-00 00:00:00'),(631,'api_equipment_category_all','',NULL,NULL,NULL,'0000-00-00 00:00:00'),(632,'api_equipment_category_detail','',NULL,NULL,NULL,'0000-00-00 00:00:00'),(633,'api_equipment_category_add','',NULL,NULL,NULL,'0000-00-00 00:00:00'),(634,'api_equipment_category_update','',NULL,NULL,NULL,'0000-00-00 00:00:00'),(635,'api_equipment_category_delete','',NULL,NULL,NULL,'0000-00-00 00:00:00'),(636,'equipment_category_add','',NULL,NULL,NULL,'0000-00-00 00:00:00'),(637,'equipment_category_update','',NULL,NULL,NULL,'0000-00-00 00:00:00'),(638,'equipment_category_view','',NULL,NULL,NULL,'0000-00-00 00:00:00'),(639,'equipment_category_delete','',NULL,NULL,NULL,'0000-00-00 00:00:00'),(640,'equipment_category_list','',NULL,NULL,NULL,'0000-00-00 00:00:00'),(641,'menu_for_testing','',NULL,NULL,NULL,'0000-00-00 00:00:00'),(642,'menu_equipment_category','',NULL,NULL,NULL,'0000-00-00 00:00:00'),(648,'equipments_add','',NULL,NULL,NULL,'0000-00-00 00:00:00'),(649,'equipments_update','',NULL,NULL,NULL,'0000-00-00 00:00:00'),(650,'equipments_view','',NULL,NULL,NULL,'0000-00-00 00:00:00'),(651,'equipments_delete','',NULL,NULL,NULL,'0000-00-00 00:00:00'),(652,'equipments_list','',NULL,NULL,NULL,'0000-00-00 00:00:00'),(653,'menu_equipments','',NULL,NULL,NULL,'0000-00-00 00:00:00'),(654,'api_equipments_all','',NULL,NULL,NULL,'0000-00-00 00:00:00'),(655,'api_equipments_detail','',NULL,NULL,NULL,'0000-00-00 00:00:00'),(656,'api_equipments_add','',NULL,NULL,NULL,'0000-00-00 00:00:00'),(657,'api_equipments_update','',NULL,NULL,NULL,'0000-00-00 00:00:00'),(658,'api_equipments_delete','',NULL,NULL,NULL,'0000-00-00 00:00:00'),(659,'events_add','',NULL,NULL,NULL,'0000-00-00 00:00:00'),(660,'events_update','',NULL,NULL,NULL,'0000-00-00 00:00:00'),(661,'events_view','',NULL,NULL,NULL,'0000-00-00 00:00:00'),(662,'events_delete','',NULL,NULL,NULL,'0000-00-00 00:00:00'),(663,'events_list','',NULL,NULL,NULL,'0000-00-00 00:00:00'),(664,'event_equipment_checklist_add','',NULL,NULL,NULL,'0000-00-00 00:00:00'),(665,'event_equipment_checklist_update','',NULL,NULL,NULL,'0000-00-00 00:00:00'),(666,'event_equipment_checklist_view','',NULL,NULL,NULL,'0000-00-00 00:00:00'),(667,'event_equipment_checklist_delete','',NULL,NULL,NULL,'0000-00-00 00:00:00'),(668,'event_equipment_checklist_list','',NULL,NULL,NULL,'0000-00-00 00:00:00'),(669,'event_equipment_checkout_add','',NULL,NULL,NULL,'0000-00-00 00:00:00'),(670,'event_equipment_checkout_update','',NULL,NULL,NULL,'0000-00-00 00:00:00'),(671,'event_equipment_checkout_view','',NULL,NULL,NULL,'0000-00-00 00:00:00'),(672,'event_equipment_checkout_delete','',NULL,NULL,NULL,'0000-00-00 00:00:00'),(673,'event_equipment_checkout_list','',NULL,NULL,NULL,'0000-00-00 00:00:00'),(674,'equipment_checkin_add','',NULL,NULL,NULL,'0000-00-00 00:00:00'),(675,'equipment_checkin_update','',NULL,NULL,NULL,'0000-00-00 00:00:00'),(676,'equipment_checkin_view','',NULL,NULL,NULL,'0000-00-00 00:00:00'),(677,'equipment_checkin_delete','',NULL,NULL,NULL,'0000-00-00 00:00:00'),(678,'equipment_checkin_list','',NULL,NULL,NULL,'0000-00-00 00:00:00'),(679,'api_events_all','',NULL,NULL,NULL,'0000-00-00 00:00:00'),(680,'api_events_detail','',NULL,NULL,NULL,'0000-00-00 00:00:00'),(681,'api_events_add','',NULL,NULL,NULL,'0000-00-00 00:00:00'),(682,'api_events_update','',NULL,NULL,NULL,'0000-00-00 00:00:00'),(683,'api_events_delete','',NULL,NULL,NULL,'0000-00-00 00:00:00'),(684,'api_equipment_checkin_all','',NULL,NULL,NULL,'0000-00-00 00:00:00'),(685,'api_equipment_checkin_detail','',NULL,NULL,NULL,'0000-00-00 00:00:00'),(686,'api_equipment_checkin_add','',NULL,NULL,NULL,'0000-00-00 00:00:00'),(687,'api_equipment_checkin_update','',NULL,NULL,NULL,'0000-00-00 00:00:00'),(688,'api_equipment_checkin_delete','',NULL,NULL,NULL,'0000-00-00 00:00:00'),(689,'api_event_equipment_checklist_all','',NULL,NULL,NULL,'0000-00-00 00:00:00'),(690,'api_event_equipment_checklist_detail','',NULL,NULL,NULL,'0000-00-00 00:00:00'),(691,'api_event_equipment_checklist_add','',NULL,NULL,NULL,'0000-00-00 00:00:00'),(692,'api_event_equipment_checklist_update','',NULL,NULL,NULL,'0000-00-00 00:00:00'),(693,'api_event_equipment_checklist_delete','',NULL,NULL,NULL,'0000-00-00 00:00:00'),(694,'api_event_equipment_checkout_all','',NULL,NULL,NULL,'0000-00-00 00:00:00'),(695,'api_event_equipment_checkout_detail','',NULL,NULL,NULL,'0000-00-00 00:00:00'),(696,'api_event_equipment_checkout_add','',NULL,NULL,NULL,'0000-00-00 00:00:00'),(697,'api_event_equipment_checkout_update','',NULL,NULL,NULL,'0000-00-00 00:00:00'),(698,'api_event_equipment_checkout_delete','',NULL,NULL,NULL,'0000-00-00 00:00:00'),(699,'menu_equipment_checkin','',NULL,NULL,NULL,'0000-00-00 00:00:00'),(700,'menu_equipment_checkout','',NULL,NULL,NULL,'0000-00-00 00:00:00'),(701,'menu_event_equipment_checklist','',NULL,NULL,NULL,'0000-00-00 00:00:00'),(702,'menu_events','',NULL,NULL,NULL,'0000-00-00 00:00:00'),(703,'equipments_available_delete','',NULL,NULL,NULL,'0000-00-00 00:00:00'),(704,'equipments_available_list','',NULL,NULL,NULL,'0000-00-00 00:00:00'),(705,'api_equipments_available_all','',NULL,NULL,NULL,'0000-00-00 00:00:00'),(706,'api_equipments_available_detail','',NULL,NULL,NULL,'0000-00-00 00:00:00'),(707,'api_equipments_available_add','',NULL,NULL,NULL,'0000-00-00 00:00:00'),(708,'api_equipments_available_update','',NULL,NULL,NULL,'0000-00-00 00:00:00'),(709,'api_equipments_available_delete','',NULL,NULL,NULL,'0000-00-00 00:00:00'),(710,'api_equipments_not_available_all','',NULL,NULL,NULL,'0000-00-00 00:00:00'),(711,'api_equipments_not_available_detail','',NULL,NULL,NULL,'0000-00-00 00:00:00'),(712,'api_equipments_not_available_add','',NULL,NULL,NULL,'0000-00-00 00:00:00'),(713,'api_equipments_not_available_update','',NULL,NULL,NULL,'0000-00-00 00:00:00'),(714,'api_equipments_not_available_delete','',NULL,NULL,NULL,'0000-00-00 00:00:00'),(715,'equipments_not_available_delete','',NULL,NULL,NULL,'0000-00-00 00:00:00'),(716,'equipments_not_available_list','',NULL,NULL,NULL,'0000-00-00 00:00:00'),(717,'events_future_delete','',NULL,NULL,NULL,'0000-00-00 00:00:00'),(718,'events_future_list','',NULL,NULL,NULL,'0000-00-00 00:00:00'),(719,'events_ongoing_delete','',NULL,NULL,NULL,'0000-00-00 00:00:00'),(720,'events_ongoing_list','',NULL,NULL,NULL,'0000-00-00 00:00:00'),(721,'events_past_delete','',NULL,NULL,NULL,'0000-00-00 00:00:00'),(722,'events_past_list','',NULL,NULL,NULL,'0000-00-00 00:00:00'),(723,'api_events_future_all','',NULL,NULL,NULL,'0000-00-00 00:00:00'),(724,'api_events_future_detail','',NULL,NULL,NULL,'0000-00-00 00:00:00'),(725,'api_events_future_add','',NULL,NULL,NULL,'0000-00-00 00:00:00'),(726,'api_events_future_update','',NULL,NULL,NULL,'0000-00-00 00:00:00'),(727,'api_events_future_delete','',NULL,NULL,NULL,'0000-00-00 00:00:00'),(728,'api_events_past_all','',NULL,NULL,NULL,'0000-00-00 00:00:00'),(729,'api_events_past_detail','',NULL,NULL,NULL,'0000-00-00 00:00:00'),(730,'api_events_past_add','',NULL,NULL,NULL,'0000-00-00 00:00:00'),(731,'api_events_past_update','',NULL,NULL,NULL,'0000-00-00 00:00:00'),(732,'api_events_past_delete','',NULL,NULL,NULL,'0000-00-00 00:00:00'),(733,'api_events_ongoing_all','',NULL,NULL,NULL,'0000-00-00 00:00:00'),(734,'api_events_ongoing_detail','',NULL,NULL,NULL,'0000-00-00 00:00:00'),(735,'api_events_ongoing_add','',NULL,NULL,NULL,'0000-00-00 00:00:00'),(736,'api_events_ongoing_update','',NULL,NULL,NULL,'0000-00-00 00:00:00'),(737,'api_events_ongoing_delete','',NULL,NULL,NULL,'0000-00-00 00:00:00'),(738,'static_pages_update','',NULL,NULL,NULL,'0000-00-00 00:00:00'),(739,'static_pages_view','',NULL,NULL,NULL,'0000-00-00 00:00:00'),(740,'static_pages_delete','',NULL,NULL,NULL,'0000-00-00 00:00:00'),(741,'static_pages_list','',NULL,NULL,NULL,'0000-00-00 00:00:00'),(742,'static_pages_add','',NULL,NULL,NULL,'0000-00-00 00:00:00'),(743,'menu_static_pages','',NULL,NULL,NULL,'0000-00-00 00:00:00'),(744,'api_static_pages_all','',NULL,NULL,NULL,'0000-00-00 00:00:00'),(745,'api_static_pages_detail','',NULL,NULL,NULL,'0000-00-00 00:00:00'),(746,'api_static_pages_add','',NULL,NULL,NULL,'0000-00-00 00:00:00'),(747,'api_static_pages_update','',NULL,NULL,NULL,'0000-00-00 00:00:00'),(748,'api_static_pages_delete','',NULL,NULL,NULL,'0000-00-00 00:00:00');
/*!40000 ALTER TABLE `aauth_perms` ENABLE KEYS */;
UNLOCK TABLES;

--
-- Table structure for table `aauth_pms`
--

DROP TABLE IF EXISTS `aauth_pms`;
/*!40101 SET @saved_cs_client     = @@character_set_client */;
/*!40101 SET character_set_client = utf8 */;
CREATE TABLE `aauth_pms` (
  `id` int(10) unsigned NOT NULL AUTO_INCREMENT,
  `sender_id` int(10) unsigned NOT NULL,
  `receiver_id` int(10) unsigned NOT NULL,
  `title` varchar(225) NOT NULL,
  `message` text,
  `date_sent` datetime DEFAULT NULL,
  `date_read` datetime DEFAULT NULL,
  `pm_deleted_sender` int(11) DEFAULT NULL,
  `pm_deleted_receiver` int(11) DEFAULT NULL,
  `created_by` int(11) DEFAULT NULL,
  `updated_by` int(11) DEFAULT NULL,
  `updated_at` timestamp NULL DEFAULT NULL,
  `created_at` timestamp NOT NULL DEFAULT '0000-00-00 00:00:00',
  PRIMARY KEY (`id`),
  KEY `aauth_pms_created_by_index` (`created_by`),
  KEY `aauth_pms_updated_by_index` (`updated_by`)
) ENGINE=InnoDB DEFAULT CHARSET=utf8;
/*!40101 SET character_set_client = @saved_cs_client */;

--
-- Dumping data for table `aauth_pms`
--

LOCK TABLES `aauth_pms` WRITE;
/*!40000 ALTER TABLE `aauth_pms` DISABLE KEYS */;
/*!40000 ALTER TABLE `aauth_pms` ENABLE KEYS */;
UNLOCK TABLES;

--
-- Table structure for table `aauth_user`
--

DROP TABLE IF EXISTS `aauth_user`;
/*!40101 SET @saved_cs_client     = @@character_set_client */;
/*!40101 SET character_set_client = utf8 */;
CREATE TABLE `aauth_user` (
  `id` int(10) unsigned NOT NULL AUTO_INCREMENT,
  `name` varchar(100) DEFAULT NULL,
  `definition` text,
  `created_by` int(11) DEFAULT NULL,
  `updated_by` int(11) DEFAULT NULL,
  `updated_at` timestamp NULL DEFAULT NULL,
  `created_at` timestamp NOT NULL DEFAULT '0000-00-00 00:00:00',
  PRIMARY KEY (`id`),
  KEY `aauth_user_created_by_index` (`created_by`),
  KEY `aauth_user_updated_by_index` (`updated_by`)
) ENGINE=InnoDB DEFAULT CHARSET=utf8;
/*!40101 SET character_set_client = @saved_cs_client */;

--
-- Dumping data for table `aauth_user`
--

LOCK TABLES `aauth_user` WRITE;
/*!40000 ALTER TABLE `aauth_user` DISABLE KEYS */;
/*!40000 ALTER TABLE `aauth_user` ENABLE KEYS */;
UNLOCK TABLES;

--
-- Table structure for table `aauth_user_to_group`
--

DROP TABLE IF EXISTS `aauth_user_to_group`;
/*!40101 SET @saved_cs_client     = @@character_set_client */;
/*!40101 SET character_set_client = utf8 */;
CREATE TABLE `aauth_user_to_group` (
  `user_id` int(10) unsigned NOT NULL,
  `group_id` int(10) unsigned NOT NULL,
  `created_by` int(11) DEFAULT NULL,
  `updated_by` int(11) DEFAULT NULL,
  `updated_at` timestamp NULL DEFAULT NULL,
  `created_at` timestamp NOT NULL DEFAULT '0000-00-00 00:00:00',
  PRIMARY KEY (`user_id`,`group_id`),
  KEY `aauth_user_to_group_created_by_index` (`created_by`),
  KEY `aauth_user_to_group_updated_by_index` (`updated_by`)
) ENGINE=InnoDB DEFAULT CHARSET=utf8;
/*!40101 SET character_set_client = @saved_cs_client */;

--
-- Dumping data for table `aauth_user_to_group`
--

LOCK TABLES `aauth_user_to_group` WRITE;
/*!40000 ALTER TABLE `aauth_user_to_group` DISABLE KEYS */;
INSERT INTO `aauth_user_to_group` VALUES (1,1,NULL,NULL,NULL,'0000-00-00 00:00:00'),(1,3,NULL,NULL,NULL,'0000-00-00 00:00:00'),(2,5,NULL,NULL,NULL,'0000-00-00 00:00:00'),(3,6,NULL,NULL,NULL,'0000-00-00 00:00:00'),(3,7,NULL,NULL,NULL,'0000-00-00 00:00:00'),(3,8,NULL,NULL,NULL,'0000-00-00 00:00:00'),(3,13,NULL,NULL,NULL,'0000-00-00 00:00:00'),(3,15,NULL,NULL,NULL,'0000-00-00 00:00:00'),(4,6,NULL,NULL,NULL,'0000-00-00 00:00:00'),(4,7,NULL,NULL,NULL,'0000-00-00 00:00:00'),(5,6,NULL,NULL,NULL,'0000-00-00 00:00:00'),(5,7,NULL,NULL,NULL,'0000-00-00 00:00:00'),(5,8,NULL,NULL,NULL,'0000-00-00 00:00:00'),(5,10,NULL,NULL,NULL,'0000-00-00 00:00:00'),(5,12,NULL,NULL,NULL,'0000-00-00 00:00:00'),(5,16,NULL,NULL,NULL,'0000-00-00 00:00:00'),(6,13,NULL,NULL,NULL,'0000-00-00 00:00:00'),(6,16,NULL,NULL,NULL,'0000-00-00 00:00:00'),(6,20,NULL,NULL,NULL,'0000-00-00 00:00:00'),(7,13,NULL,NULL,NULL,'0000-00-00 00:00:00'),(8,7,NULL,NULL,NULL,'0000-00-00 00:00:00'),(9,1,NULL,NULL,NULL,'0000-00-00 00:00:00'),(10,13,NULL,NULL,NULL,'0000-00-00 00:00:00'),(11,13,NULL,NULL,NULL,'0000-00-00 00:00:00'),(11,16,NULL,NULL,NULL,'0000-00-00 00:00:00'),(12,6,NULL,NULL,NULL,'0000-00-00 00:00:00'),(12,7,NULL,NULL,NULL,'0000-00-00 00:00:00'),(12,8,NULL,NULL,NULL,'0000-00-00 00:00:00'),(12,9,NULL,NULL,NULL,'0000-00-00 00:00:00'),(12,10,NULL,NULL,NULL,'0000-00-00 00:00:00'),(12,12,NULL,NULL,NULL,'0000-00-00 00:00:00'),(12,13,NULL,NULL,NULL,'0000-00-00 00:00:00'),(12,16,NULL,NULL,NULL,'0000-00-00 00:00:00'),(13,1,NULL,NULL,NULL,'0000-00-00 00:00:00'),(13,3,NULL,NULL,NULL,'0000-00-00 00:00:00'),(14,3,NULL,NULL,NULL,'0000-00-00 00:00:00'),(14,6,NULL,NULL,NULL,'0000-00-00 00:00:00'),(14,7,NULL,NULL,NULL,'0000-00-00 00:00:00'),(14,8,NULL,NULL,NULL,'0000-00-00 00:00:00'),(14,9,NULL,NULL,NULL,'0000-00-00 00:00:00'),(14,10,NULL,NULL,NULL,'0000-00-00 00:00:00'),(14,12,NULL,NULL,NULL,'0000-00-00 00:00:00'),(14,16,NULL,NULL,NULL,'0000-00-00 00:00:00'),(15,3,NULL,NULL,NULL,'0000-00-00 00:00:00'),(15,22,NULL,NULL,NULL,'0000-00-00 00:00:00'),(16,3,NULL,NULL,NULL,'0000-00-00 00:00:00'),(16,22,NULL,NULL,NULL,'0000-00-00 00:00:00'),(17,3,NULL,NULL,NULL,'0000-00-00 00:00:00');
/*!40000 ALTER TABLE `aauth_user_to_group` ENABLE KEYS */;
UNLOCK TABLES;

--
-- Table structure for table `aauth_user_variables`
--

DROP TABLE IF EXISTS `aauth_user_variables`;
/*!40101 SET @saved_cs_client     = @@character_set_client */;
/*!40101 SET character_set_client = utf8 */;
CREATE TABLE `aauth_user_variables` (
  `id` int(10) unsigned NOT NULL AUTO_INCREMENT,
  `user_id` int(10) unsigned NOT NULL,
  `data_key` varchar(100) NOT NULL,
  `value` text,
  `created_by` int(11) DEFAULT NULL,
  `updated_by` int(11) DEFAULT NULL,
  `updated_at` timestamp NULL DEFAULT NULL,
  `created_at` timestamp NOT NULL DEFAULT '0000-00-00 00:00:00',
  PRIMARY KEY (`id`),
  KEY `aauth_user_variables_created_by_index` (`created_by`),
  KEY `aauth_user_variables_updated_by_index` (`updated_by`)
) ENGINE=InnoDB DEFAULT CHARSET=utf8;
/*!40101 SET character_set_client = @saved_cs_client */;

--
-- Dumping data for table `aauth_user_variables`
--

LOCK TABLES `aauth_user_variables` WRITE;
/*!40000 ALTER TABLE `aauth_user_variables` DISABLE KEYS */;
/*!40000 ALTER TABLE `aauth_user_variables` ENABLE KEYS */;
UNLOCK TABLES;

--
-- Table structure for table `aauth_users`
--

DROP TABLE IF EXISTS `aauth_users`;
/*!40101 SET @saved_cs_client     = @@character_set_client */;
/*!40101 SET character_set_client = utf8 */;
CREATE TABLE `aauth_users` (
  `id` int(10) unsigned NOT NULL AUTO_INCREMENT,
  `email` varchar(100) NOT NULL,
  `oauth_uid` text,
  `oauth_provider` varchar(100) DEFAULT NULL,
  `pass` varchar(64) NOT NULL,
  `username` varchar(100) NOT NULL,
  `full_name` varchar(200) NOT NULL,
  `avatar` text NOT NULL,
  `banned` tinyint(1) DEFAULT '0',
  `last_login` datetime DEFAULT NULL,
  `last_activity` datetime DEFAULT NULL,
  `date_created` datetime DEFAULT NULL,
  `forgot_exp` text,
  `remember_time` datetime DEFAULT NULL,
  `remember_exp` text,
  `verification_code` text,
  `top_secret` varchar(16) DEFAULT NULL,
  `ip_address` text,
  `created_by` int(11) DEFAULT NULL,
  `updated_by` int(11) DEFAULT NULL,
  `updated_at` timestamp NULL DEFAULT NULL,
  `created_at` timestamp NOT NULL DEFAULT CURRENT_TIMESTAMP,
  PRIMARY KEY (`id`),
  KEY `aauth_users_created_by_index` (`created_by`),
  KEY `aauth_users_updated_by_index` (`updated_by`)
) ENGINE=InnoDB AUTO_INCREMENT=18 DEFAULT CHARSET=utf8;
/*!40101 SET character_set_client = @saved_cs_client */;

--
-- Dumping data for table `aauth_users`
--

LOCK TABLES `aauth_users` WRITE;
/*!40000 ALTER TABLE `aauth_users` DISABLE KEYS */;
INSERT INTO `aauth_users` VALUES (1,'admin@vipulsingh.xyz',NULL,NULL,'5340083421f3c5d068d5ecee7527fc6976300ca6b315d4179a43767971666582','admin','admin','20181009165927-profile_icon_male.jpg',0,'2022-02-18 13:31:23','2022-02-18 13:37:47','2018-08-25 11:56:32',NULL,'2021-05-23 00:00:00','f5KBYqCQ4HlxJVPe',NULL,NULL,'132.154.88.80',NULL,1,'2021-08-03 12:59:14','0000-00-00 00:00:00'),(16,'chimaobi@admin.com',NULL,NULL,'7f33b4d29fa173e77463cde5a71df1fdb63e84fe55fef52713f35466013abeb4','chimaobi','Chimaobi Okolo','default.png',0,'2022-02-18 13:13:58','2022-02-18 13:13:58','2022-02-13 00:10:14',NULL,NULL,NULL,NULL,NULL,'132.154.88.80',NULL,NULL,NULL,'2022-02-12 18:40:14'),(17,'vipul@vipulsingh.xyz',NULL,NULL,'08e8c345a6b3bba4bcc39485dd6d44fce27fcb944169dd09b6e57bb08ef583ed','vipulsingh','Vipul Singh','',0,'2022-02-18 14:47:11',NULL,'2022-02-18 13:34:09',NULL,NULL,NULL,NULL,NULL,'132.154.88.80',NULL,NULL,NULL,'2022-02-18 08:04:09');
/*!40000 ALTER TABLE `aauth_users` ENABLE KEYS */;
UNLOCK TABLES;

--
-- Table structure for table `blog`
--

DROP TABLE IF EXISTS `blog`;
/*!40101 SET @saved_cs_client     = @@character_set_client */;
/*!40101 SET character_set_client = utf8 */;
CREATE TABLE `blog` (
  `id` int(10) unsigned NOT NULL AUTO_INCREMENT,
  `title` varchar(200) NOT NULL,
  `content` text NOT NULL,
  `image` text NOT NULL,
  `category` varchar(200) NOT NULL,
  `created_at` datetime NOT NULL,
  `created_by` int(11) DEFAULT NULL,
  `updated_by` int(11) DEFAULT NULL,
  `updated_at` timestamp NULL DEFAULT NULL,
  PRIMARY KEY (`id`),
  KEY `blog_created_by_index` (`created_by`),
  KEY `blog_updated_by_index` (`updated_by`)
) ENGINE=InnoDB DEFAULT CHARSET=utf8;
/*!40101 SET character_set_client = @saved_cs_client */;

--
-- Dumping data for table `blog`
--

LOCK TABLES `blog` WRITE;
/*!40000 ALTER TABLE `blog` DISABLE KEYS */;
/*!40000 ALTER TABLE `blog` ENABLE KEYS */;
UNLOCK TABLES;

--
-- Table structure for table `blog_category`
--

DROP TABLE IF EXISTS `blog_category`;
/*!40101 SET @saved_cs_client     = @@character_set_client */;
/*!40101 SET character_set_client = utf8 */;
CREATE TABLE `blog_category` (
  `category_id` int(10) unsigned NOT NULL AUTO_INCREMENT,
  `category_name` varchar(200) NOT NULL,
  `category_desc` text NOT NULL,
  `created_by` int(11) DEFAULT NULL,
  `updated_by` int(11) DEFAULT NULL,
  `updated_at` timestamp NULL DEFAULT NULL,
  `created_at` timestamp NOT NULL DEFAULT '0000-00-00 00:00:00',
  PRIMARY KEY (`category_id`),
  KEY `blog_category_created_by_index` (`created_by`),
  KEY `blog_category_updated_by_index` (`updated_by`)
) ENGINE=InnoDB AUTO_INCREMENT=3 DEFAULT CHARSET=utf8;
/*!40101 SET character_set_client = @saved_cs_client */;

--
-- Dumping data for table `blog_category`
--

LOCK TABLES `blog_category` WRITE;
/*!40000 ALTER TABLE `blog_category` DISABLE KEYS */;
INSERT INTO `blog_category` VALUES (1,'Technology','',NULL,NULL,NULL,'0000-00-00 00:00:00'),(2,'1,2','xscscsc',NULL,NULL,NULL,'0000-00-00 00:00:00');
/*!40000 ALTER TABLE `blog_category` ENABLE KEYS */;
UNLOCK TABLES;

--
-- Table structure for table `captcha`
--

DROP TABLE IF EXISTS `captcha`;
/*!40101 SET @saved_cs_client     = @@character_set_client */;
/*!40101 SET character_set_client = utf8 */;
CREATE TABLE `captcha` (
  `captcha_id` int(10) unsigned NOT NULL AUTO_INCREMENT,
  `captcha_time` int(11) DEFAULT NULL,
  `ip_address` varchar(45) NOT NULL,
  `word` varchar(20) NOT NULL,
  `created_by` int(11) DEFAULT NULL,
  `updated_by` int(11) DEFAULT NULL,
  `updated_at` timestamp NULL DEFAULT NULL,
  `created_at` timestamp NOT NULL DEFAULT '0000-00-00 00:00:00',
  PRIMARY KEY (`captcha_id`),
  KEY `captcha_created_by_index` (`created_by`),
  KEY `captcha_updated_by_index` (`updated_by`)
) ENGINE=InnoDB DEFAULT CHARSET=utf8;
/*!40101 SET character_set_client = @saved_cs_client */;

--
-- Dumping data for table `captcha`
--

LOCK TABLES `captcha` WRITE;
/*!40000 ALTER TABLE `captcha` DISABLE KEYS */;
/*!40000 ALTER TABLE `captcha` ENABLE KEYS */;
UNLOCK TABLES;

--
-- Table structure for table `cc_options`
--

DROP TABLE IF EXISTS `cc_options`;
/*!40101 SET @saved_cs_client     = @@character_set_client */;
/*!40101 SET character_set_client = utf8 */;
CREATE TABLE `cc_options` (
  `id` int(10) unsigned NOT NULL AUTO_INCREMENT,
  `option_name` varchar(200) NOT NULL,
  `option_value` text,
  `created_by` int(11) DEFAULT NULL,
  `updated_by` int(11) DEFAULT NULL,
  `updated_at` timestamp NULL DEFAULT NULL,
  `created_at` timestamp NOT NULL DEFAULT '0000-00-00 00:00:00',
  PRIMARY KEY (`id`),
  KEY `cc_options_created_by_index` (`created_by`),
  KEY `cc_options_updated_by_index` (`updated_by`)
) ENGINE=InnoDB AUTO_INCREMENT=15 DEFAULT CHARSET=utf8;
/*!40101 SET character_set_client = @saved_cs_client */;

--
-- Dumping data for table `cc_options`
--

LOCK TABLES `cc_options` WRITE;
/*!40000 ALTER TABLE `cc_options` DISABLE KEYS */;
INSERT INTO `cc_options` VALUES (1,'active_theme','cicool',NULL,NULL,NULL,'0000-00-00 00:00:00'),(2,'favicon','default.png',NULL,NULL,NULL,'0000-00-00 00:00:00'),(3,'site_name','Company Name',NULL,NULL,NULL,'0000-00-00 00:00:00'),(4,'auto_process','YES',NULL,NULL,NULL,'0000-00-00 00:00:00'),(5,'location_track','NO',NULL,NULL,NULL,'0000-00-00 00:00:00'),(6,'consumption_only_department','YES',NULL,NULL,NULL,'0000-00-00 00:00:00'),(7,'email','admin@vipulsingh.xyz',NULL,NULL,NULL,'0000-00-00 00:00:00'),(8,'author','',NULL,NULL,NULL,'0000-00-00 00:00:00'),(9,'site_description','',NULL,NULL,NULL,'0000-00-00 00:00:00'),(10,'keywords','',NULL,NULL,NULL,'0000-00-00 00:00:00'),(11,'landing_page_id','default',NULL,NULL,NULL,'0000-00-00 00:00:00'),(12,'timezone','Asia/Kolkata',NULL,NULL,NULL,'0000-00-00 00:00:00'),(13,'google_id','',NULL,NULL,NULL,'0000-00-00 00:00:00'),(14,'google_secret','',NULL,NULL,NULL,'0000-00-00 00:00:00');
/*!40000 ALTER TABLE `cc_options` ENABLE KEYS */;
UNLOCK TABLES;

--
-- Table structure for table `cc_session`
--

DROP TABLE IF EXISTS `cc_session`;
/*!40101 SET @saved_cs_client     = @@character_set_client */;
/*!40101 SET character_set_client = utf8 */;
CREATE TABLE `cc_session` (
  `id` int(11) NOT NULL,
  `ip_address` varchar(45) NOT NULL,
  `timestamp` int(11) NOT NULL,
  `data` blob NOT NULL,
  `created_by` int(11) DEFAULT NULL,
  `updated_by` int(11) DEFAULT NULL,
  `updated_at` timestamp NULL DEFAULT NULL,
  `created_at` timestamp NOT NULL DEFAULT '0000-00-00 00:00:00',
  KEY `cc_session_created_by_index` (`created_by`),
  KEY `cc_session_updated_by_index` (`updated_by`)
) ENGINE=InnoDB DEFAULT CHARSET=utf8;
/*!40101 SET character_set_client = @saved_cs_client */;

--
-- Dumping data for table `cc_session`
--

LOCK TABLES `cc_session` WRITE;
/*!40000 ALTER TABLE `cc_session` DISABLE KEYS */;
/*!40000 ALTER TABLE `cc_session` ENABLE KEYS */;
UNLOCK TABLES;

--
-- Table structure for table `crud`
--

DROP TABLE IF EXISTS `crud`;
/*!40101 SET @saved_cs_client     = @@character_set_client */;
/*!40101 SET character_set_client = utf8 */;
CREATE TABLE `crud` (
  `id` int(10) unsigned NOT NULL AUTO_INCREMENT,
  `title` varchar(200) NOT NULL,
  `subject` varchar(200) NOT NULL,
  `table_name` varchar(200) NOT NULL,
  `primary_key` varchar(200) DEFAULT NULL,
  `page_read` varchar(20) DEFAULT NULL,
  `page_create` varchar(20) DEFAULT NULL,
  `page_update` varchar(20) DEFAULT NULL,
  `redirect_add` varchar(1024) DEFAULT NULL,
  `redirect_update` varchar(1024) DEFAULT NULL,
  `user_restriction` tinyint(4) DEFAULT NULL,
  `created_by` int(11) DEFAULT NULL,
  `updated_by` int(11) DEFAULT NULL,
  `updated_at` timestamp NULL DEFAULT NULL,
  `created_at` timestamp NOT NULL DEFAULT '0000-00-00 00:00:00',
  PRIMARY KEY (`id`),
  KEY `crud_created_by_index` (`created_by`),
  KEY `crud_updated_by_index` (`updated_by`)
) ENGINE=InnoDB AUTO_INCREMENT=113 DEFAULT CHARSET=utf8;
/*!40101 SET character_set_client = @saved_cs_client */;

--
-- Dumping data for table `crud`
--

LOCK TABLES `crud` WRITE;
/*!40000 ALTER TABLE `crud` DISABLE KEYS */;
INSERT INTO `crud` VALUES (101,'Equipment Category','Equipment Category','equipment_category','id','yes','yes','yes','','',NULL,1,1,'2022-02-13 00:48:34','2022-02-13 00:47:28'),(102,'Equipments','Equipments','equipments','id','yes','yes','yes','','',NULL,1,1,'2022-02-13 12:35:20','2022-02-13 01:27:14'),(103,'Events','Events','events','id','yes','yes','yes','','',NULL,1,1,'2022-02-18 11:49:16','2022-02-13 12:34:59'),(104,'Event Equipment Checklist','Event Equipment Checklist','event_equipment_checklist','id','yes','yes','yes','','',NULL,1,NULL,NULL,'2022-02-13 12:37:42'),(105,'Event Equipment Checkout','Event Equipment Checkout','event_equipment_checkout','id','yes','yes','yes','','',NULL,1,NULL,NULL,'2022-02-13 12:38:22'),(106,'Equipment Checkin','Equipment Checkin','equipment_checkin','id','yes','yes','yes','','',NULL,1,NULL,NULL,'2022-02-13 12:38:46'),(107,'Equipments Available','Equipments Available','equipments_available','',NULL,'yes',NULL,'','',NULL,1,1,'2022-02-18 10:50:53','2022-02-18 10:39:48'),(108,'Equipments Not Available','Equipments Not Available','equipments_not_available','','yes',NULL,NULL,'','',NULL,1,NULL,NULL,'2022-02-18 11:31:29'),(109,'Events Future','Events Future','events_future','','yes','yes','yes','','',NULL,1,NULL,NULL,'2022-02-18 12:28:00'),(110,'Events Ongoing','Events Ongoing','events_ongoing','','yes','yes','yes','','',NULL,1,NULL,NULL,'2022-02-18 12:28:12'),(111,'Events Past','Events Past','events_past','','yes','yes','yes','','',NULL,1,NULL,NULL,'2022-02-18 12:28:20'),(112,'Static Pages','Static Pages','static_pages','id','yes',NULL,'yes','','',NULL,1,1,'2022-02-18 13:09:05','2022-02-18 13:07:50');
/*!40000 ALTER TABLE `crud` ENABLE KEYS */;
UNLOCK TABLES;

--
-- Table structure for table `crud_custom_option`
--

DROP TABLE IF EXISTS `crud_custom_option`;
/*!40101 SET @saved_cs_client     = @@character_set_client */;
/*!40101 SET character_set_client = utf8 */;
CREATE TABLE `crud_custom_option` (
  `id` int(10) unsigned NOT NULL AUTO_INCREMENT,
  `crud_field_id` int(11) NOT NULL,
  `crud_id` int(11) NOT NULL,
  `option_value` text NOT NULL,
  `option_label` text NOT NULL,
  `created_by` int(11) DEFAULT NULL,
  `updated_by` int(11) DEFAULT NULL,
  `updated_at` timestamp NULL DEFAULT NULL,
  `created_at` timestamp NOT NULL DEFAULT '0000-00-00 00:00:00',
  PRIMARY KEY (`id`),
  KEY `crud_custom_option_created_by_index` (`created_by`),
  KEY `crud_custom_option_updated_by_index` (`updated_by`)
) ENGINE=InnoDB AUTO_INCREMENT=172 DEFAULT CHARSET=utf8;
/*!40101 SET character_set_client = @saved_cs_client */;

--
-- Dumping data for table `crud_custom_option`
--

LOCK TABLES `crud_custom_option` WRITE;
/*!40000 ALTER TABLE `crud_custom_option` DISABLE KEYS */;
INSERT INTO `crud_custom_option` VALUES (163,2041,102,'NEW','NEW',NULL,NULL,NULL,'0000-00-00 00:00:00'),(164,2041,102,'OLD','OLD',NULL,NULL,NULL,'0000-00-00 00:00:00'),(165,2041,102,'BAD','BAD',NULL,NULL,NULL,'0000-00-00 00:00:00'),(166,2041,102,'FAIR','FAIR',NULL,NULL,NULL,'0000-00-00 00:00:00'),(167,2042,102,'LONG','LONG',NULL,NULL,NULL,'0000-00-00 00:00:00'),(168,2042,102,'VERY LONG','VERY LONG',NULL,NULL,NULL,'0000-00-00 00:00:00'),(169,2042,102,'SHORT','SHORT',NULL,NULL,NULL,'0000-00-00 00:00:00'),(170,2042,102,'VERY SHORT','VERY SHORT',NULL,NULL,NULL,'0000-00-00 00:00:00'),(171,2042,102,'NA','NA',NULL,NULL,NULL,'0000-00-00 00:00:00');
/*!40000 ALTER TABLE `crud_custom_option` ENABLE KEYS */;
UNLOCK TABLES;

--
-- Table structure for table `crud_field`
--

DROP TABLE IF EXISTS `crud_field`;
/*!40101 SET @saved_cs_client     = @@character_set_client */;
/*!40101 SET character_set_client = utf8 */;
CREATE TABLE `crud_field` (
  `id` int(10) unsigned NOT NULL AUTO_INCREMENT,
  `crud_id` int(11) NOT NULL,
  `field_name` varchar(200) NOT NULL,
  `field_label` varchar(200) DEFAULT NULL,
  `input_type` varchar(200) NOT NULL,
  `show_column` varchar(10) DEFAULT NULL,
  `show_add_form` varchar(10) DEFAULT NULL,
  `show_update_form` varchar(10) DEFAULT NULL,
  `show_detail_page` varchar(10) DEFAULT NULL,
  `sort` int(11) NOT NULL,
  `relation_table` varchar(200) DEFAULT NULL,
  `relation_value` varchar(200) DEFAULT NULL,
  `relation_label` varchar(200) DEFAULT NULL,
  `field_filterable` varchar(20) DEFAULT NULL,
  `field_exportable` varchar(20) NOT NULL,
  `created_by` int(11) DEFAULT NULL,
  `updated_by` int(11) DEFAULT NULL,
  `updated_at` timestamp NULL DEFAULT NULL,
  `created_at` timestamp NOT NULL DEFAULT '0000-00-00 00:00:00',
  PRIMARY KEY (`id`),
  KEY `crud_field_created_by_index` (`created_by`),
  KEY `crud_field_updated_by_index` (`updated_by`)
) ENGINE=InnoDB AUTO_INCREMENT=2195 DEFAULT CHARSET=utf8;
/*!40101 SET character_set_client = @saved_cs_client */;

--
-- Dumping data for table `crud_field`
--

LOCK TABLES `crud_field` WRITE;
/*!40000 ALTER TABLE `crud_field` DISABLE KEYS */;
INSERT INTO `crud_field` VALUES (1,1,'attribute_id','attribute_id','input','','','','yes',1,'','','',NULL,'',NULL,NULL,NULL,'0000-00-00 00:00:00'),(2,1,'attribute_name','attribute_name','input','yes','yes','yes','yes',2,'','','',NULL,'',NULL,NULL,NULL,'0000-00-00 00:00:00'),(3,1,'attribute_type','attribute_type','input','yes','yes','yes','yes',3,'','','',NULL,'',NULL,NULL,NULL,'0000-00-00 00:00:00'),(4,2,'employee_id','employee_id','input','','','','yes',1,'','','',NULL,'',NULL,NULL,NULL,'0000-00-00 00:00:00'),(5,2,'employee_name','employee_name','input','yes','yes','yes','yes',2,'','','',NULL,'',NULL,NULL,NULL,'0000-00-00 00:00:00'),(6,2,'employee_address','employee_address','input','yes','yes','yes','yes',3,'','','',NULL,'',NULL,NULL,NULL,'0000-00-00 00:00:00'),(7,2,'fk_employee_department_id','fk_employee_department_id','input','yes','yes','yes','yes',4,'','','',NULL,'',NULL,NULL,NULL,'0000-00-00 00:00:00'),(8,2,'fk_employee_designation_id','fk_employee_designation_id','input','yes','yes','yes','yes',5,'','','',NULL,'',NULL,NULL,NULL,'0000-00-00 00:00:00'),(9,2,'fk_login_user_id','fk_login_user_id','input','yes','yes','yes','yes',6,'','','',NULL,'',NULL,NULL,NULL,'0000-00-00 00:00:00'),(10,3,'attribute_id','attribute_id','input','','','','yes',1,'','','',NULL,'',NULL,NULL,NULL,'0000-00-00 00:00:00'),(11,3,'attribute_name','attribute_name','input','yes','yes','yes','yes',2,'','','',NULL,'',NULL,NULL,NULL,'0000-00-00 00:00:00'),(12,3,'attribute_type','attribute_type','input','yes','yes','yes','yes',3,'','','',NULL,'',NULL,NULL,NULL,'0000-00-00 00:00:00'),(16,4,'product_attribute_detail_id','product_attribute_detail_id','input','','','','yes',1,'','','',NULL,'',NULL,NULL,NULL,'0000-00-00 00:00:00'),(17,4,'fk_product_id','fk_product_id','select','yes','yes','yes','yes',2,'product_master','product_master_id','product_name',NULL,'',NULL,NULL,NULL,'0000-00-00 00:00:00'),(18,4,'fk_attribute_mapping','fk_attribute_mapping','select','yes','yes','yes','yes',3,'attribute_master','attribute_id','attribute_name',NULL,'',NULL,NULL,NULL,'0000-00-00 00:00:00'),(19,5,'department_id','department_id','input','','','','yes',1,'','','',NULL,'',NULL,NULL,NULL,'0000-00-00 00:00:00'),(20,5,'department_name','department_name','input','yes','yes','yes','yes',2,'','','',NULL,'',NULL,NULL,NULL,'0000-00-00 00:00:00'),(23,7,'employee_id','employee_id','input','','','','yes',1,'','','',NULL,'',NULL,NULL,NULL,'0000-00-00 00:00:00'),(24,7,'employee_name','employee_name','input','yes','yes','yes','yes',2,'','','',NULL,'',NULL,NULL,NULL,'0000-00-00 00:00:00'),(25,7,'employee_address','employee_address','input','yes','yes','yes','yes',3,'','','',NULL,'',NULL,NULL,NULL,'0000-00-00 00:00:00'),(26,7,'fk_employee_department_id','employee_department','select','yes','yes','yes','yes',4,'department_master','department_id','department_name',NULL,'',NULL,NULL,NULL,'0000-00-00 00:00:00'),(27,7,'fk_employee_designation_id','employee_designation','select','yes','yes','yes','yes',5,'designation_master','designation_id','designation_name',NULL,'',NULL,NULL,NULL,'0000-00-00 00:00:00'),(28,7,'fk_login_user_id','login_username','select','yes','yes','yes','yes',6,'aauth_users','id','username',NULL,'',NULL,NULL,NULL,'0000-00-00 00:00:00'),(47,6,'designation_id','designation_id','input','','','','yes',1,'','','',NULL,'',NULL,NULL,NULL,'0000-00-00 00:00:00'),(48,6,'designation_name','designation_name','input','yes','yes','yes','yes',2,'','','',NULL,'',NULL,NULL,NULL,'0000-00-00 00:00:00'),(49,6,'fk_department_id','department_name','select','yes','yes','yes','yes',3,'department_master','department_id','department_name',NULL,'',NULL,NULL,NULL,'0000-00-00 00:00:00'),(1406,22,'wo_master_id','wo_master_id','input','','','','yes',1,'','','',NULL,'',NULL,NULL,NULL,'0000-00-00 00:00:00'),(1407,22,'fk_client_id','Client','select','yes','yes','yes','yes',2,'client_master','client_id','client_name',NULL,'',NULL,NULL,NULL,'0000-00-00 00:00:00'),(1408,22,'date','date','date','yes','yes','yes','yes',4,'','','',NULL,'',NULL,NULL,NULL,'0000-00-00 00:00:00'),(1409,22,'due_date','due_date','date','yes','yes','yes','yes',5,'','','',NULL,'',NULL,NULL,NULL,'0000-00-00 00:00:00'),(1410,22,'ref_no','ref_no','input','yes','yes','yes','yes',6,'','','',NULL,'',NULL,NULL,NULL,'0000-00-00 00:00:00'),(1502,66,'0','Product Name','input','yes','yes','yes','yes',1,'','','',NULL,'',NULL,NULL,NULL,'0000-00-00 00:00:00'),(1503,66,'0','Product Id','input','yes','yes','yes','yes',2,'','','',NULL,'',NULL,NULL,NULL,'0000-00-00 00:00:00'),(1504,66,'Company','Company','input','yes','yes','yes','yes',3,'','','',NULL,'',NULL,NULL,NULL,'0000-00-00 00:00:00'),(1505,66,'per_load_cycle_value','per_load_cycle_value','input','yes','yes','yes','yes',4,'','','',NULL,'',NULL,NULL,NULL,'0000-00-00 00:00:00'),(1506,66,'0','Total Inhouse Stock','input','yes','yes','yes','yes',5,'','','',NULL,'',NULL,NULL,NULL,'0000-00-00 00:00:00'),(1592,67,'Company','Company','input','yes','yes','yes','yes',1,'','','',NULL,'',NULL,NULL,NULL,'0000-00-00 00:00:00'),(1593,67,'per_load_cycle_value','per_load_cycle_value','input','yes','yes','yes','yes',2,'','','',NULL,'',NULL,NULL,NULL,'0000-00-00 00:00:00'),(1594,67,'0','Product Name','input','yes','yes','yes','yes',3,'','','',NULL,'',NULL,NULL,NULL,'0000-00-00 00:00:00'),(1595,67,'0','Product Id','input','yes','yes','yes','yes',4,'','','',NULL,'',NULL,NULL,NULL,'0000-00-00 00:00:00'),(1596,67,'0','Total Inhouse Stock','input','yes','yes','yes','yes',5,'','','',NULL,'',NULL,NULL,NULL,'0000-00-00 00:00:00'),(1597,67,'0','Product Name','input','yes','yes','yes','yes',6,'','','',NULL,'',NULL,NULL,NULL,'0000-00-00 00:00:00'),(1598,67,'0','Product Id','input','yes','yes','yes','yes',7,'','','',NULL,'',NULL,NULL,NULL,'0000-00-00 00:00:00'),(1599,67,'0','Total Inhouse Stock','input','yes','yes','yes','yes',8,'','','',NULL,'',NULL,NULL,NULL,'0000-00-00 00:00:00'),(1600,67,'0','Product Name','input','yes','yes','yes','yes',9,'','','',NULL,'',NULL,NULL,NULL,'0000-00-00 00:00:00'),(1601,67,'0','Product Id','input','yes','yes','yes','yes',10,'','','',NULL,'',NULL,NULL,NULL,'0000-00-00 00:00:00'),(1602,67,'0','Total Inhouse Stock','input','yes','yes','yes','yes',11,'','','',NULL,'',NULL,NULL,NULL,'0000-00-00 00:00:00'),(1618,69,'challan_id','challan_id','input','yes','yes','yes','yes',1,'','','',NULL,'',NULL,NULL,NULL,'0000-00-00 00:00:00'),(1619,69,'challan_number','challan_number','input','yes','yes','yes','yes',2,'','','',NULL,'',NULL,NULL,NULL,'0000-00-00 00:00:00'),(1620,69,'fk_product_master_id','fk_product_master_id','input','yes','yes','yes','yes',3,'','','',NULL,'',NULL,NULL,NULL,'0000-00-00 00:00:00'),(1621,69,'quantity_remaining','quantity_remaining','input','yes','yes','yes','yes',4,'','','',NULL,'',NULL,NULL,NULL,'0000-00-00 00:00:00'),(1622,69,'fk_client_id','fk_client_id','input','yes','yes','yes','yes',5,'','','',NULL,'',NULL,NULL,NULL,'0000-00-00 00:00:00'),(1623,70,'challan_id','challan_id','input','yes','yes','yes','yes',1,'','','',NULL,'',NULL,NULL,NULL,'0000-00-00 00:00:00'),(1624,70,'challan_number','challan_number','input','yes','yes','yes','yes',2,'','','',NULL,'',NULL,NULL,NULL,'0000-00-00 00:00:00'),(1625,70,'product_name','product_name','input','yes','yes','yes','yes',3,'','','',NULL,'',NULL,NULL,NULL,'0000-00-00 00:00:00'),(1626,70,'process_name','process_name','input','yes','yes','yes','yes',4,'','','',NULL,'',NULL,NULL,NULL,'0000-00-00 00:00:00'),(1627,70,'quantity_remaining','quantity_remaining','input','yes','yes','yes','yes',5,'','','',NULL,'',NULL,NULL,NULL,'0000-00-00 00:00:00'),(1628,70,'CLIENT','CLIENT','input','yes','yes','yes','yes',6,'','','',NULL,'',NULL,NULL,NULL,'0000-00-00 00:00:00'),(1832,77,'DATE','DATE','date','yes','yes','yes','yes',1,'','','',NULL,'',NULL,NULL,NULL,'0000-00-00 00:00:00'),(1833,77,'COMPANY','COMPANY','input','yes','yes','yes','yes',2,'','','',NULL,'',NULL,NULL,NULL,'0000-00-00 00:00:00'),(1834,77,'product_name','product_name','input','yes','yes','yes','yes',3,'','','',NULL,'',NULL,NULL,NULL,'0000-00-00 00:00:00'),(1835,77,'quantity','quantity','input','yes','yes','yes','yes',4,'','','',NULL,'',NULL,NULL,NULL,'0000-00-00 00:00:00'),(1836,77,'TYPE','TYPE','input','yes','yes','yes','yes',5,'','','',NULL,'',NULL,NULL,NULL,'0000-00-00 00:00:00'),(1837,77,'0','CHALLAN NUMBER','input','yes','yes','yes','yes',6,'','','',NULL,'',NULL,NULL,NULL,'0000-00-00 00:00:00'),(1838,77,'0','CHALLAN NUMBER','input','yes','yes','yes','yes',7,'','','',NULL,'',NULL,NULL,NULL,'0000-00-00 00:00:00'),(1839,78,'DATE','DATE','date','yes','yes','yes','yes',1,'','','',NULL,'',NULL,NULL,NULL,'0000-00-00 00:00:00'),(1840,78,'COMPANY','COMPANY','input','yes','yes','yes','yes',2,'','','',NULL,'',NULL,NULL,NULL,'0000-00-00 00:00:00'),(1841,78,'product_name','product_name','input','yes','yes','yes','yes',3,'','','',NULL,'',NULL,NULL,NULL,'0000-00-00 00:00:00'),(1842,78,'quantity','quantity','input','yes','yes','yes','yes',4,'','','',NULL,'',NULL,NULL,NULL,'0000-00-00 00:00:00'),(1843,78,'TYPE','TYPE','input','yes','yes','yes','yes',5,'','','',NULL,'',NULL,NULL,NULL,'0000-00-00 00:00:00'),(1844,78,'CHALLAN_NUMBER','CHALLAN_NUMBER','input','yes','yes','yes','yes',6,'','','',NULL,'',NULL,NULL,NULL,'0000-00-00 00:00:00'),(1882,85,'product_name','product_name','input','yes','yes','yes','yes',1,'','','',NULL,'',NULL,NULL,NULL,'0000-00-00 00:00:00'),(1981,101,'id','id','number','','','','yes',1,'','','','','',NULL,NULL,NULL,'0000-00-00 00:00:00'),(1982,101,'image','image','file','yes','yes','yes','yes',2,'','','','','',NULL,NULL,NULL,'0000-00-00 00:00:00'),(1983,101,'name','name','input','yes','yes','yes','yes',3,'','','','yes','yes',NULL,NULL,NULL,'0000-00-00 00:00:00'),(1984,101,'created_by','created_by','number','','','','',4,'','','','','',NULL,NULL,NULL,'0000-00-00 00:00:00'),(1985,101,'updated_by','updated_by','number','','','','',5,'','','','','',NULL,NULL,NULL,'0000-00-00 00:00:00'),(1986,101,'updated_at','updated_at','timestamp','','','','',6,'','','','','',NULL,NULL,NULL,'0000-00-00 00:00:00'),(1987,101,'created_at','created_at','timestamp','','','','',7,'','','','','',NULL,NULL,NULL,'0000-00-00 00:00:00'),(2037,102,'id','id','number','','','','yes',1,'','','','','',NULL,NULL,NULL,'0000-00-00 00:00:00'),(2038,102,'equipment_image','equipment_image','file','yes','yes','yes','yes',2,'','','','','',NULL,NULL,NULL,'0000-00-00 00:00:00'),(2039,102,'equipment_name','equipment_name','input','yes','yes','yes','yes',3,'','','','yes','yes',NULL,NULL,NULL,'0000-00-00 00:00:00'),(2040,102,'equipment_category_id','equipment_category_id','select','','yes','yes','yes',4,'equipment_category','id','name','yes','yes',NULL,NULL,NULL,'0000-00-00 00:00:00'),(2041,102,'equipment_condition','equipment_condition','custom_select','yes','yes','yes','yes',6,'','','','yes','yes',NULL,NULL,NULL,'0000-00-00 00:00:00'),(2042,102,'equipment_size','equipment_size','custom_select','yes','yes','yes','yes',7,'','','','yes','yes',NULL,NULL,NULL,'0000-00-00 00:00:00'),(2043,102,'equipment_barcode','equipment_barcode','input','','yes','yes','yes',8,'','','','yes','yes',NULL,NULL,NULL,'0000-00-00 00:00:00'),(2044,102,'equipment_description','equipment_description','input','yes','yes','yes','yes',9,'','','','','yes',NULL,NULL,NULL,'0000-00-00 00:00:00'),(2045,102,'created_by','created_by','number','','','','',10,'','','','','',NULL,NULL,NULL,'0000-00-00 00:00:00'),(2046,102,'updated_by','updated_by','number','','','','',11,'','','','','',NULL,NULL,NULL,'0000-00-00 00:00:00'),(2047,102,'updated_at','updated_at','timestamp','','','','',12,'','','','','',NULL,NULL,NULL,'0000-00-00 00:00:00'),(2048,102,'created_at','created_at','timestamp','','','','',13,'','','','','',NULL,NULL,NULL,'0000-00-00 00:00:00'),(2049,104,'id','id','number','','','','yes',1,'','','','','',NULL,NULL,NULL,'0000-00-00 00:00:00'),(2050,104,'event_id','event_id','select','yes','yes','yes','yes',2,'events','id','event_name','yes','yes',NULL,NULL,NULL,'0000-00-00 00:00:00'),(2051,104,'equipment_id','equipment_id','select','yes','yes','yes','yes',3,'equipments','id','equipment_name','yes','yes',NULL,NULL,NULL,'0000-00-00 00:00:00'),(2052,104,'created_by','created_by','number','','','','',4,'','','','','',NULL,NULL,NULL,'0000-00-00 00:00:00'),(2053,104,'updated_by','updated_by','number','','','','',5,'','','','','',NULL,NULL,NULL,'0000-00-00 00:00:00'),(2054,104,'updated_at','updated_at','timestamp','','','','',6,'','','','','',NULL,NULL,NULL,'0000-00-00 00:00:00'),(2055,104,'created_at','created_at','timestamp','','','','',7,'','','','','',NULL,NULL,NULL,'0000-00-00 00:00:00'),(2056,105,'id','id','number','','','','yes',1,'','','','','',NULL,NULL,NULL,'0000-00-00 00:00:00'),(2057,105,'event_id','event_id','select','yes','yes','yes','yes',2,'events','id','event_name','yes','yes',NULL,NULL,NULL,'0000-00-00 00:00:00'),(2058,105,'equipment_id','equipment_id','select','yes','yes','yes','yes',3,'equipments','id','equipment_name','yes','yes',NULL,NULL,NULL,'0000-00-00 00:00:00'),(2059,105,'equipment_out_datetime','equipment_out_datetime','timestamp','yes','yes','yes','yes',4,'','','','yes','yes',NULL,NULL,NULL,'0000-00-00 00:00:00'),(2060,105,'created_by','created_by','number','','','','',5,'','','','','',NULL,NULL,NULL,'0000-00-00 00:00:00'),(2061,105,'updated_by','updated_by','number','','','','',6,'','','','','',NULL,NULL,NULL,'0000-00-00 00:00:00'),(2062,105,'updated_at','updated_at','timestamp','','','','',7,'','','','','',NULL,NULL,NULL,'0000-00-00 00:00:00'),(2063,105,'created_at','created_at','timestamp','','','','',8,'','','','','',NULL,NULL,NULL,'0000-00-00 00:00:00'),(2064,106,'id','id','number','','','','yes',1,'','','','','',NULL,NULL,NULL,'0000-00-00 00:00:00'),(2065,106,'equipment_id','equipment_id','select','yes','yes','yes','yes',2,'equipments','id','equipment_name','yes','yes',NULL,NULL,NULL,'0000-00-00 00:00:00'),(2066,106,'equipment_in_datetime','equipment_in_datetime','timestamp','yes','yes','yes','yes',3,'','','','yes','yes',NULL,NULL,NULL,'0000-00-00 00:00:00'),(2067,106,'created_by','created_by','number','','','','',4,'','','','','',NULL,NULL,NULL,'0000-00-00 00:00:00'),(2068,106,'updated_by','updated_by','number','','','','',5,'','','','','',NULL,NULL,NULL,'0000-00-00 00:00:00'),(2069,106,'updated_at','updated_at','timestamp','','','','',6,'','','','','',NULL,NULL,NULL,'0000-00-00 00:00:00'),(2070,106,'created_at','created_at','timestamp','','','','',7,'','','','','',NULL,NULL,NULL,'0000-00-00 00:00:00'),(2095,107,'id','id','number','','','','',1,'','','','','',NULL,NULL,NULL,'0000-00-00 00:00:00'),(2096,107,'equipment_image','equipment_image','file','yes','yes','yes','yes',2,'','','','','',NULL,NULL,NULL,'0000-00-00 00:00:00'),(2097,107,'equipment_name','equipment_name','input','yes','yes','yes','yes',3,'','','','yes','yes',NULL,NULL,NULL,'0000-00-00 00:00:00'),(2098,107,'equipment_condition','equipment_condition','input','yes','yes','yes','yes',4,'','','','yes','yes',NULL,NULL,NULL,'0000-00-00 00:00:00'),(2099,107,'equipment_size','equipment_size','input','yes','yes','yes','yes',5,'','','','yes','yes',NULL,NULL,NULL,'0000-00-00 00:00:00'),(2100,107,'equipment_description','equipment_description','input','yes','yes','yes','yes',6,'','','','','yes',NULL,NULL,NULL,'0000-00-00 00:00:00'),(2101,107,'equipment_barcode','equipment_barcode','input','yes','yes','yes','yes',7,'','','','yes','yes',NULL,NULL,NULL,'0000-00-00 00:00:00'),(2102,107,'equipment_category_id','equipment_category_id','select','yes','yes','yes','yes',8,'equipment_category','id','name','yes','yes',NULL,NULL,NULL,'0000-00-00 00:00:00'),(2103,107,'created_by','created_by','number','','','','',9,'','','','','',NULL,NULL,NULL,'0000-00-00 00:00:00'),(2104,107,'updated_by','updated_by','number','','','','',10,'','','','','',NULL,NULL,NULL,'0000-00-00 00:00:00'),(2105,107,'updated_at','updated_at','timestamp','','','','',11,'','','','','',NULL,NULL,NULL,'0000-00-00 00:00:00'),(2106,107,'created_at','created_at','timestamp','','','','',12,'','','','','',NULL,NULL,NULL,'0000-00-00 00:00:00'),(2107,108,'id','id','number','','','','',1,'','','','','',NULL,NULL,NULL,'0000-00-00 00:00:00'),(2108,108,'equipment_name','equipment_name','input','yes','yes','yes','yes',2,'','','','yes','yes',NULL,NULL,NULL,'0000-00-00 00:00:00'),(2109,108,'equipment_condition','equipment_condition','input','yes','yes','yes','yes',3,'','','','yes','yes',NULL,NULL,NULL,'0000-00-00 00:00:00'),(2110,108,'equipment_size','equipment_size','input','yes','yes','yes','yes',4,'','','','yes','yes',NULL,NULL,NULL,'0000-00-00 00:00:00'),(2111,108,'equipment_description','equipment_description','input','yes','yes','yes','yes',5,'','','','yes','yes',NULL,NULL,NULL,'0000-00-00 00:00:00'),(2112,108,'equipment_barcode','equipment_barcode','input','yes','yes','yes','yes',6,'','','','yes','yes',NULL,NULL,NULL,'0000-00-00 00:00:00'),(2113,108,'equipment_category_id','equipment_category_id','number','yes','yes','yes','yes',7,'','','','yes','yes',NULL,NULL,NULL,'0000-00-00 00:00:00'),(2114,108,'equipment_image','equipment_image','file','yes','yes','yes','yes',8,'','','','yes','yes',NULL,NULL,NULL,'0000-00-00 00:00:00'),(2115,108,'created_by','created_by','number','','','','',9,'','','','','',NULL,NULL,NULL,'0000-00-00 00:00:00'),(2116,108,'updated_by','updated_by','number','','','','',10,'','','','','',NULL,NULL,NULL,'0000-00-00 00:00:00'),(2117,108,'updated_at','updated_at','timestamp','','','','',11,'','','','','',NULL,NULL,NULL,'0000-00-00 00:00:00'),(2118,108,'created_at','created_at','timestamp','','','','',12,'','','','','',NULL,NULL,NULL,'0000-00-00 00:00:00'),(2130,103,'id','id','number','','','','yes',1,'','','','','',NULL,NULL,NULL,'0000-00-00 00:00:00'),(2131,103,'event_name','event_name','input','yes','yes','yes','yes',2,'','','','yes','yes',NULL,NULL,NULL,'0000-00-00 00:00:00'),(2132,103,'event_type','event_type','input','yes','yes','yes','yes',3,'','','','yes','yes',NULL,NULL,NULL,'0000-00-00 00:00:00'),(2133,103,'event_location','event_location','input','yes','yes','yes','yes',4,'','','','yes','yes',NULL,NULL,NULL,'0000-00-00 00:00:00'),(2134,103,'check_in_date','check_in_date','timestamp','yes','yes','yes','yes',5,'','','','yes','yes',NULL,NULL,NULL,'0000-00-00 00:00:00'),(2135,103,'check_out_date','check_out_date','timestamp','yes','yes','yes','yes',6,'','','','yes','yes',NULL,NULL,NULL,'0000-00-00 00:00:00'),(2136,103,'event_image','event_image','file','yes','yes','yes','yes',7,'','','','yes','yes',NULL,NULL,NULL,'0000-00-00 00:00:00'),(2137,103,'created_by','created_by','number','','','','',8,'','','','','',NULL,NULL,NULL,'0000-00-00 00:00:00'),(2138,103,'updated_by','updated_by','number','','','','',9,'','','','','',NULL,NULL,NULL,'0000-00-00 00:00:00'),(2139,103,'updated_at','updated_at','timestamp','','','','',10,'','','','','',NULL,NULL,NULL,'0000-00-00 00:00:00'),(2140,103,'created_at','created_at','timestamp','','','','',11,'','','','','',NULL,NULL,NULL,'0000-00-00 00:00:00'),(2141,109,'id','id','number','yes','yes','yes','yes',1,'','','','yes','yes',NULL,NULL,NULL,'0000-00-00 00:00:00'),(2142,109,'event_name','event_name','input','yes','yes','yes','yes',2,'','','','yes','yes',NULL,NULL,NULL,'0000-00-00 00:00:00'),(2143,109,'event_type','event_type','input','yes','yes','yes','yes',3,'','','','yes','yes',NULL,NULL,NULL,'0000-00-00 00:00:00'),(2144,109,'event_location','event_location','input','yes','yes','yes','yes',4,'','','','yes','yes',NULL,NULL,NULL,'0000-00-00 00:00:00'),(2145,109,'check_in_date','check_in_date','timestamp','yes','yes','yes','yes',5,'','','','yes','yes',NULL,NULL,NULL,'0000-00-00 00:00:00'),(2146,109,'check_out_date','check_out_date','timestamp','yes','yes','yes','yes',6,'','','','yes','yes',NULL,NULL,NULL,'0000-00-00 00:00:00'),(2147,109,'event_image','event_image','file','yes','yes','yes','yes',7,'','','','yes','yes',NULL,NULL,NULL,'0000-00-00 00:00:00'),(2148,109,'created_by','created_by','number','','','','',8,'','','','','',NULL,NULL,NULL,'0000-00-00 00:00:00'),(2149,109,'updated_by','updated_by','number','','','','',9,'','','','','',NULL,NULL,NULL,'0000-00-00 00:00:00'),(2150,109,'updated_at','updated_at','timestamp','','','','',10,'','','','','',NULL,NULL,NULL,'0000-00-00 00:00:00'),(2151,109,'created_at','created_at','timestamp','','','','',11,'','','','','',NULL,NULL,NULL,'0000-00-00 00:00:00'),(2152,110,'id','id','number','yes','yes','yes','yes',1,'','','','yes','yes',NULL,NULL,NULL,'0000-00-00 00:00:00'),(2153,110,'event_name','event_name','input','yes','yes','yes','yes',2,'','','','yes','yes',NULL,NULL,NULL,'0000-00-00 00:00:00'),(2154,110,'event_type','event_type','input','yes','yes','yes','yes',3,'','','','yes','yes',NULL,NULL,NULL,'0000-00-00 00:00:00'),(2155,110,'event_location','event_location','input','yes','yes','yes','yes',4,'','','','yes','yes',NULL,NULL,NULL,'0000-00-00 00:00:00'),(2156,110,'check_in_date','check_in_date','timestamp','yes','yes','yes','yes',5,'','','','yes','yes',NULL,NULL,NULL,'0000-00-00 00:00:00'),(2157,110,'check_out_date','check_out_date','timestamp','yes','yes','yes','yes',6,'','','','yes','yes',NULL,NULL,NULL,'0000-00-00 00:00:00'),(2158,110,'event_image','event_image','file','yes','yes','yes','yes',7,'','','','yes','yes',NULL,NULL,NULL,'0000-00-00 00:00:00'),(2159,110,'created_by','created_by','number','','','','',8,'','','','','',NULL,NULL,NULL,'0000-00-00 00:00:00'),(2160,110,'updated_by','updated_by','number','','','','',9,'','','','','',NULL,NULL,NULL,'0000-00-00 00:00:00'),(2161,110,'updated_at','updated_at','timestamp','','','','',10,'','','','','',NULL,NULL,NULL,'0000-00-00 00:00:00'),(2162,110,'created_at','created_at','timestamp','','','','',11,'','','','','',NULL,NULL,NULL,'0000-00-00 00:00:00'),(2163,111,'id','id','number','yes','yes','yes','yes',1,'','','','yes','yes',NULL,NULL,NULL,'0000-00-00 00:00:00'),(2164,111,'event_name','event_name','input','yes','yes','yes','yes',2,'','','','yes','yes',NULL,NULL,NULL,'0000-00-00 00:00:00'),(2165,111,'event_type','event_type','input','yes','yes','yes','yes',3,'','','','yes','yes',NULL,NULL,NULL,'0000-00-00 00:00:00'),(2166,111,'event_location','event_location','input','yes','yes','yes','yes',4,'','','','yes','yes',NULL,NULL,NULL,'0000-00-00 00:00:00'),(2167,111,'check_in_date','check_in_date','timestamp','yes','yes','yes','yes',5,'','','','yes','yes',NULL,NULL,NULL,'0000-00-00 00:00:00'),(2168,111,'check_out_date','check_out_date','timestamp','yes','yes','yes','yes',6,'','','','yes','yes',NULL,NULL,NULL,'0000-00-00 00:00:00'),(2169,111,'event_image','event_image','file','yes','yes','yes','yes',7,'','','','yes','yes',NULL,NULL,NULL,'0000-00-00 00:00:00'),(2170,111,'created_by','created_by','number','','','','',8,'','','','','',NULL,NULL,NULL,'0000-00-00 00:00:00'),(2171,111,'updated_by','updated_by','number','','','','',9,'','','','','',NULL,NULL,NULL,'0000-00-00 00:00:00'),(2172,111,'updated_at','updated_at','timestamp','','','','',10,'','','','','',NULL,NULL,NULL,'0000-00-00 00:00:00'),(2173,111,'created_at','created_at','timestamp','','','','',11,'','','','','',NULL,NULL,NULL,'0000-00-00 00:00:00'),(2188,112,'id','id','number','','','','yes',1,'','','','','',NULL,NULL,NULL,'0000-00-00 00:00:00'),(2189,112,'name','name','input','yes','','yes','yes',2,'','','','','yes',NULL,NULL,NULL,'0000-00-00 00:00:00'),(2190,112,'content','content','editor_wysiwyg','yes','','yes','yes',3,'','','','','yes',NULL,NULL,NULL,'0000-00-00 00:00:00'),(2191,112,'created_by','created_by','number','','','','',4,'','','','','',NULL,NULL,NULL,'0000-00-00 00:00:00'),(2192,112,'updated_by','updated_by','number','','','','',5,'','','','','',NULL,NULL,NULL,'0000-00-00 00:00:00'),(2193,112,'updated_at','updated_at','timestamp','','','','',6,'','','','','',NULL,NULL,NULL,'0000-00-00 00:00:00'),(2194,112,'created_at','created_at','timestamp','','','','',7,'','','','','',NULL,NULL,NULL,'0000-00-00 00:00:00');
/*!40000 ALTER TABLE `crud_field` ENABLE KEYS */;
UNLOCK TABLES;

--
-- Table structure for table `crud_field_validation`
--

DROP TABLE IF EXISTS `crud_field_validation`;
/*!40101 SET @saved_cs_client     = @@character_set_client */;
/*!40101 SET character_set_client = utf8 */;
CREATE TABLE `crud_field_validation` (
  `id` int(10) unsigned NOT NULL AUTO_INCREMENT,
  `crud_field_id` int(11) NOT NULL,
  `crud_id` int(11) NOT NULL,
  `validation_name` varchar(200) NOT NULL,
  `validation_value` text NOT NULL,
  `created_by` int(11) DEFAULT NULL,
  `updated_by` int(11) DEFAULT NULL,
  `updated_at` timestamp NULL DEFAULT NULL,
  `created_at` timestamp NOT NULL DEFAULT '0000-00-00 00:00:00',
  PRIMARY KEY (`id`),
  KEY `crud_field_validation_created_by_index` (`created_by`),
  KEY `crud_field_validation_updated_by_index` (`updated_by`)
) ENGINE=InnoDB AUTO_INCREMENT=3103 DEFAULT CHARSET=utf8;
/*!40101 SET character_set_client = @saved_cs_client */;

--
-- Dumping data for table `crud_field_validation`
--

LOCK TABLES `crud_field_validation` WRITE;
/*!40000 ALTER TABLE `crud_field_validation` DISABLE KEYS */;
INSERT INTO `crud_field_validation` VALUES (1,2,1,'required','',NULL,NULL,NULL,'0000-00-00 00:00:00'),(2,2,1,'max_length','100',NULL,NULL,NULL,'0000-00-00 00:00:00'),(3,3,1,'required','',NULL,NULL,NULL,'0000-00-00 00:00:00'),(4,3,1,'max_length','100',NULL,NULL,NULL,'0000-00-00 00:00:00'),(5,4,2,'in_list','12,13,14',NULL,NULL,NULL,'0000-00-00 00:00:00'),(6,5,2,'required','',NULL,NULL,NULL,'0000-00-00 00:00:00'),(7,5,2,'max_length','100',NULL,NULL,NULL,'0000-00-00 00:00:00'),(8,6,2,'required','',NULL,NULL,NULL,'0000-00-00 00:00:00'),(9,6,2,'max_length','1000',NULL,NULL,NULL,'0000-00-00 00:00:00'),(10,7,2,'required','',NULL,NULL,NULL,'0000-00-00 00:00:00'),(11,7,2,'max_length','20',NULL,NULL,NULL,'0000-00-00 00:00:00'),(12,8,2,'required','',NULL,NULL,NULL,'0000-00-00 00:00:00'),(13,8,2,'max_length','20',NULL,NULL,NULL,'0000-00-00 00:00:00'),(14,9,2,'required','',NULL,NULL,NULL,'0000-00-00 00:00:00'),(15,9,2,'max_length','20',NULL,NULL,NULL,'0000-00-00 00:00:00'),(16,11,3,'required','',NULL,NULL,NULL,'0000-00-00 00:00:00'),(17,11,3,'max_length','100',NULL,NULL,NULL,'0000-00-00 00:00:00'),(18,12,3,'required','',NULL,NULL,NULL,'0000-00-00 00:00:00'),(19,12,3,'max_length','100',NULL,NULL,NULL,'0000-00-00 00:00:00'),(24,17,4,'required','',NULL,NULL,NULL,'0000-00-00 00:00:00'),(25,17,4,'max_length','20',NULL,NULL,NULL,'0000-00-00 00:00:00'),(26,18,4,'required','',NULL,NULL,NULL,'0000-00-00 00:00:00'),(27,18,4,'max_length','20',NULL,NULL,NULL,'0000-00-00 00:00:00'),(28,20,5,'required','',NULL,NULL,NULL,'0000-00-00 00:00:00'),(29,20,5,'max_length','100',NULL,NULL,NULL,'0000-00-00 00:00:00'),(32,24,7,'required','',NULL,NULL,NULL,'0000-00-00 00:00:00'),(33,24,7,'max_length','100',NULL,NULL,NULL,'0000-00-00 00:00:00'),(34,25,7,'required','',NULL,NULL,NULL,'0000-00-00 00:00:00'),(35,25,7,'max_length','1000',NULL,NULL,NULL,'0000-00-00 00:00:00'),(36,26,7,'required','',NULL,NULL,NULL,'0000-00-00 00:00:00'),(37,26,7,'max_length','20',NULL,NULL,NULL,'0000-00-00 00:00:00'),(38,27,7,'required','',NULL,NULL,NULL,'0000-00-00 00:00:00'),(39,27,7,'max_length','20',NULL,NULL,NULL,'0000-00-00 00:00:00'),(40,28,7,'required','',NULL,NULL,NULL,'0000-00-00 00:00:00'),(41,28,7,'max_length','20',NULL,NULL,NULL,'0000-00-00 00:00:00'),(60,48,6,'required','',NULL,NULL,NULL,'0000-00-00 00:00:00'),(61,48,6,'max_length','100',NULL,NULL,NULL,'0000-00-00 00:00:00'),(62,49,6,'required','',NULL,NULL,NULL,'0000-00-00 00:00:00'),(2078,1407,22,'required','',NULL,NULL,NULL,'0000-00-00 00:00:00'),(2079,1407,22,'max_length','20',NULL,NULL,NULL,'0000-00-00 00:00:00'),(2080,1408,22,'required','',NULL,NULL,NULL,'0000-00-00 00:00:00'),(2081,1408,22,'valid_date','',NULL,NULL,NULL,'0000-00-00 00:00:00'),(2082,1409,22,'valid_date','',NULL,NULL,NULL,'0000-00-00 00:00:00'),(2083,1410,22,'max_length','100',NULL,NULL,NULL,'0000-00-00 00:00:00'),(2243,1502,66,'required','',NULL,NULL,NULL,'0000-00-00 00:00:00'),(2244,1502,66,'max_length','100',NULL,NULL,NULL,'0000-00-00 00:00:00'),(2245,1503,66,'required','',NULL,NULL,NULL,'0000-00-00 00:00:00'),(2246,1503,66,'max_length','20',NULL,NULL,NULL,'0000-00-00 00:00:00'),(2247,1504,66,'required','',NULL,NULL,NULL,'0000-00-00 00:00:00'),(2248,1504,66,'max_length','100',NULL,NULL,NULL,'0000-00-00 00:00:00'),(2249,1505,66,'required','',NULL,NULL,NULL,'0000-00-00 00:00:00'),(2250,1505,66,'max_length','11',NULL,NULL,NULL,'0000-00-00 00:00:00'),(2251,1506,66,'required','',NULL,NULL,NULL,'0000-00-00 00:00:00'),(2328,1592,67,'required','',NULL,NULL,NULL,'0000-00-00 00:00:00'),(2329,1592,67,'max_length','100',NULL,NULL,NULL,'0000-00-00 00:00:00'),(2330,1593,67,'required','',NULL,NULL,NULL,'0000-00-00 00:00:00'),(2331,1593,67,'max_length','11',NULL,NULL,NULL,'0000-00-00 00:00:00'),(2359,1618,69,'required','',NULL,NULL,NULL,'0000-00-00 00:00:00'),(2360,1618,69,'max_length','20',NULL,NULL,NULL,'0000-00-00 00:00:00'),(2361,1619,69,'required','',NULL,NULL,NULL,'0000-00-00 00:00:00'),(2362,1619,69,'max_length','100',NULL,NULL,NULL,'0000-00-00 00:00:00'),(2363,1620,69,'required','',NULL,NULL,NULL,'0000-00-00 00:00:00'),(2364,1620,69,'max_length','20',NULL,NULL,NULL,'0000-00-00 00:00:00'),(2365,1621,69,'required','',NULL,NULL,NULL,'0000-00-00 00:00:00'),(2366,1622,69,'required','',NULL,NULL,NULL,'0000-00-00 00:00:00'),(2367,1622,69,'max_length','20',NULL,NULL,NULL,'0000-00-00 00:00:00'),(2368,1623,70,'required','',NULL,NULL,NULL,'0000-00-00 00:00:00'),(2369,1623,70,'max_length','20',NULL,NULL,NULL,'0000-00-00 00:00:00'),(2370,1624,70,'required','',NULL,NULL,NULL,'0000-00-00 00:00:00'),(2371,1624,70,'max_length','100',NULL,NULL,NULL,'0000-00-00 00:00:00'),(2372,1625,70,'required','',NULL,NULL,NULL,'0000-00-00 00:00:00'),(2373,1625,70,'max_length','100',NULL,NULL,NULL,'0000-00-00 00:00:00'),(2374,1626,70,'required','',NULL,NULL,NULL,'0000-00-00 00:00:00'),(2375,1626,70,'max_length','100',NULL,NULL,NULL,'0000-00-00 00:00:00'),(2376,1627,70,'required','',NULL,NULL,NULL,'0000-00-00 00:00:00'),(2377,1628,70,'required','',NULL,NULL,NULL,'0000-00-00 00:00:00'),(2378,1628,70,'max_length','100',NULL,NULL,NULL,'0000-00-00 00:00:00'),(2661,1832,77,'required','',NULL,NULL,NULL,'0000-00-00 00:00:00'),(2662,1833,77,'required','',NULL,NULL,NULL,'0000-00-00 00:00:00'),(2663,1833,77,'max_length','100',NULL,NULL,NULL,'0000-00-00 00:00:00'),(2664,1834,77,'required','',NULL,NULL,NULL,'0000-00-00 00:00:00'),(2665,1834,77,'max_length','100',NULL,NULL,NULL,'0000-00-00 00:00:00'),(2666,1835,77,'required','',NULL,NULL,NULL,'0000-00-00 00:00:00'),(2667,1836,77,'required','',NULL,NULL,NULL,'0000-00-00 00:00:00'),(2668,1836,77,'max_length','9',NULL,NULL,NULL,'0000-00-00 00:00:00'),(2669,1837,77,'required','',NULL,NULL,NULL,'0000-00-00 00:00:00'),(2670,1837,77,'max_length','100',NULL,NULL,NULL,'0000-00-00 00:00:00'),(2671,1839,78,'required','',NULL,NULL,NULL,'0000-00-00 00:00:00'),(2672,1840,78,'required','',NULL,NULL,NULL,'0000-00-00 00:00:00'),(2673,1840,78,'max_length','100',NULL,NULL,NULL,'0000-00-00 00:00:00'),(2674,1841,78,'required','',NULL,NULL,NULL,'0000-00-00 00:00:00'),(2675,1841,78,'max_length','100',NULL,NULL,NULL,'0000-00-00 00:00:00'),(2676,1842,78,'required','',NULL,NULL,NULL,'0000-00-00 00:00:00'),(2677,1843,78,'required','',NULL,NULL,NULL,'0000-00-00 00:00:00'),(2678,1843,78,'max_length','9',NULL,NULL,NULL,'0000-00-00 00:00:00'),(2679,1844,78,'required','',NULL,NULL,NULL,'0000-00-00 00:00:00'),(2680,1844,78,'max_length','100',NULL,NULL,NULL,'0000-00-00 00:00:00'),(2736,1882,85,'required','',NULL,NULL,NULL,'0000-00-00 00:00:00'),(2737,1882,85,'max_length','100',NULL,NULL,NULL,'0000-00-00 00:00:00'),(2815,1982,101,'required','',NULL,NULL,NULL,'0000-00-00 00:00:00'),(2816,1983,101,'required','',NULL,NULL,NULL,'0000-00-00 00:00:00'),(2817,1983,101,'max_length','512',NULL,NULL,NULL,'0000-00-00 00:00:00'),(2818,1984,101,'required','',NULL,NULL,NULL,'0000-00-00 00:00:00'),(2819,1984,101,'max_length','11',NULL,NULL,NULL,'0000-00-00 00:00:00'),(2820,1985,101,'required','',NULL,NULL,NULL,'0000-00-00 00:00:00'),(2821,1985,101,'max_length','11',NULL,NULL,NULL,'0000-00-00 00:00:00'),(2876,2039,102,'required','',NULL,NULL,NULL,'0000-00-00 00:00:00'),(2877,2039,102,'max_length','4096',NULL,NULL,NULL,'0000-00-00 00:00:00'),(2878,2040,102,'required','',NULL,NULL,NULL,'0000-00-00 00:00:00'),(2879,2040,102,'max_length','11',NULL,NULL,NULL,'0000-00-00 00:00:00'),(2880,2041,102,'required','',NULL,NULL,NULL,'0000-00-00 00:00:00'),(2881,2042,102,'required','',NULL,NULL,NULL,'0000-00-00 00:00:00'),(2882,2043,102,'max_length','4096',NULL,NULL,NULL,'0000-00-00 00:00:00'),(2883,2044,102,'max_length','4096',NULL,NULL,NULL,'0000-00-00 00:00:00'),(2884,2045,102,'required','',NULL,NULL,NULL,'0000-00-00 00:00:00'),(2885,2045,102,'max_length','11',NULL,NULL,NULL,'0000-00-00 00:00:00'),(2886,2046,102,'required','',NULL,NULL,NULL,'0000-00-00 00:00:00'),(2887,2046,102,'max_length','11',NULL,NULL,NULL,'0000-00-00 00:00:00'),(2888,2050,104,'required','',NULL,NULL,NULL,'0000-00-00 00:00:00'),(2889,2050,104,'max_length','11',NULL,NULL,NULL,'0000-00-00 00:00:00'),(2890,2051,104,'required','',NULL,NULL,NULL,'0000-00-00 00:00:00'),(2891,2051,104,'max_length','11',NULL,NULL,NULL,'0000-00-00 00:00:00'),(2892,2052,104,'required','',NULL,NULL,NULL,'0000-00-00 00:00:00'),(2893,2052,104,'max_length','11',NULL,NULL,NULL,'0000-00-00 00:00:00'),(2894,2053,104,'required','',NULL,NULL,NULL,'0000-00-00 00:00:00'),(2895,2053,104,'max_length','11',NULL,NULL,NULL,'0000-00-00 00:00:00'),(2896,2054,104,'required','',NULL,NULL,NULL,'0000-00-00 00:00:00'),(2897,2055,104,'required','',NULL,NULL,NULL,'0000-00-00 00:00:00'),(2898,2057,105,'required','',NULL,NULL,NULL,'0000-00-00 00:00:00'),(2899,2057,105,'max_length','11',NULL,NULL,NULL,'0000-00-00 00:00:00'),(2900,2058,105,'required','',NULL,NULL,NULL,'0000-00-00 00:00:00'),(2901,2058,105,'max_length','11',NULL,NULL,NULL,'0000-00-00 00:00:00'),(2902,2059,105,'required','',NULL,NULL,NULL,'0000-00-00 00:00:00'),(2903,2060,105,'required','',NULL,NULL,NULL,'0000-00-00 00:00:00'),(2904,2060,105,'max_length','11',NULL,NULL,NULL,'0000-00-00 00:00:00'),(2905,2061,105,'required','',NULL,NULL,NULL,'0000-00-00 00:00:00'),(2906,2061,105,'max_length','11',NULL,NULL,NULL,'0000-00-00 00:00:00'),(2907,2062,105,'required','',NULL,NULL,NULL,'0000-00-00 00:00:00'),(2908,2063,105,'required','',NULL,NULL,NULL,'0000-00-00 00:00:00'),(2909,2065,106,'required','',NULL,NULL,NULL,'0000-00-00 00:00:00'),(2910,2065,106,'max_length','11',NULL,NULL,NULL,'0000-00-00 00:00:00'),(2911,2066,106,'required','',NULL,NULL,NULL,'0000-00-00 00:00:00'),(2912,2067,106,'required','',NULL,NULL,NULL,'0000-00-00 00:00:00'),(2913,2067,106,'max_length','11',NULL,NULL,NULL,'0000-00-00 00:00:00'),(2914,2068,106,'required','',NULL,NULL,NULL,'0000-00-00 00:00:00'),(2915,2068,106,'max_length','11',NULL,NULL,NULL,'0000-00-00 00:00:00'),(2916,2069,106,'required','',NULL,NULL,NULL,'0000-00-00 00:00:00'),(2917,2070,106,'required','',NULL,NULL,NULL,'0000-00-00 00:00:00'),(2959,2095,107,'required','',NULL,NULL,NULL,'0000-00-00 00:00:00'),(2960,2095,107,'max_length','11',NULL,NULL,NULL,'0000-00-00 00:00:00'),(2961,2096,107,'required','',NULL,NULL,NULL,'0000-00-00 00:00:00'),(2962,2097,107,'required','',NULL,NULL,NULL,'0000-00-00 00:00:00'),(2963,2097,107,'max_length','4096',NULL,NULL,NULL,'0000-00-00 00:00:00'),(2964,2098,107,'required','',NULL,NULL,NULL,'0000-00-00 00:00:00'),(2965,2098,107,'max_length','100',NULL,NULL,NULL,'0000-00-00 00:00:00'),(2966,2099,107,'required','',NULL,NULL,NULL,'0000-00-00 00:00:00'),(2967,2099,107,'max_length','100',NULL,NULL,NULL,'0000-00-00 00:00:00'),(2968,2100,107,'required','',NULL,NULL,NULL,'0000-00-00 00:00:00'),(2969,2100,107,'max_length','4096',NULL,NULL,NULL,'0000-00-00 00:00:00'),(2970,2101,107,'required','',NULL,NULL,NULL,'0000-00-00 00:00:00'),(2971,2101,107,'max_length','4096',NULL,NULL,NULL,'0000-00-00 00:00:00'),(2972,2102,107,'required','',NULL,NULL,NULL,'0000-00-00 00:00:00'),(2973,2102,107,'max_length','11',NULL,NULL,NULL,'0000-00-00 00:00:00'),(2974,2103,107,'required','',NULL,NULL,NULL,'0000-00-00 00:00:00'),(2975,2103,107,'max_length','11',NULL,NULL,NULL,'0000-00-00 00:00:00'),(2976,2104,107,'required','',NULL,NULL,NULL,'0000-00-00 00:00:00'),(2977,2104,107,'max_length','11',NULL,NULL,NULL,'0000-00-00 00:00:00'),(2978,2107,108,'required','',NULL,NULL,NULL,'0000-00-00 00:00:00'),(2979,2107,108,'max_length','11',NULL,NULL,NULL,'0000-00-00 00:00:00'),(2980,2108,108,'required','',NULL,NULL,NULL,'0000-00-00 00:00:00'),(2981,2108,108,'max_length','4096',NULL,NULL,NULL,'0000-00-00 00:00:00'),(2982,2109,108,'required','',NULL,NULL,NULL,'0000-00-00 00:00:00'),(2983,2109,108,'max_length','100',NULL,NULL,NULL,'0000-00-00 00:00:00'),(2984,2110,108,'required','',NULL,NULL,NULL,'0000-00-00 00:00:00'),(2985,2110,108,'max_length','100',NULL,NULL,NULL,'0000-00-00 00:00:00'),(2986,2111,108,'required','',NULL,NULL,NULL,'0000-00-00 00:00:00'),(2987,2111,108,'max_length','4096',NULL,NULL,NULL,'0000-00-00 00:00:00'),(2988,2112,108,'required','',NULL,NULL,NULL,'0000-00-00 00:00:00'),(2989,2112,108,'max_length','4096',NULL,NULL,NULL,'0000-00-00 00:00:00'),(2990,2113,108,'required','',NULL,NULL,NULL,'0000-00-00 00:00:00'),(2991,2113,108,'max_length','11',NULL,NULL,NULL,'0000-00-00 00:00:00'),(2992,2114,108,'required','',NULL,NULL,NULL,'0000-00-00 00:00:00'),(2993,2114,108,'max_length','4096',NULL,NULL,NULL,'0000-00-00 00:00:00'),(2994,2115,108,'required','',NULL,NULL,NULL,'0000-00-00 00:00:00'),(2995,2115,108,'max_length','11',NULL,NULL,NULL,'0000-00-00 00:00:00'),(2996,2116,108,'required','',NULL,NULL,NULL,'0000-00-00 00:00:00'),(2997,2116,108,'max_length','11',NULL,NULL,NULL,'0000-00-00 00:00:00'),(2998,2117,108,'required','',NULL,NULL,NULL,'0000-00-00 00:00:00'),(2999,2118,108,'required','',NULL,NULL,NULL,'0000-00-00 00:00:00'),(3010,2131,103,'required','',NULL,NULL,NULL,'0000-00-00 00:00:00'),(3011,2131,103,'max_length','2048',NULL,NULL,NULL,'0000-00-00 00:00:00'),(3012,2132,103,'required','',NULL,NULL,NULL,'0000-00-00 00:00:00'),(3013,2132,103,'max_length','128',NULL,NULL,NULL,'0000-00-00 00:00:00'),(3014,2133,103,'required','',NULL,NULL,NULL,'0000-00-00 00:00:00'),(3015,2133,103,'max_length','4096',NULL,NULL,NULL,'0000-00-00 00:00:00'),(3016,2134,103,'required','',NULL,NULL,NULL,'0000-00-00 00:00:00'),(3017,2135,103,'required','',NULL,NULL,NULL,'0000-00-00 00:00:00'),(3018,2136,103,'required','',NULL,NULL,NULL,'0000-00-00 00:00:00'),(3019,2136,103,'max_length','4096',NULL,NULL,NULL,'0000-00-00 00:00:00'),(3020,2137,103,'required','',NULL,NULL,NULL,'0000-00-00 00:00:00'),(3021,2137,103,'max_length','11',NULL,NULL,NULL,'0000-00-00 00:00:00'),(3022,2138,103,'required','',NULL,NULL,NULL,'0000-00-00 00:00:00'),(3023,2138,103,'max_length','11',NULL,NULL,NULL,'0000-00-00 00:00:00'),(3024,2139,103,'required','',NULL,NULL,NULL,'0000-00-00 00:00:00'),(3025,2140,103,'required','',NULL,NULL,NULL,'0000-00-00 00:00:00'),(3026,2141,109,'required','',NULL,NULL,NULL,'0000-00-00 00:00:00'),(3027,2141,109,'max_length','11',NULL,NULL,NULL,'0000-00-00 00:00:00'),(3028,2142,109,'required','',NULL,NULL,NULL,'0000-00-00 00:00:00'),(3029,2142,109,'max_length','2048',NULL,NULL,NULL,'0000-00-00 00:00:00'),(3030,2143,109,'required','',NULL,NULL,NULL,'0000-00-00 00:00:00'),(3031,2143,109,'max_length','128',NULL,NULL,NULL,'0000-00-00 00:00:00'),(3032,2144,109,'required','',NULL,NULL,NULL,'0000-00-00 00:00:00'),(3033,2144,109,'max_length','4096',NULL,NULL,NULL,'0000-00-00 00:00:00'),(3034,2145,109,'required','',NULL,NULL,NULL,'0000-00-00 00:00:00'),(3035,2146,109,'required','',NULL,NULL,NULL,'0000-00-00 00:00:00'),(3036,2147,109,'required','',NULL,NULL,NULL,'0000-00-00 00:00:00'),(3037,2147,109,'max_length','4096',NULL,NULL,NULL,'0000-00-00 00:00:00'),(3038,2148,109,'required','',NULL,NULL,NULL,'0000-00-00 00:00:00'),(3039,2148,109,'max_length','11',NULL,NULL,NULL,'0000-00-00 00:00:00'),(3040,2149,109,'required','',NULL,NULL,NULL,'0000-00-00 00:00:00'),(3041,2149,109,'max_length','11',NULL,NULL,NULL,'0000-00-00 00:00:00'),(3042,2150,109,'required','',NULL,NULL,NULL,'0000-00-00 00:00:00'),(3043,2151,109,'required','',NULL,NULL,NULL,'0000-00-00 00:00:00'),(3044,2152,110,'required','',NULL,NULL,NULL,'0000-00-00 00:00:00'),(3045,2152,110,'max_length','11',NULL,NULL,NULL,'0000-00-00 00:00:00'),(3046,2153,110,'required','',NULL,NULL,NULL,'0000-00-00 00:00:00'),(3047,2153,110,'max_length','2048',NULL,NULL,NULL,'0000-00-00 00:00:00'),(3048,2154,110,'required','',NULL,NULL,NULL,'0000-00-00 00:00:00'),(3049,2154,110,'max_length','128',NULL,NULL,NULL,'0000-00-00 00:00:00'),(3050,2155,110,'required','',NULL,NULL,NULL,'0000-00-00 00:00:00'),(3051,2155,110,'max_length','4096',NULL,NULL,NULL,'0000-00-00 00:00:00'),(3052,2156,110,'required','',NULL,NULL,NULL,'0000-00-00 00:00:00'),(3053,2157,110,'required','',NULL,NULL,NULL,'0000-00-00 00:00:00'),(3054,2158,110,'required','',NULL,NULL,NULL,'0000-00-00 00:00:00'),(3055,2158,110,'max_length','4096',NULL,NULL,NULL,'0000-00-00 00:00:00'),(3056,2159,110,'required','',NULL,NULL,NULL,'0000-00-00 00:00:00'),(3057,2159,110,'max_length','11',NULL,NULL,NULL,'0000-00-00 00:00:00'),(3058,2160,110,'required','',NULL,NULL,NULL,'0000-00-00 00:00:00'),(3059,2160,110,'max_length','11',NULL,NULL,NULL,'0000-00-00 00:00:00'),(3060,2161,110,'required','',NULL,NULL,NULL,'0000-00-00 00:00:00'),(3061,2162,110,'required','',NULL,NULL,NULL,'0000-00-00 00:00:00'),(3062,2163,111,'required','',NULL,NULL,NULL,'0000-00-00 00:00:00'),(3063,2163,111,'max_length','11',NULL,NULL,NULL,'0000-00-00 00:00:00'),(3064,2164,111,'required','',NULL,NULL,NULL,'0000-00-00 00:00:00'),(3065,2164,111,'max_length','2048',NULL,NULL,NULL,'0000-00-00 00:00:00'),(3066,2165,111,'required','',NULL,NULL,NULL,'0000-00-00 00:00:00'),(3067,2165,111,'max_length','128',NULL,NULL,NULL,'0000-00-00 00:00:00'),(3068,2166,111,'required','',NULL,NULL,NULL,'0000-00-00 00:00:00'),(3069,2166,111,'max_length','4096',NULL,NULL,NULL,'0000-00-00 00:00:00'),(3070,2167,111,'required','',NULL,NULL,NULL,'0000-00-00 00:00:00'),(3071,2168,111,'required','',NULL,NULL,NULL,'0000-00-00 00:00:00'),(3072,2169,111,'required','',NULL,NULL,NULL,'0000-00-00 00:00:00'),(3073,2169,111,'max_length','4096',NULL,NULL,NULL,'0000-00-00 00:00:00'),(3074,2170,111,'required','',NULL,NULL,NULL,'0000-00-00 00:00:00'),(3075,2170,111,'max_length','11',NULL,NULL,NULL,'0000-00-00 00:00:00'),(3076,2171,111,'required','',NULL,NULL,NULL,'0000-00-00 00:00:00'),(3077,2171,111,'max_length','11',NULL,NULL,NULL,'0000-00-00 00:00:00'),(3078,2172,111,'required','',NULL,NULL,NULL,'0000-00-00 00:00:00'),(3079,2173,111,'required','',NULL,NULL,NULL,'0000-00-00 00:00:00'),(3096,2189,112,'required','',NULL,NULL,NULL,'0000-00-00 00:00:00'),(3097,2189,112,'max_length','1024',NULL,NULL,NULL,'0000-00-00 00:00:00'),(3098,2190,112,'required','',NULL,NULL,NULL,'0000-00-00 00:00:00'),(3099,2191,112,'required','',NULL,NULL,NULL,'0000-00-00 00:00:00'),(3100,2191,112,'max_length','11',NULL,NULL,NULL,'0000-00-00 00:00:00'),(3101,2192,112,'required','',NULL,NULL,NULL,'0000-00-00 00:00:00'),(3102,2192,112,'max_length','11',NULL,NULL,NULL,'0000-00-00 00:00:00');
/*!40000 ALTER TABLE `crud_field_validation` ENABLE KEYS */;
UNLOCK TABLES;

--
-- Table structure for table `crud_input_type`
--

DROP TABLE IF EXISTS `crud_input_type`;
/*!40101 SET @saved_cs_client     = @@character_set_client */;
/*!40101 SET character_set_client = utf8 */;
CREATE TABLE `crud_input_type` (
  `id` int(10) unsigned NOT NULL AUTO_INCREMENT,
  `type` varchar(200) NOT NULL,
  `relation` varchar(20) NOT NULL,
  `custom_value` int(11) NOT NULL,
  `validation_group` varchar(200) NOT NULL,
  `created_by` int(11) DEFAULT NULL,
  `updated_by` int(11) DEFAULT NULL,
  `updated_at` timestamp NULL DEFAULT NULL,
  `created_at` timestamp NOT NULL DEFAULT '0000-00-00 00:00:00',
  PRIMARY KEY (`id`),
  KEY `crud_input_type_created_by_index` (`created_by`),
  KEY `crud_input_type_updated_by_index` (`updated_by`)
) ENGINE=InnoDB AUTO_INCREMENT=27 DEFAULT CHARSET=utf8;
/*!40101 SET character_set_client = @saved_cs_client */;

--
-- Dumping data for table `crud_input_type`
--

LOCK TABLES `crud_input_type` WRITE;
/*!40000 ALTER TABLE `crud_input_type` DISABLE KEYS */;
INSERT INTO `crud_input_type` VALUES (1,'input','0',0,'input',NULL,NULL,NULL,'0000-00-00 00:00:00'),(2,'textarea','0',0,'text',NULL,NULL,NULL,'0000-00-00 00:00:00'),(3,'select','1',0,'select',NULL,NULL,NULL,'0000-00-00 00:00:00'),(4,'editor_wysiwyg','0',0,'editor',NULL,NULL,NULL,'0000-00-00 00:00:00'),(5,'password','0',0,'password',NULL,NULL,NULL,'0000-00-00 00:00:00'),(6,'email','0',0,'email',NULL,NULL,NULL,'0000-00-00 00:00:00'),(7,'address_map','0',0,'address_map',NULL,NULL,NULL,'0000-00-00 00:00:00'),(8,'file','0',0,'file',NULL,NULL,NULL,'0000-00-00 00:00:00'),(9,'file_multiple','0',0,'file_multiple',NULL,NULL,NULL,'0000-00-00 00:00:00'),(10,'datetime','0',0,'datetime',NULL,NULL,NULL,'0000-00-00 00:00:00'),(11,'date','0',0,'date',NULL,NULL,NULL,'0000-00-00 00:00:00'),(12,'timestamp','0',0,'timestamp',NULL,NULL,NULL,'0000-00-00 00:00:00'),(13,'number','0',0,'number',NULL,NULL,NULL,'0000-00-00 00:00:00'),(14,'yes_no','0',0,'yes_no',NULL,NULL,NULL,'0000-00-00 00:00:00'),(15,'time','0',0,'time',NULL,NULL,NULL,'0000-00-00 00:00:00'),(16,'year','0',0,'year',NULL,NULL,NULL,'0000-00-00 00:00:00'),(17,'select_multiple','1',0,'select_multiple',NULL,NULL,NULL,'0000-00-00 00:00:00'),(18,'checkboxes','1',0,'checkboxes',NULL,NULL,NULL,'0000-00-00 00:00:00'),(19,'options','1',0,'options',NULL,NULL,NULL,'0000-00-00 00:00:00'),(20,'true_false','0',0,'true_false',NULL,NULL,NULL,'0000-00-00 00:00:00'),(21,'current_user_username','0',0,'user_username',NULL,NULL,NULL,'0000-00-00 00:00:00'),(22,'current_user_id','0',0,'current_user_id',NULL,NULL,NULL,'0000-00-00 00:00:00'),(23,'custom_option','0',1,'custom_option',NULL,NULL,NULL,'0000-00-00 00:00:00'),(24,'custom_checkbox','0',1,'custom_checkbox',NULL,NULL,NULL,'0000-00-00 00:00:00'),(25,'custom_select_multiple','0',1,'custom_select_multiple',NULL,NULL,NULL,'0000-00-00 00:00:00'),(26,'custom_select','0',1,'custom_select',NULL,NULL,NULL,'0000-00-00 00:00:00');
/*!40000 ALTER TABLE `crud_input_type` ENABLE KEYS */;
UNLOCK TABLES;

--
-- Table structure for table `crud_input_validation`
--

DROP TABLE IF EXISTS `crud_input_validation`;
/*!40101 SET @saved_cs_client     = @@character_set_client */;
/*!40101 SET character_set_client = utf8 */;
CREATE TABLE `crud_input_validation` (
  `id` int(10) unsigned NOT NULL AUTO_INCREMENT,
  `validation` varchar(200) NOT NULL,
  `input_able` varchar(20) NOT NULL,
  `group_input` text NOT NULL,
  `input_placeholder` text NOT NULL,
  `call_back` varchar(10) NOT NULL,
  `input_validation` text NOT NULL,
  `created_by` int(11) DEFAULT NULL,
  `updated_by` int(11) DEFAULT NULL,
  `updated_at` timestamp NULL DEFAULT NULL,
  `created_at` timestamp NOT NULL DEFAULT '0000-00-00 00:00:00',
  PRIMARY KEY (`id`),
  KEY `crud_input_validation_created_by_index` (`created_by`),
  KEY `crud_input_validation_updated_by_index` (`updated_by`)
) ENGINE=InnoDB AUTO_INCREMENT=38 DEFAULT CHARSET=utf8;
/*!40101 SET character_set_client = @saved_cs_client */;

--
-- Dumping data for table `crud_input_validation`
--

LOCK TABLES `crud_input_validation` WRITE;
/*!40000 ALTER TABLE `crud_input_validation` DISABLE KEYS */;
INSERT INTO `crud_input_validation` VALUES (1,'required','no','input, file, number, text, datetime, select, password, email, editor, date, yes_no, time, year, select_multiple, options, checkboxes, true_false, address_map, custom_option, custom_checkbox, custom_select_multiple, custom_select, file_multiple','','','',NULL,NULL,NULL,'0000-00-00 00:00:00'),(2,'max_length','yes','input, number, text, select, password, email, editor, yes_no, time, year, select_multiple, options, checkboxes, address_map','','','numeric',NULL,NULL,NULL,'0000-00-00 00:00:00'),(3,'min_length','yes','input, number, text, select, password, email, editor, time, year, select_multiple, address_map','','','numeric',NULL,NULL,NULL,'0000-00-00 00:00:00'),(4,'valid_email','no','input, email','','','',NULL,NULL,NULL,'0000-00-00 00:00:00'),(5,'valid_emails','no','input, email','','','',NULL,NULL,NULL,'0000-00-00 00:00:00'),(6,'regex','yes','input, number, text, datetime, select, password, email, editor, date, yes_no, time, year, select_multiple, options, checkboxes','','yes','callback_valid_regex',NULL,NULL,NULL,'0000-00-00 00:00:00'),(7,'decimal','no','input, number, text, select','','','',NULL,NULL,NULL,'0000-00-00 00:00:00'),(8,'allowed_extension','yes','file, file_multiple','ex : jpg,png,..','','callback_valid_extension_list',NULL,NULL,NULL,'0000-00-00 00:00:00'),(9,'max_width','yes','file, file_multiple','','','numeric',NULL,NULL,NULL,'0000-00-00 00:00:00'),(10,'max_height','yes','file, file_multiple','','','numeric',NULL,NULL,NULL,'0000-00-00 00:00:00'),(11,'max_size','yes','file, file_multiple','... kb','','numeric',NULL,NULL,NULL,'0000-00-00 00:00:00'),(12,'max_item','yes','file_multiple','','','numeric',NULL,NULL,NULL,'0000-00-00 00:00:00'),(13,'valid_url','no','input, text','','','',NULL,NULL,NULL,'0000-00-00 00:00:00'),(14,'alpha','no','input, text, select, password, editor, yes_no','','','',NULL,NULL,NULL,'0000-00-00 00:00:00'),(15,'alpha_numeric','no','input, number, text, select, password, editor','','','',NULL,NULL,NULL,'0000-00-00 00:00:00'),(16,'alpha_numeric_spaces','no','input, number, text,select, password, editor','','','',NULL,NULL,NULL,'0000-00-00 00:00:00'),(17,'valid_number','no','input, number, text, password, editor, true_false','','yes','',NULL,NULL,NULL,'0000-00-00 00:00:00'),(18,'valid_datetime','no','input, datetime, text','','yes','',NULL,NULL,NULL,'0000-00-00 00:00:00'),(19,'valid_date','no','input, datetime, date, text','','yes','',NULL,NULL,NULL,'0000-00-00 00:00:00'),(20,'valid_max_selected_option','yes','select_multiple, custom_select_multiple, custom_checkbox, checkboxes','','yes','numeric',NULL,NULL,NULL,'0000-00-00 00:00:00'),(21,'valid_min_selected_option','yes','select_multiple, custom_select_multiple, custom_checkbox, checkboxes','','yes','numeric',NULL,NULL,NULL,'0000-00-00 00:00:00'),(22,'valid_alpha_numeric_spaces_underscores','no','input, text,select, password, editor','','yes','',NULL,NULL,NULL,'0000-00-00 00:00:00'),(23,'matches','yes','input, number, text, password, email','any field','no','callback_valid_alpha_numeric_spaces_underscores',NULL,NULL,NULL,'0000-00-00 00:00:00'),(24,'valid_json','no','input, text, editor','','yes',' ',NULL,NULL,NULL,'0000-00-00 00:00:00'),(25,'valid_url','no','input, text, editor','','no',' ',NULL,NULL,NULL,'0000-00-00 00:00:00'),(26,'exact_length','yes','input, text, number','0 - 99999*','no','numeric',NULL,NULL,NULL,'0000-00-00 00:00:00'),(27,'alpha_dash','no','input, text','','no','',NULL,NULL,NULL,'0000-00-00 00:00:00'),(28,'integer','no','input, text, number','','no','',NULL,NULL,NULL,'0000-00-00 00:00:00'),(29,'differs','yes','input, text, number, email, password, editor, options, select','any field','no','callback_valid_alpha_numeric_spaces_underscores',NULL,NULL,NULL,'0000-00-00 00:00:00'),(30,'is_natural','no','input, text, number','','no','',NULL,NULL,NULL,'0000-00-00 00:00:00'),(31,'is_natural_no_zero','no','input, text, number','','no','',NULL,NULL,NULL,'0000-00-00 00:00:00'),(32,'less_than','yes','input, text, number','','no','numeric',NULL,NULL,NULL,'0000-00-00 00:00:00'),(33,'less_than_equal_to','yes','input, text, number','','no','numeric',NULL,NULL,NULL,'0000-00-00 00:00:00'),(34,'greater_than','yes','input, text, number','','no','numeric',NULL,NULL,NULL,'0000-00-00 00:00:00'),(35,'greater_than_equal_to','yes','input, text, number','','no','numeric',NULL,NULL,NULL,'0000-00-00 00:00:00'),(36,'in_list','yes','input, text, number, select, options','','no','callback_valid_multiple_value',NULL,NULL,NULL,'0000-00-00 00:00:00'),(37,'valid_ip','no','input, text','','no','',NULL,NULL,NULL,'0000-00-00 00:00:00');
/*!40000 ALTER TABLE `crud_input_validation` ENABLE KEYS */;
UNLOCK TABLES;

--
-- Table structure for table `crud_nav_menu`
--

DROP TABLE IF EXISTS `crud_nav_menu`;
/*!40101 SET @saved_cs_client     = @@character_set_client */;
/*!40101 SET character_set_client = utf8 */;
CREATE TABLE `crud_nav_menu` (
  `id` int(11) NOT NULL AUTO_INCREMENT,
  `crud_id` int(11) NOT NULL,
  `nav_menu_name` varchar(100) NOT NULL,
  `nav_menu_link` varchar(1024) NOT NULL DEFAULT '#',
  `link_column` varchar(100) DEFAULT NULL,
  `show_list` varchar(10) DEFAULT NULL,
  `show_view` varchar(10) DEFAULT NULL,
  `show_edit` varchar(10) DEFAULT NULL,
  `show_add` varchar(10) DEFAULT NULL,
  `is_active` tinyint(1) NOT NULL DEFAULT '0',
  `sort` int(11) NOT NULL,
  `created_by` int(11) DEFAULT NULL,
  `updated_by` int(11) DEFAULT NULL,
  `updated_at` timestamp NULL DEFAULT NULL,
  `created_at` timestamp NOT NULL DEFAULT '0000-00-00 00:00:00',
  PRIMARY KEY (`id`),
  KEY `crud_nav_menu_created_by_index` (`created_by`),
  KEY `crud_nav_menu_updated_by_index` (`updated_by`)
) ENGINE=InnoDB AUTO_INCREMENT=279 DEFAULT CHARSET=latin1;
/*!40101 SET character_set_client = @saved_cs_client */;

--
-- Dumping data for table `crud_nav_menu`
--

LOCK TABLES `crud_nav_menu` WRITE;
/*!40000 ALTER TABLE `crud_nav_menu` DISABLE KEYS */;
/*!40000 ALTER TABLE `crud_nav_menu` ENABLE KEYS */;
UNLOCK TABLES;

--
-- Table structure for table `equipment_category`
--

DROP TABLE IF EXISTS `equipment_category`;
/*!40101 SET @saved_cs_client     = @@character_set_client */;
/*!40101 SET character_set_client = utf8 */;
CREATE TABLE `equipment_category` (
  `id` int(11) NOT NULL AUTO_INCREMENT,
  `name` varchar(512) NOT NULL,
  `image` varchar(4096) DEFAULT NULL,
  `created_by` int(11) DEFAULT NULL,
  `updated_by` int(11) DEFAULT NULL,
  `updated_at` timestamp NULL DEFAULT NULL,
  `created_at` timestamp NULL DEFAULT NULL,
  PRIMARY KEY (`id`),
  UNIQUE KEY `name` (`name`),
  KEY `equipment_category_created_by_index` (`created_by`),
  KEY `equipment_category_updated_by_index` (`updated_by`)
) ENGINE=InnoDB AUTO_INCREMENT=5 DEFAULT CHARSET=latin1;
/*!40101 SET character_set_client = @saved_cs_client */;

--
-- Dumping data for table `equipment_category`
--

LOCK TABLES `equipment_category` WRITE;
/*!40000 ALTER TABLE `equipment_category` DISABLE KEYS */;
INSERT INTO `equipment_category` VALUES (4,'Line','20220213013006-2022-02-13equipment_category013003.png',1,NULL,NULL,'2022-02-13 01:30:06');
/*!40000 ALTER TABLE `equipment_category` ENABLE KEYS */;
UNLOCK TABLES;

--
-- Table structure for table `equipment_checkin`
--

DROP TABLE IF EXISTS `equipment_checkin`;
/*!40101 SET @saved_cs_client     = @@character_set_client */;
/*!40101 SET character_set_client = utf8 */;
CREATE TABLE `equipment_checkin` (
  `id` int(11) NOT NULL AUTO_INCREMENT,
  `equipment_id` int(11) NOT NULL,
  `equipment_in_datetime` timestamp NOT NULL DEFAULT CURRENT_TIMESTAMP,
  `created_by` int(11) DEFAULT NULL,
  `updated_by` int(11) DEFAULT NULL,
  `updated_at` timestamp NULL DEFAULT NULL,
  `created_at` timestamp NULL DEFAULT NULL,
  PRIMARY KEY (`id`),
  KEY `equipment_id` (`equipment_id`),
  KEY `equipment_checkin_created_by_index` (`created_by`),
  KEY `equipment_checkin_updated_by_index` (`updated_by`),
  CONSTRAINT `equipment_checkin_ibfk_1` FOREIGN KEY (`equipment_id`) REFERENCES `equipments` (`id`) ON DELETE NO ACTION ON UPDATE NO ACTION
) ENGINE=InnoDB AUTO_INCREMENT=2 DEFAULT CHARSET=latin1;
/*!40101 SET character_set_client = @saved_cs_client */;

--
-- Dumping data for table `equipment_checkin`
--

LOCK TABLES `equipment_checkin` WRITE;
/*!40000 ALTER TABLE `equipment_checkin` DISABLE KEYS */;
INSERT INTO `equipment_checkin` VALUES (1,1,'2022-02-18 10:24:25',1,NULL,NULL,'2022-02-18 10:24:25');
/*!40000 ALTER TABLE `equipment_checkin` ENABLE KEYS */;
UNLOCK TABLES;

--
-- Table structure for table `equipments`
--

DROP TABLE IF EXISTS `equipments`;
/*!40101 SET @saved_cs_client     = @@character_set_client */;
/*!40101 SET character_set_client = utf8 */;
CREATE TABLE `equipments` (
  `id` int(11) NOT NULL AUTO_INCREMENT,
  `equipment_name` varchar(4096) NOT NULL,
  `equipment_condition` varchar(100) DEFAULT NULL,
  `equipment_size` varchar(100) DEFAULT NULL,
  `equipment_description` varchar(4096) DEFAULT NULL,
  `equipment_barcode` varchar(4096) DEFAULT NULL,
  `equipment_category_id` int(11) NOT NULL,
  `equipment_image` varchar(4096) DEFAULT NULL,
  `created_by` int(11) DEFAULT NULL,
  `updated_by` int(11) DEFAULT NULL,
  `updated_at` timestamp NULL DEFAULT NULL,
  `created_at` timestamp NULL DEFAULT NULL,
  PRIMARY KEY (`id`),
  KEY `equipment_category_id` (`equipment_category_id`),
  KEY `equipments_created_by_index` (`created_by`),
  KEY `equipments_updated_by_index` (`updated_by`),
  CONSTRAINT `equipments_ibfk_1` FOREIGN KEY (`equipment_category_id`) REFERENCES `equipment_category` (`id`)
) ENGINE=InnoDB AUTO_INCREMENT=4 DEFAULT CHARSET=latin1;
/*!40101 SET character_set_client = @saved_cs_client */;

--
-- Dumping data for table `equipments`
--

LOCK TABLES `equipments` WRITE;
/*!40000 ALTER TABLE `equipments` DISABLE KEYS */;
INSERT INTO `equipments` VALUES (1,'Test Equip','NEW','LONG',NULL,NULL,4,NULL,1,NULL,NULL,'2022-02-13 01:31:39'),(2,'Second equipment','NEW','LONG','cadca;dcnka kcb akc amc akcakcj acmk akcbnkajcn kac','cadcadca',4,'20220213152747-2022-02-13equipments152721.png',1,NULL,NULL,'2022-02-13 15:27:47'),(3,'Third equipment','NEW','LONG','cacadcadc','cadcacaccacas',4,'20220214115027-2022-02-14equipments114949.png',1,NULL,NULL,'2022-02-14 11:50:27');
/*!40000 ALTER TABLE `equipments` ENABLE KEYS */;
UNLOCK TABLES;

--
-- Temporary table structure for view `equipments_available`
--

DROP TABLE IF EXISTS `equipments_available`;
/*!50001 DROP VIEW IF EXISTS `equipments_available`*/;
SET @saved_cs_client     = @@character_set_client;
SET character_set_client = utf8;
/*!50001 CREATE VIEW `equipments_available` AS SELECT 
 1 AS `id`,
 1 AS `equipment_name`,
 1 AS `equipment_condition`,
 1 AS `equipment_size`,
 1 AS `equipment_description`,
 1 AS `equipment_barcode`,
 1 AS `equipment_category_id`,
 1 AS `equipment_image`,
 1 AS `created_by`,
 1 AS `updated_by`,
 1 AS `updated_at`,
 1 AS `created_at`*/;
SET character_set_client = @saved_cs_client;

--
-- Temporary table structure for view `equipments_not_available`
--

DROP TABLE IF EXISTS `equipments_not_available`;
/*!50001 DROP VIEW IF EXISTS `equipments_not_available`*/;
SET @saved_cs_client     = @@character_set_client;
SET character_set_client = utf8;
/*!50001 CREATE VIEW `equipments_not_available` AS SELECT 
 1 AS `id`,
 1 AS `equipment_name`,
 1 AS `equipment_condition`,
 1 AS `equipment_size`,
 1 AS `equipment_description`,
 1 AS `equipment_barcode`,
 1 AS `equipment_category_id`,
 1 AS `equipment_image`,
 1 AS `created_by`,
 1 AS `updated_by`,
 1 AS `updated_at`,
 1 AS `created_at`*/;
SET character_set_client = @saved_cs_client;

--
-- Table structure for table `event_equipment_checklist`
--

DROP TABLE IF EXISTS `event_equipment_checklist`;
/*!40101 SET @saved_cs_client     = @@character_set_client */;
/*!40101 SET character_set_client = utf8 */;
CREATE TABLE `event_equipment_checklist` (
  `id` int(11) NOT NULL AUTO_INCREMENT,
  `event_id` int(11) NOT NULL,
  `equipment_id` int(11) NOT NULL,
  `created_by` int(11) DEFAULT NULL,
  `updated_by` int(11) DEFAULT NULL,
  `updated_at` timestamp NULL DEFAULT NULL,
  `created_at` timestamp NULL DEFAULT NULL,
  PRIMARY KEY (`id`),
  KEY `event_equipment_checklist_created_by_index` (`created_by`),
  KEY `event_equipment_checklist_updated_by_index` (`updated_by`),
  KEY `event_id` (`event_id`),
  KEY `equipment_id` (`equipment_id`),
  CONSTRAINT `event_equipment_checklist_ibfk_1` FOREIGN KEY (`event_id`) REFERENCES `events` (`id`) ON DELETE CASCADE ON UPDATE CASCADE,
  CONSTRAINT `event_equipment_checklist_ibfk_2` FOREIGN KEY (`equipment_id`) REFERENCES `equipments` (`id`) ON DELETE CASCADE ON UPDATE CASCADE
) ENGINE=InnoDB DEFAULT CHARSET=latin1;
/*!40101 SET character_set_client = @saved_cs_client */;

--
-- Dumping data for table `event_equipment_checklist`
--

LOCK TABLES `event_equipment_checklist` WRITE;
/*!40000 ALTER TABLE `event_equipment_checklist` DISABLE KEYS */;
/*!40000 ALTER TABLE `event_equipment_checklist` ENABLE KEYS */;
UNLOCK TABLES;

--
-- Table structure for table `event_equipment_checkout`
--

DROP TABLE IF EXISTS `event_equipment_checkout`;
/*!40101 SET @saved_cs_client     = @@character_set_client */;
/*!40101 SET character_set_client = utf8 */;
CREATE TABLE `event_equipment_checkout` (
  `id` int(11) NOT NULL AUTO_INCREMENT,
  `event_id` int(11) NOT NULL,
  `equipment_id` int(11) NOT NULL,
  `equipment_out_datetime` timestamp NOT NULL DEFAULT CURRENT_TIMESTAMP,
  `created_by` int(11) DEFAULT NULL,
  `updated_by` int(11) DEFAULT NULL,
  `updated_at` timestamp NULL DEFAULT NULL,
  `created_at` timestamp NULL DEFAULT NULL,
  PRIMARY KEY (`id`),
  UNIQUE KEY `event_id_2` (`event_id`,`equipment_id`),
  KEY `event_id` (`event_id`),
  KEY `equipment_id` (`equipment_id`),
  KEY `event_equipment_checkout_created_by_index` (`created_by`),
  KEY `event_equipment_checkout_updated_by_index` (`updated_by`),
  CONSTRAINT `event_equipment_checkout_ibfk_1` FOREIGN KEY (`event_id`) REFERENCES `events` (`id`) ON DELETE NO ACTION ON UPDATE NO ACTION,
  CONSTRAINT `event_equipment_checkout_ibfk_2` FOREIGN KEY (`equipment_id`) REFERENCES `equipments` (`id`) ON DELETE NO ACTION ON UPDATE NO ACTION
) ENGINE=InnoDB AUTO_INCREMENT=3 DEFAULT CHARSET=latin1;
/*!40101 SET character_set_client = @saved_cs_client */;

--
-- Dumping data for table `event_equipment_checkout`
--

LOCK TABLES `event_equipment_checkout` WRITE;
/*!40000 ALTER TABLE `event_equipment_checkout` DISABLE KEYS */;
INSERT INTO `event_equipment_checkout` VALUES (1,1,1,'2022-02-18 10:22:38',1,NULL,NULL,'2022-02-18 10:22:38'),(2,1,2,'2022-02-18 10:22:52',1,NULL,NULL,'2022-02-18 10:22:52');
/*!40000 ALTER TABLE `event_equipment_checkout` ENABLE KEYS */;
UNLOCK TABLES;

--
-- Table structure for table `events`
--

DROP TABLE IF EXISTS `events`;
/*!40101 SET @saved_cs_client     = @@character_set_client */;
/*!40101 SET character_set_client = utf8 */;
CREATE TABLE `events` (
  `id` int(11) NOT NULL AUTO_INCREMENT,
  `event_name` varchar(2048) NOT NULL,
  `event_type` varchar(128) DEFAULT NULL,
  `event_location` varchar(4096) DEFAULT NULL,
  `check_in_date` timestamp NOT NULL DEFAULT CURRENT_TIMESTAMP,
  `check_out_date` timestamp NULL DEFAULT NULL,
  `event_image` varchar(4096) DEFAULT NULL,
  `created_by` int(11) DEFAULT NULL,
  `updated_by` int(11) DEFAULT NULL,
  `updated_at` timestamp NULL DEFAULT NULL,
  `created_at` timestamp NULL DEFAULT NULL,
  PRIMARY KEY (`id`),
  KEY `events_created_by_index` (`created_by`),
  KEY `events_updated_by_index` (`updated_by`),
  KEY `check_in_date` (`check_in_date`),
  KEY `check_out_date` (`check_out_date`)
) ENGINE=InnoDB AUTO_INCREMENT=3 DEFAULT CHARSET=latin1;
/*!40101 SET character_set_client = @saved_cs_client */;

--
-- Dumping data for table `events`
--

LOCK TABLES `events` WRITE;
/*!40000 ALTER TABLE `events` DISABLE KEYS */;
INSERT INTO `events` VALUES (1,'Langar','Demo','Nigeria','2022-02-17 10:22:01','2022-02-18 10:22:01','20220218102201-2022-02-18events102146.png',1,NULL,NULL,'2022-02-18 10:22:01'),(2,'second event','DEmo','Nigeria','2022-02-18 12:21:22','2022-02-25 12:21:22','20220218122122-2022-02-18events122118.png',1,NULL,NULL,'2022-02-18 12:21:22');
/*!40000 ALTER TABLE `events` ENABLE KEYS */;
UNLOCK TABLES;

--
-- Temporary table structure for view `events_future`
--

DROP TABLE IF EXISTS `events_future`;
/*!50001 DROP VIEW IF EXISTS `events_future`*/;
SET @saved_cs_client     = @@character_set_client;
SET character_set_client = utf8;
/*!50001 CREATE VIEW `events_future` AS SELECT 
 1 AS `id`,
 1 AS `event_name`,
 1 AS `event_type`,
 1 AS `event_location`,
 1 AS `check_in_date`,
 1 AS `check_out_date`,
 1 AS `event_image`,
 1 AS `created_by`,
 1 AS `updated_by`,
 1 AS `updated_at`,
 1 AS `created_at`*/;
SET character_set_client = @saved_cs_client;

--
-- Temporary table structure for view `events_ongoing`
--

DROP TABLE IF EXISTS `events_ongoing`;
/*!50001 DROP VIEW IF EXISTS `events_ongoing`*/;
SET @saved_cs_client     = @@character_set_client;
SET character_set_client = utf8;
/*!50001 CREATE VIEW `events_ongoing` AS SELECT 
 1 AS `id`,
 1 AS `event_name`,
 1 AS `event_type`,
 1 AS `event_location`,
 1 AS `check_in_date`,
 1 AS `check_out_date`,
 1 AS `event_image`,
 1 AS `created_by`,
 1 AS `updated_by`,
 1 AS `updated_at`,
 1 AS `created_at`*/;
SET character_set_client = @saved_cs_client;

--
-- Temporary table structure for view `events_past`
--

DROP TABLE IF EXISTS `events_past`;
/*!50001 DROP VIEW IF EXISTS `events_past`*/;
SET @saved_cs_client     = @@character_set_client;
SET character_set_client = utf8;
/*!50001 CREATE VIEW `events_past` AS SELECT 
 1 AS `id`,
 1 AS `event_name`,
 1 AS `event_type`,
 1 AS `event_location`,
 1 AS `check_in_date`,
 1 AS `check_out_date`,
 1 AS `event_image`,
 1 AS `created_by`,
 1 AS `updated_by`,
 1 AS `updated_at`,
 1 AS `created_at`*/;
SET character_set_client = @saved_cs_client;

--
-- Table structure for table `form`
--

DROP TABLE IF EXISTS `form`;
/*!40101 SET @saved_cs_client     = @@character_set_client */;
/*!40101 SET character_set_client = utf8 */;
CREATE TABLE `form` (
  `id` int(10) unsigned NOT NULL AUTO_INCREMENT,
  `title` varchar(200) NOT NULL,
  `subject` varchar(200) NOT NULL,
  `table_name` varchar(200) NOT NULL,
  `created_by` int(11) DEFAULT NULL,
  `updated_by` int(11) DEFAULT NULL,
  `updated_at` timestamp NULL DEFAULT NULL,
  `created_at` timestamp NOT NULL DEFAULT '0000-00-00 00:00:00',
  PRIMARY KEY (`id`),
  KEY `form_created_by_index` (`created_by`),
  KEY `form_updated_by_index` (`updated_by`)
) ENGINE=InnoDB DEFAULT CHARSET=utf8;
/*!40101 SET character_set_client = @saved_cs_client */;

--
-- Dumping data for table `form`
--

LOCK TABLES `form` WRITE;
/*!40000 ALTER TABLE `form` DISABLE KEYS */;
/*!40000 ALTER TABLE `form` ENABLE KEYS */;
UNLOCK TABLES;

--
-- Table structure for table `form_custom_attribute`
--

DROP TABLE IF EXISTS `form_custom_attribute`;
/*!40101 SET @saved_cs_client     = @@character_set_client */;
/*!40101 SET character_set_client = utf8 */;
CREATE TABLE `form_custom_attribute` (
  `id` int(10) unsigned NOT NULL AUTO_INCREMENT,
  `form_field_id` int(11) NOT NULL,
  `form_id` int(11) NOT NULL,
  `attribute_value` text NOT NULL,
  `attribute_label` text NOT NULL,
  `created_by` int(11) DEFAULT NULL,
  `updated_by` int(11) DEFAULT NULL,
  `updated_at` timestamp NULL DEFAULT NULL,
  `created_at` timestamp NOT NULL DEFAULT '0000-00-00 00:00:00',
  PRIMARY KEY (`id`),
  KEY `form_custom_attribute_created_by_index` (`created_by`),
  KEY `form_custom_attribute_updated_by_index` (`updated_by`)
) ENGINE=InnoDB DEFAULT CHARSET=utf8;
/*!40101 SET character_set_client = @saved_cs_client */;

--
-- Dumping data for table `form_custom_attribute`
--

LOCK TABLES `form_custom_attribute` WRITE;
/*!40000 ALTER TABLE `form_custom_attribute` DISABLE KEYS */;
/*!40000 ALTER TABLE `form_custom_attribute` ENABLE KEYS */;
UNLOCK TABLES;

--
-- Table structure for table `form_custom_option`
--

DROP TABLE IF EXISTS `form_custom_option`;
/*!40101 SET @saved_cs_client     = @@character_set_client */;
/*!40101 SET character_set_client = utf8 */;
CREATE TABLE `form_custom_option` (
  `id` int(10) unsigned NOT NULL AUTO_INCREMENT,
  `form_field_id` int(11) NOT NULL,
  `form_id` int(11) NOT NULL,
  `option_value` text NOT NULL,
  `option_label` text NOT NULL,
  `created_by` int(11) DEFAULT NULL,
  `updated_by` int(11) DEFAULT NULL,
  `updated_at` timestamp NULL DEFAULT NULL,
  `created_at` timestamp NOT NULL DEFAULT '0000-00-00 00:00:00',
  PRIMARY KEY (`id`),
  KEY `form_custom_option_created_by_index` (`created_by`),
  KEY `form_custom_option_updated_by_index` (`updated_by`)
) ENGINE=InnoDB DEFAULT CHARSET=utf8;
/*!40101 SET character_set_client = @saved_cs_client */;

--
-- Dumping data for table `form_custom_option`
--

LOCK TABLES `form_custom_option` WRITE;
/*!40000 ALTER TABLE `form_custom_option` DISABLE KEYS */;
/*!40000 ALTER TABLE `form_custom_option` ENABLE KEYS */;
UNLOCK TABLES;

--
-- Table structure for table `form_field`
--

DROP TABLE IF EXISTS `form_field`;
/*!40101 SET @saved_cs_client     = @@character_set_client */;
/*!40101 SET character_set_client = utf8 */;
CREATE TABLE `form_field` (
  `id` int(10) unsigned NOT NULL AUTO_INCREMENT,
  `form_id` int(11) NOT NULL,
  `sort` int(11) NOT NULL,
  `field_name` varchar(200) NOT NULL,
  `input_type` varchar(200) NOT NULL,
  `field_label` varchar(200) DEFAULT NULL,
  `placeholder` text,
  `auto_generate_help_block` varchar(10) DEFAULT NULL,
  `help_block` text,
  `relation_table` varchar(200) DEFAULT NULL,
  `relation_value` varchar(200) DEFAULT NULL,
  `relation_label` varchar(200) DEFAULT NULL,
  `created_by` int(11) DEFAULT NULL,
  `updated_by` int(11) DEFAULT NULL,
  `updated_at` timestamp NULL DEFAULT NULL,
  `created_at` timestamp NOT NULL DEFAULT '0000-00-00 00:00:00',
  PRIMARY KEY (`id`),
  KEY `form_field_created_by_index` (`created_by`),
  KEY `form_field_updated_by_index` (`updated_by`)
) ENGINE=InnoDB DEFAULT CHARSET=utf8;
/*!40101 SET character_set_client = @saved_cs_client */;

--
-- Dumping data for table `form_field`
--

LOCK TABLES `form_field` WRITE;
/*!40000 ALTER TABLE `form_field` DISABLE KEYS */;
/*!40000 ALTER TABLE `form_field` ENABLE KEYS */;
UNLOCK TABLES;

--
-- Table structure for table `form_field_validation`
--

DROP TABLE IF EXISTS `form_field_validation`;
/*!40101 SET @saved_cs_client     = @@character_set_client */;
/*!40101 SET character_set_client = utf8 */;
CREATE TABLE `form_field_validation` (
  `id` int(10) unsigned NOT NULL AUTO_INCREMENT,
  `form_field_id` int(11) NOT NULL,
  `form_id` int(11) NOT NULL,
  `validation_name` varchar(200) NOT NULL,
  `validation_value` text NOT NULL,
  `created_by` int(11) DEFAULT NULL,
  `updated_by` int(11) DEFAULT NULL,
  `updated_at` timestamp NULL DEFAULT NULL,
  `created_at` timestamp NOT NULL DEFAULT '0000-00-00 00:00:00',
  PRIMARY KEY (`id`),
  KEY `form_field_validation_created_by_index` (`created_by`),
  KEY `form_field_validation_updated_by_index` (`updated_by`)
) ENGINE=InnoDB DEFAULT CHARSET=utf8;
/*!40101 SET character_set_client = @saved_cs_client */;

--
-- Dumping data for table `form_field_validation`
--

LOCK TABLES `form_field_validation` WRITE;
/*!40000 ALTER TABLE `form_field_validation` DISABLE KEYS */;
/*!40000 ALTER TABLE `form_field_validation` ENABLE KEYS */;
UNLOCK TABLES;

--
-- Table structure for table `keys`
--

DROP TABLE IF EXISTS `keys`;
/*!40101 SET @saved_cs_client     = @@character_set_client */;
/*!40101 SET character_set_client = utf8 */;
CREATE TABLE `keys` (
  `id` int(10) unsigned NOT NULL AUTO_INCREMENT,
  `user_id` int(11) NOT NULL,
  `key` varchar(40) NOT NULL,
  `level` int(11) NOT NULL,
  `ignore_limits` tinyint(1) NOT NULL,
  `is_private_key` tinyint(1) NOT NULL,
  `ip_addresses` text,
  `date_created` timestamp NOT NULL DEFAULT CURRENT_TIMESTAMP ON UPDATE CURRENT_TIMESTAMP,
  `created_by` int(11) DEFAULT NULL,
  `updated_by` int(11) DEFAULT NULL,
  `updated_at` timestamp NULL DEFAULT NULL,
  `created_at` timestamp NOT NULL DEFAULT '0000-00-00 00:00:00',
  PRIMARY KEY (`id`),
  KEY `keys_created_by_index` (`created_by`),
  KEY `keys_updated_by_index` (`updated_by`)
) ENGINE=InnoDB AUTO_INCREMENT=2 DEFAULT CHARSET=utf8;
/*!40101 SET character_set_client = @saved_cs_client */;

--
-- Dumping data for table `keys`
--

LOCK TABLES `keys` WRITE;
/*!40000 ALTER TABLE `keys` DISABLE KEYS */;
INSERT INTO `keys` VALUES (1,0,'632F2EC9771B6C4C0BDF30BE21D9009B',0,0,0,NULL,'2018-08-25 06:26:32',NULL,NULL,NULL,'0000-00-00 00:00:00');
/*!40000 ALTER TABLE `keys` ENABLE KEYS */;
UNLOCK TABLES;

--
-- Table structure for table `menu`
--

DROP TABLE IF EXISTS `menu`;
/*!40101 SET @saved_cs_client     = @@character_set_client */;
/*!40101 SET character_set_client = utf8 */;
CREATE TABLE `menu` (
  `id` int(10) unsigned NOT NULL AUTO_INCREMENT,
  `label` varchar(200) DEFAULT NULL,
  `type` varchar(200) DEFAULT NULL,
  `icon_color` varchar(200) DEFAULT NULL,
  `link` varchar(200) DEFAULT NULL,
  `sort` int(11) NOT NULL,
  `parent` int(11) NOT NULL,
  `icon` varchar(50) DEFAULT NULL,
  `menu_type_id` int(11) NOT NULL,
  `active` int(11) NOT NULL,
  `created_by` int(11) DEFAULT NULL,
  `updated_by` int(11) DEFAULT NULL,
  `updated_at` timestamp NULL DEFAULT NULL,
  `created_at` timestamp NOT NULL DEFAULT CURRENT_TIMESTAMP,
  PRIMARY KEY (`id`),
  KEY `menu_created_by_index` (`created_by`),
  KEY `menu_updated_by_index` (`updated_by`)
) ENGINE=InnoDB AUTO_INCREMENT=158 DEFAULT CHARSET=utf8;
/*!40101 SET character_set_client = @saved_cs_client */;

--
-- Dumping data for table `menu`
--

LOCK TABLES `menu` WRITE;
/*!40000 ALTER TABLE `menu` DISABLE KEYS */;
INSERT INTO `menu` VALUES (1,'MAIN NAVIGATION','label','','administrator/dashboard',1,0,'',1,1,NULL,NULL,NULL,'0000-00-00 00:00:00'),(2,'Dashboard','menu','','administrator/dashboard',2,0,'fa-dashboard',1,1,NULL,NULL,NULL,'0000-00-00 00:00:00'),(7,'Menu','menu','default','administrator/menu',21,8,'fa-bars',1,1,NULL,1,'2022-02-11 16:12:21','0000-00-00 00:00:00'),(8,'Auth','menu','','',17,0,'fa-shield',1,1,NULL,NULL,NULL,'0000-00-00 00:00:00'),(9,'User','menu','','administrator/user',18,8,'',1,1,NULL,NULL,NULL,'0000-00-00 00:00:00'),(10,'Groups','menu','','administrator/group',19,8,'',1,1,NULL,NULL,NULL,'0000-00-00 00:00:00'),(11,'Access','menu','','administrator/access',20,8,'',1,1,NULL,1,'2022-02-11 16:12:21','0000-00-00 00:00:00'),(12,'Permission','menu','','administrator/permission',22,8,'',1,1,NULL,1,'2022-02-11 16:12:22','0000-00-00 00:00:00'),(15,'OTHER','label','','',24,0,'',1,1,NULL,NULL,NULL,'0000-00-00 00:00:00'),(16,'Settings','menu','text-red','administrator/setting',25,0,'fa-circle-o',1,1,NULL,1,'2022-02-11 16:12:28','0000-00-00 00:00:00'),(19,'Home','menu','','/',1,0,'',2,1,NULL,NULL,NULL,'0000-00-00 00:00:00'),(22,'Dashboard','menu','','administrator/dashboard',4,0,'',2,1,NULL,NULL,NULL,'0000-00-00 00:00:00'),(135,'Reports','menu','default','administrator/report_master',9,0,'fa-file-excel-o',1,1,1,NULL,NULL,'2019-06-21 14:07:38'),(141,'API','menu','text-yellow','administrator/doc/api',27,0,'fa-circle-o',1,1,1,NULL,NULL,'2022-02-12 11:31:36'),(142,'API Keys','menu','default','administrator/keys',23,8,'',1,1,1,NULL,NULL,'2022-02-12 11:43:20'),(144,'Auto Generators','menu','default','#',3,0,'fa-home',1,1,1,NULL,NULL,'2022-02-13 00:18:59'),(145,'CRUD','menu','default','administrator/crud',4,144,'',1,1,1,NULL,NULL,'2022-02-13 00:19:56'),(146,'REST','menu','default','administrator/rest',5,144,'',1,1,1,NULL,NULL,'2022-02-13 00:20:24'),(147,'Page','menu','default','administrator/page',7,144,'',1,1,1,NULL,NULL,'2022-02-13 00:20:43'),(148,'Form','menu','default','administrator/form',8,144,'',1,1,1,NULL,NULL,'2022-02-13 00:21:00'),(149,'Report Generator','menu','default','administrator/report_web',6,144,'',1,1,1,NULL,NULL,'2022-02-13 00:21:22'),(150,'For Testing','menu','default','#',10,0,'fa-book',1,1,1,NULL,NULL,'2022-02-13 00:59:59'),(151,'Equipment Category','menu','default','administrator/equipment_category',11,150,'',1,1,1,NULL,NULL,'2022-02-13 01:02:38'),(152,'Equipments','menu','default','administrator/equipments',12,150,'',1,1,1,NULL,NULL,'2022-02-13 01:30:52'),(153,'Equipment Checkin','menu','default','administrator/equipment_checkin',16,150,'',1,1,1,NULL,NULL,'2022-02-13 12:50:15'),(154,'Equipment Checkout','menu','default','administrator/event_equipment_checkout',15,150,'',1,1,1,NULL,NULL,'2022-02-13 12:50:48'),(155,'Event Equipment Checklist','menu','default','administrator/event_equipment_checklist',14,150,'',1,1,1,NULL,NULL,'2022-02-13 12:51:22'),(156,'Events','menu','default','administrator/events',13,150,'',1,1,1,NULL,NULL,'2022-02-13 12:51:50'),(157,'Static Pages','menu','text-blue','administrator/static_pages',26,0,'fa-circle-o',1,1,1,1,'2022-02-18 13:12:53','2022-02-18 13:11:14');
/*!40000 ALTER TABLE `menu` ENABLE KEYS */;
UNLOCK TABLES;

--
-- Table structure for table `menu_type`
--

DROP TABLE IF EXISTS `menu_type`;
/*!40101 SET @saved_cs_client     = @@character_set_client */;
/*!40101 SET character_set_client = utf8 */;
CREATE TABLE `menu_type` (
  `id` int(10) unsigned NOT NULL AUTO_INCREMENT,
  `name` varchar(200) NOT NULL,
  `definition` text,
  `created_by` int(11) DEFAULT NULL,
  `updated_by` int(11) DEFAULT NULL,
  `updated_at` timestamp NULL DEFAULT NULL,
  `created_at` timestamp NOT NULL DEFAULT '0000-00-00 00:00:00',
  PRIMARY KEY (`id`),
  KEY `menu_type_created_by_index` (`created_by`),
  KEY `menu_type_updated_by_index` (`updated_by`)
) ENGINE=InnoDB AUTO_INCREMENT=3 DEFAULT CHARSET=utf8;
/*!40101 SET character_set_client = @saved_cs_client */;

--
-- Dumping data for table `menu_type`
--

LOCK TABLES `menu_type` WRITE;
/*!40000 ALTER TABLE `menu_type` DISABLE KEYS */;
INSERT INTO `menu_type` VALUES (1,'side menu',NULL,NULL,NULL,NULL,'0000-00-00 00:00:00'),(2,'top menu',NULL,NULL,NULL,NULL,'0000-00-00 00:00:00');
/*!40000 ALTER TABLE `menu_type` ENABLE KEYS */;
UNLOCK TABLES;

--
-- Table structure for table `migrations`
--

DROP TABLE IF EXISTS `migrations`;
/*!40101 SET @saved_cs_client     = @@character_set_client */;
/*!40101 SET character_set_client = utf8 */;
CREATE TABLE `migrations` (
  `version` bigint(20) NOT NULL,
  `created_by` int(11) DEFAULT NULL,
  `updated_by` int(11) DEFAULT NULL,
  `updated_at` timestamp NULL DEFAULT NULL,
  `created_at` timestamp NOT NULL DEFAULT '0000-00-00 00:00:00',
  KEY `migrations_created_by_index` (`created_by`),
  KEY `migrations_updated_by_index` (`updated_by`)
) ENGINE=InnoDB DEFAULT CHARSET=utf8;
/*!40101 SET character_set_client = @saved_cs_client */;

--
-- Dumping data for table `migrations`
--

LOCK TABLES `migrations` WRITE;
/*!40000 ALTER TABLE `migrations` DISABLE KEYS */;
INSERT INTO `migrations` VALUES (1,NULL,NULL,NULL,'0000-00-00 00:00:00');
/*!40000 ALTER TABLE `migrations` ENABLE KEYS */;
UNLOCK TABLES;

--
-- Table structure for table `page`
--

DROP TABLE IF EXISTS `page`;
/*!40101 SET @saved_cs_client     = @@character_set_client */;
/*!40101 SET character_set_client = utf8 */;
CREATE TABLE `page` (
  `id` int(10) unsigned NOT NULL AUTO_INCREMENT,
  `title` varchar(200) NOT NULL,
  `type` varchar(200) NOT NULL,
  `content` text NOT NULL,
  `fresh_content` text NOT NULL,
  `keyword` text,
  `description` text,
  `link` varchar(200) DEFAULT NULL,
  `template` varchar(200) DEFAULT NULL,
  `created_at` timestamp NOT NULL DEFAULT CURRENT_TIMESTAMP ON UPDATE CURRENT_TIMESTAMP,
  `created_by` int(11) DEFAULT NULL,
  `updated_by` int(11) DEFAULT NULL,
  `updated_at` timestamp NULL DEFAULT NULL,
  PRIMARY KEY (`id`),
  KEY `page_created_by_index` (`created_by`),
  KEY `page_updated_by_index` (`updated_by`)
) ENGINE=InnoDB DEFAULT CHARSET=utf8;
/*!40101 SET character_set_client = @saved_cs_client */;

--
-- Dumping data for table `page`
--

LOCK TABLES `page` WRITE;
/*!40000 ALTER TABLE `page` DISABLE KEYS */;
/*!40000 ALTER TABLE `page` ENABLE KEYS */;
UNLOCK TABLES;

--
-- Table structure for table `page_block_element`
--

DROP TABLE IF EXISTS `page_block_element`;
/*!40101 SET @saved_cs_client     = @@character_set_client */;
/*!40101 SET character_set_client = utf8 */;
CREATE TABLE `page_block_element` (
  `id` int(10) unsigned NOT NULL AUTO_INCREMENT,
  `group_name` varchar(200) NOT NULL,
  `content` text NOT NULL,
  `image_preview` varchar(200) NOT NULL,
  `block_name` varchar(200) NOT NULL,
  `content_type` varchar(100) NOT NULL,
  `created_by` int(11) DEFAULT NULL,
  `updated_by` int(11) DEFAULT NULL,
  `updated_at` timestamp NULL DEFAULT NULL,
  `created_at` timestamp NOT NULL DEFAULT '0000-00-00 00:00:00',
  PRIMARY KEY (`id`),
  KEY `page_block_element_created_by_index` (`created_by`),
  KEY `page_block_element_updated_by_index` (`updated_by`)
) ENGINE=InnoDB DEFAULT CHARSET=utf8;
/*!40101 SET character_set_client = @saved_cs_client */;

--
-- Dumping data for table `page_block_element`
--

LOCK TABLES `page_block_element` WRITE;
/*!40000 ALTER TABLE `page_block_element` DISABLE KEYS */;
/*!40000 ALTER TABLE `page_block_element` ENABLE KEYS */;
UNLOCK TABLES;

--
-- Table structure for table `report_web`
--

DROP TABLE IF EXISTS `report_web`;
/*!40101 SET @saved_cs_client     = @@character_set_client */;
/*!40101 SET character_set_client = utf8 */;
CREATE TABLE `report_web` (
  `id` int(11) NOT NULL AUTO_INCREMENT,
  `report_name` varchar(50) NOT NULL,
  `table_name` varchar(2048) NOT NULL,
  `parent_report_id` int(11) DEFAULT NULL,
  `icon` varchar(25) NOT NULL,
  `sequence` int(11) DEFAULT NULL,
  `columns` varchar(4096) DEFAULT NULL,
  `created_by` int(11) DEFAULT NULL,
  `updated_by` int(11) DEFAULT NULL,
  `updated_at` timestamp NULL DEFAULT NULL,
  `created_at` timestamp NOT NULL DEFAULT CURRENT_TIMESTAMP,
  PRIMARY KEY (`id`),
  KEY `report_web_created_by_index` (`created_by`),
  KEY `report_web_updated_by_index` (`updated_by`)
) ENGINE=InnoDB AUTO_INCREMENT=45 DEFAULT CHARSET=latin1;
/*!40101 SET character_set_client = @saved_cs_client */;

--
-- Dumping data for table `report_web`
--

LOCK TABLES `report_web` WRITE;
/*!40000 ALTER TABLE `report_web` DISABLE KEYS */;
INSERT INTO `report_web` VALUES (40,'Equipments Available','equipments_available',NULL,'fa fa-hand-o-right',1,NULL,1,1,'2022-02-18 11:29:54','2022-02-18 11:29:31'),(41,'Equipments not available','equipments_not_available',NULL,'fa fa-hand-o-right',2,NULL,1,NULL,NULL,'2022-02-18 11:36:43'),(42,'Events Ongoing','events_ongoing',NULL,'fa fa-hand-o-right',3,NULL,1,NULL,NULL,'2022-02-18 12:31:17'),(43,'Events Future','events_future',NULL,'fa fa-hand-o-right',4,NULL,1,NULL,NULL,'2022-02-18 12:32:03'),(44,'Events Past','events_past',NULL,'fa fa-hand-o-right',5,NULL,1,NULL,NULL,'2022-02-18 12:32:24');
/*!40000 ALTER TABLE `report_web` ENABLE KEYS */;
UNLOCK TABLES;

--
-- Table structure for table `rest`
--

DROP TABLE IF EXISTS `rest`;
/*!40101 SET @saved_cs_client     = @@character_set_client */;
/*!40101 SET character_set_client = utf8 */;
CREATE TABLE `rest` (
  `id` int(10) unsigned NOT NULL AUTO_INCREMENT,
  `subject` varchar(200) NOT NULL,
  `table_name` varchar(200) NOT NULL,
  `primary_key` varchar(200) DEFAULT NULL,
  `x_api_key` varchar(20) DEFAULT NULL,
  `x_token` varchar(20) DEFAULT NULL,
  `created_by` int(11) DEFAULT NULL,
  `updated_by` int(11) DEFAULT NULL,
  `updated_at` timestamp NULL DEFAULT NULL,
  `created_at` timestamp NOT NULL DEFAULT '0000-00-00 00:00:00',
  PRIMARY KEY (`id`),
  KEY `rest_created_by_index` (`created_by`),
  KEY `rest_updated_by_index` (`updated_by`)
) ENGINE=InnoDB AUTO_INCREMENT=14 DEFAULT CHARSET=utf8;
/*!40101 SET character_set_client = @saved_cs_client */;

--
-- Dumping data for table `rest`
--

LOCK TABLES `rest` WRITE;
/*!40000 ALTER TABLE `rest` DISABLE KEYS */;
INSERT INTO `rest` VALUES (1,'Equipment Category','equipment_category','id','no','yes',1,NULL,NULL,'2022-02-13 00:42:39'),(3,'Equipments','equipments','id','no','yes',1,1,'2022-02-13 12:35:39','2022-02-13 11:38:16'),(4,'Events','events','id','no','no',1,1,'2022-02-13 12:44:05','2022-02-13 12:41:01'),(5,'Equipment Checkin','equipment_checkin','id','no','yes',1,NULL,NULL,'2022-02-13 12:43:34'),(6,'Event Equipment Checklist','event_equipment_checklist','id','no','yes',1,NULL,NULL,'2022-02-13 12:44:54'),(7,'Event Equipment Checkout','event_equipment_checkout','id','no','yes',1,NULL,NULL,'2022-02-13 12:45:58'),(8,'Equipments Available','equipments_available','','no','no',1,1,'2022-02-18 11:25:03','2022-02-18 11:01:05'),(9,'Equipments Not Available','equipments_not_available',NULL,'no','no',1,NULL,NULL,'2022-02-18 11:27:57'),(10,'Events Future','events_future',NULL,'no','no',1,NULL,NULL,'2022-02-18 12:29:08'),(11,'Events Past','events_past','','no','no',1,1,'2022-02-18 12:53:47','2022-02-18 12:29:39'),(12,'Events Ongoing','events_ongoing','','no','no',1,1,'2022-02-18 12:48:19','2022-02-18 12:30:13'),(13,'Static Pages','static_pages','id','no','no',1,1,'2022-02-18 14:45:45','2022-02-18 13:12:15');
/*!40000 ALTER TABLE `rest` ENABLE KEYS */;
UNLOCK TABLES;

--
-- Table structure for table `rest_field`
--

DROP TABLE IF EXISTS `rest_field`;
/*!40101 SET @saved_cs_client     = @@character_set_client */;
/*!40101 SET character_set_client = utf8 */;
CREATE TABLE `rest_field` (
  `id` int(10) unsigned NOT NULL AUTO_INCREMENT,
  `rest_id` int(11) NOT NULL,
  `field_name` varchar(200) NOT NULL,
  `field_label` varchar(200) DEFAULT NULL,
  `input_type` varchar(200) NOT NULL,
  `show_column` varchar(10) DEFAULT NULL,
  `show_add_api` varchar(10) DEFAULT NULL,
  `show_update_api` varchar(10) DEFAULT NULL,
  `show_detail_api` varchar(10) DEFAULT NULL,
  `created_by` int(11) DEFAULT NULL,
  `updated_by` int(11) DEFAULT NULL,
  `updated_at` timestamp NULL DEFAULT NULL,
  `created_at` timestamp NOT NULL DEFAULT '0000-00-00 00:00:00',
  PRIMARY KEY (`id`),
  KEY `rest_field_created_by_index` (`created_by`),
  KEY `rest_field_updated_by_index` (`updated_by`)
) ENGINE=InnoDB AUTO_INCREMENT=266 DEFAULT CHARSET=utf8;
/*!40101 SET character_set_client = @saved_cs_client */;

--
-- Dumping data for table `rest_field`
--

LOCK TABLES `rest_field` WRITE;
/*!40000 ALTER TABLE `rest_field` DISABLE KEYS */;
INSERT INTO `rest_field` VALUES (1,1,'id',NULL,'input','yes','','','yes',NULL,NULL,NULL,'0000-00-00 00:00:00'),(2,1,'name',NULL,'input','yes','yes','yes','yes',NULL,NULL,NULL,'0000-00-00 00:00:00'),(3,1,'image',NULL,'file','yes','yes','yes','yes',NULL,NULL,NULL,'0000-00-00 00:00:00'),(4,1,'created_by',NULL,'input','','','','',NULL,NULL,NULL,'0000-00-00 00:00:00'),(5,1,'updated_by',NULL,'input','','','','',NULL,NULL,NULL,'0000-00-00 00:00:00'),(6,1,'updated_at',NULL,'input','','','','',NULL,NULL,NULL,'0000-00-00 00:00:00'),(7,1,'created_at',NULL,'input','','','','',NULL,NULL,NULL,'0000-00-00 00:00:00'),(33,3,'id',NULL,'input','yes','','','yes',NULL,NULL,NULL,'0000-00-00 00:00:00'),(34,3,'equipment_name',NULL,'input','yes','yes','yes','yes',NULL,NULL,NULL,'0000-00-00 00:00:00'),(35,3,'equipment_condition',NULL,'input','yes','yes','yes','yes',NULL,NULL,NULL,'0000-00-00 00:00:00'),(36,3,'equipment_size',NULL,'input','yes','yes','yes','yes',NULL,NULL,NULL,'0000-00-00 00:00:00'),(37,3,'equipment_description',NULL,'input','yes','yes','yes','yes',NULL,NULL,NULL,'0000-00-00 00:00:00'),(38,3,'equipment_barcode',NULL,'input','yes','yes','yes','yes',NULL,NULL,NULL,'0000-00-00 00:00:00'),(39,3,'equipment_category_id',NULL,'input','yes','yes','yes','yes',NULL,NULL,NULL,'0000-00-00 00:00:00'),(40,3,'equipment_image',NULL,'file','yes','yes','yes','yes',NULL,NULL,NULL,'0000-00-00 00:00:00'),(41,3,'equipment_in_use',NULL,'input','','','','',NULL,NULL,NULL,'0000-00-00 00:00:00'),(42,3,'created_by',NULL,'input','','','','',NULL,NULL,NULL,'0000-00-00 00:00:00'),(43,3,'updated_by',NULL,'input','','','','',NULL,NULL,NULL,'0000-00-00 00:00:00'),(44,3,'updated_at',NULL,'input','','','','',NULL,NULL,NULL,'0000-00-00 00:00:00'),(45,3,'created_at',NULL,'input','','','','',NULL,NULL,NULL,'0000-00-00 00:00:00'),(57,5,'id',NULL,'input','yes','','','yes',NULL,NULL,NULL,'0000-00-00 00:00:00'),(58,5,'equipment_id',NULL,'input','yes','yes','yes','yes',NULL,NULL,NULL,'0000-00-00 00:00:00'),(59,5,'equipment_in_datetime',NULL,'timestamp','yes','yes','yes','yes',NULL,NULL,NULL,'0000-00-00 00:00:00'),(60,5,'created_by',NULL,'input','','','','',NULL,NULL,NULL,'0000-00-00 00:00:00'),(61,5,'updated_by',NULL,'input','','','','',NULL,NULL,NULL,'0000-00-00 00:00:00'),(62,5,'updated_at',NULL,'input','','','','',NULL,NULL,NULL,'0000-00-00 00:00:00'),(63,5,'created_at',NULL,'input','','','','',NULL,NULL,NULL,'0000-00-00 00:00:00'),(64,4,'id',NULL,'input','yes','','','yes',NULL,NULL,NULL,'0000-00-00 00:00:00'),(65,4,'event_name',NULL,'input','yes','yes','yes','yes',NULL,NULL,NULL,'0000-00-00 00:00:00'),(66,4,'event_type',NULL,'input','yes','yes','yes','yes',NULL,NULL,NULL,'0000-00-00 00:00:00'),(67,4,'event_location',NULL,'input','yes','yes','yes','yes',NULL,NULL,NULL,'0000-00-00 00:00:00'),(68,4,'check_in_date',NULL,'timestamp','yes','yes','yes','yes',NULL,NULL,NULL,'0000-00-00 00:00:00'),(69,4,'check_out_date',NULL,'timestamp','yes','yes','yes','yes',NULL,NULL,NULL,'0000-00-00 00:00:00'),(70,4,'event_image',NULL,'file','yes','yes','yes','yes',NULL,NULL,NULL,'0000-00-00 00:00:00'),(71,4,'created_by',NULL,'input','','','','',NULL,NULL,NULL,'0000-00-00 00:00:00'),(72,4,'updated_by',NULL,'input','','','','',NULL,NULL,NULL,'0000-00-00 00:00:00'),(73,4,'updated_at',NULL,'input','','','','',NULL,NULL,NULL,'0000-00-00 00:00:00'),(74,4,'created_at',NULL,'input','','','','',NULL,NULL,NULL,'0000-00-00 00:00:00'),(75,6,'id',NULL,'input','yes','','','yes',NULL,NULL,NULL,'0000-00-00 00:00:00'),(76,6,'event_id',NULL,'input','yes','yes','yes','yes',NULL,NULL,NULL,'0000-00-00 00:00:00'),(77,6,'equipment_id',NULL,'input','yes','yes','yes','yes',NULL,NULL,NULL,'0000-00-00 00:00:00'),(78,6,'created_by',NULL,'input','','','','',NULL,NULL,NULL,'0000-00-00 00:00:00'),(79,6,'updated_by',NULL,'input','','','','',NULL,NULL,NULL,'0000-00-00 00:00:00'),(80,6,'updated_at',NULL,'input','','','','',NULL,NULL,NULL,'0000-00-00 00:00:00'),(81,6,'created_at',NULL,'input','','','','',NULL,NULL,NULL,'0000-00-00 00:00:00'),(82,7,'id',NULL,'input','yes','','','yes',NULL,NULL,NULL,'0000-00-00 00:00:00'),(83,7,'event_id',NULL,'input','yes','yes','yes','yes',NULL,NULL,NULL,'0000-00-00 00:00:00'),(84,7,'equipment_id',NULL,'input','yes','yes','yes','yes',NULL,NULL,NULL,'0000-00-00 00:00:00'),(85,7,'equipment_out_datetime',NULL,'timestamp','yes','yes','yes','yes',NULL,NULL,NULL,'0000-00-00 00:00:00'),(86,7,'created_by',NULL,'timestamp','','','','',NULL,NULL,NULL,'0000-00-00 00:00:00'),(87,7,'updated_by',NULL,'input','','','','',NULL,NULL,NULL,'0000-00-00 00:00:00'),(88,7,'updated_at',NULL,'input','','','','',NULL,NULL,NULL,'0000-00-00 00:00:00'),(89,7,'created_at',NULL,'input','','','','',NULL,NULL,NULL,'0000-00-00 00:00:00'),(162,8,'id',NULL,'input','yes','','','',NULL,NULL,NULL,'0000-00-00 00:00:00'),(163,8,'equipment_name',NULL,'input','yes','','','yes',NULL,NULL,NULL,'0000-00-00 00:00:00'),(164,8,'equipment_condition',NULL,'input','yes','','','yes',NULL,NULL,NULL,'0000-00-00 00:00:00'),(165,8,'equipment_size',NULL,'input','yes','','','yes',NULL,NULL,NULL,'0000-00-00 00:00:00'),(166,8,'equipment_description',NULL,'input','yes','','','yes',NULL,NULL,NULL,'0000-00-00 00:00:00'),(167,8,'equipment_barcode',NULL,'input','yes','','','yes',NULL,NULL,NULL,'0000-00-00 00:00:00'),(168,8,'equipment_category_id',NULL,'input','yes','','','yes',NULL,NULL,NULL,'0000-00-00 00:00:00'),(169,8,'equipment_image',NULL,'file','yes','','','yes',NULL,NULL,NULL,'0000-00-00 00:00:00'),(170,8,'created_by',NULL,'input','','','','',NULL,NULL,NULL,'0000-00-00 00:00:00'),(171,8,'updated_by',NULL,'input','','','','',NULL,NULL,NULL,'0000-00-00 00:00:00'),(172,8,'updated_at',NULL,'input','','','','',NULL,NULL,NULL,'0000-00-00 00:00:00'),(173,8,'created_at',NULL,'input','','','','',NULL,NULL,NULL,'0000-00-00 00:00:00'),(174,9,'id',NULL,'input','yes','yes','yes','yes',NULL,NULL,NULL,'0000-00-00 00:00:00'),(175,9,'equipment_name',NULL,'input','yes','yes','yes','yes',NULL,NULL,NULL,'0000-00-00 00:00:00'),(176,9,'equipment_condition',NULL,'input','yes','yes','yes','yes',NULL,NULL,NULL,'0000-00-00 00:00:00'),(177,9,'equipment_size',NULL,'input','yes','yes','yes','yes',NULL,NULL,NULL,'0000-00-00 00:00:00'),(178,9,'equipment_description',NULL,'input','yes','yes','yes','yes',NULL,NULL,NULL,'0000-00-00 00:00:00'),(179,9,'equipment_barcode',NULL,'input','yes','yes','yes','yes',NULL,NULL,NULL,'0000-00-00 00:00:00'),(180,9,'equipment_category_id',NULL,'input','yes','yes','yes','yes',NULL,NULL,NULL,'0000-00-00 00:00:00'),(181,9,'equipment_image',NULL,'file','yes','yes','yes','yes',NULL,NULL,NULL,'0000-00-00 00:00:00'),(182,9,'created_by',NULL,'input','','','','',NULL,NULL,NULL,'0000-00-00 00:00:00'),(183,9,'updated_by',NULL,'input','','','','',NULL,NULL,NULL,'0000-00-00 00:00:00'),(184,9,'updated_at',NULL,'input','','','','',NULL,NULL,NULL,'0000-00-00 00:00:00'),(185,9,'created_at',NULL,'input','','','','',NULL,NULL,NULL,'0000-00-00 00:00:00'),(186,10,'id',NULL,'input','yes','yes','yes','yes',NULL,NULL,NULL,'0000-00-00 00:00:00'),(187,10,'event_name',NULL,'input','yes','yes','yes','yes',NULL,NULL,NULL,'0000-00-00 00:00:00'),(188,10,'event_type',NULL,'input','yes','yes','yes','yes',NULL,NULL,NULL,'0000-00-00 00:00:00'),(189,10,'event_location',NULL,'input','yes','yes','yes','yes',NULL,NULL,NULL,'0000-00-00 00:00:00'),(190,10,'check_in_date',NULL,'timestamp','yes','yes','yes','yes',NULL,NULL,NULL,'0000-00-00 00:00:00'),(191,10,'check_out_date',NULL,'timestamp','yes','yes','yes','yes',NULL,NULL,NULL,'0000-00-00 00:00:00'),(192,10,'event_image',NULL,'file','yes','yes','yes','yes',NULL,NULL,NULL,'0000-00-00 00:00:00'),(193,10,'created_by',NULL,'input','','','','',NULL,NULL,NULL,'0000-00-00 00:00:00'),(194,10,'updated_by',NULL,'input','','','','',NULL,NULL,NULL,'0000-00-00 00:00:00'),(195,10,'updated_at',NULL,'input','','','','',NULL,NULL,NULL,'0000-00-00 00:00:00'),(196,10,'created_at',NULL,'input','','','','',NULL,NULL,NULL,'0000-00-00 00:00:00'),(219,12,'id',NULL,'input','yes','yes','yes','yes',NULL,NULL,NULL,'0000-00-00 00:00:00'),(220,12,'event_name',NULL,'input','yes','yes','yes','yes',NULL,NULL,NULL,'0000-00-00 00:00:00'),(221,12,'event_type',NULL,'input','yes','yes','yes','yes',NULL,NULL,NULL,'0000-00-00 00:00:00'),(222,12,'event_location',NULL,'input','yes','yes','yes','yes',NULL,NULL,NULL,'0000-00-00 00:00:00'),(223,12,'check_in_date',NULL,'timestamp','yes','yes','yes','yes',NULL,NULL,NULL,'0000-00-00 00:00:00'),(224,12,'check_out_date',NULL,'timestamp','yes','yes','yes','yes',NULL,NULL,NULL,'0000-00-00 00:00:00'),(225,12,'event_image',NULL,'file','yes','yes','yes','yes',NULL,NULL,NULL,'0000-00-00 00:00:00'),(226,12,'created_by',NULL,'input','','','','',NULL,NULL,NULL,'0000-00-00 00:00:00'),(227,12,'updated_by',NULL,'input','','','','',NULL,NULL,NULL,'0000-00-00 00:00:00'),(228,12,'updated_at',NULL,'input','','','','',NULL,NULL,NULL,'0000-00-00 00:00:00'),(229,12,'created_at',NULL,'input','','','','',NULL,NULL,NULL,'0000-00-00 00:00:00'),(241,11,'id',NULL,'input','yes','yes','yes','yes',NULL,NULL,NULL,'0000-00-00 00:00:00'),(242,11,'event_name',NULL,'input','yes','yes','yes','yes',NULL,NULL,NULL,'0000-00-00 00:00:00'),(243,11,'event_type',NULL,'input','yes','yes','yes','yes',NULL,NULL,NULL,'0000-00-00 00:00:00'),(244,11,'event_location',NULL,'input','yes','yes','yes','yes',NULL,NULL,NULL,'0000-00-00 00:00:00'),(245,11,'check_in_date',NULL,'timestamp','yes','yes','yes','yes',NULL,NULL,NULL,'0000-00-00 00:00:00'),(246,11,'check_out_date',NULL,'timestamp','yes','yes','yes','yes',NULL,NULL,NULL,'0000-00-00 00:00:00'),(247,11,'event_image',NULL,'file','yes','yes','yes','yes',NULL,NULL,NULL,'0000-00-00 00:00:00'),(248,11,'created_by',NULL,'input','','','','',NULL,NULL,NULL,'0000-00-00 00:00:00'),(249,11,'updated_by',NULL,'input','','','','',NULL,NULL,NULL,'0000-00-00 00:00:00'),(250,11,'updated_at',NULL,'input','','','','',NULL,NULL,NULL,'0000-00-00 00:00:00'),(251,11,'created_at',NULL,'input','','','','',NULL,NULL,NULL,'0000-00-00 00:00:00'),(259,13,'id',NULL,'input','yes','','','yes',NULL,NULL,NULL,'0000-00-00 00:00:00'),(260,13,'name',NULL,'input','yes','yes','yes','yes',NULL,NULL,NULL,'0000-00-00 00:00:00'),(261,13,'content',NULL,'input','yes','yes','yes','yes',NULL,NULL,NULL,'0000-00-00 00:00:00'),(262,13,'created_by',NULL,'input','','','','',NULL,NULL,NULL,'0000-00-00 00:00:00'),(263,13,'updated_by',NULL,'input','','','','',NULL,NULL,NULL,'0000-00-00 00:00:00'),(264,13,'updated_at',NULL,'input','','','','',NULL,NULL,NULL,'0000-00-00 00:00:00'),(265,13,'created_at',NULL,'input','','','','',NULL,NULL,NULL,'0000-00-00 00:00:00');
/*!40000 ALTER TABLE `rest_field` ENABLE KEYS */;
UNLOCK TABLES;

--
-- Table structure for table `rest_field_validation`
--

DROP TABLE IF EXISTS `rest_field_validation`;
/*!40101 SET @saved_cs_client     = @@character_set_client */;
/*!40101 SET character_set_client = utf8 */;
CREATE TABLE `rest_field_validation` (
  `id` int(10) unsigned NOT NULL AUTO_INCREMENT,
  `rest_field_id` int(11) NOT NULL,
  `rest_id` int(11) NOT NULL,
  `validation_name` varchar(200) NOT NULL,
  `validation_value` text NOT NULL,
  `created_by` int(11) DEFAULT NULL,
  `updated_by` int(11) DEFAULT NULL,
  `updated_at` timestamp NULL DEFAULT NULL,
  `created_at` timestamp NOT NULL DEFAULT '0000-00-00 00:00:00',
  PRIMARY KEY (`id`),
  KEY `rest_field_validation_created_by_index` (`created_by`),
  KEY `rest_field_validation_updated_by_index` (`updated_by`)
) ENGINE=InnoDB AUTO_INCREMENT=411 DEFAULT CHARSET=utf8;
/*!40101 SET character_set_client = @saved_cs_client */;

--
-- Dumping data for table `rest_field_validation`
--

LOCK TABLES `rest_field_validation` WRITE;
/*!40000 ALTER TABLE `rest_field_validation` DISABLE KEYS */;
INSERT INTO `rest_field_validation` VALUES (1,2,1,'required','',NULL,NULL,NULL,'0000-00-00 00:00:00'),(2,2,1,'max_length','512',NULL,NULL,NULL,'0000-00-00 00:00:00'),(3,3,1,'required','',NULL,NULL,NULL,'0000-00-00 00:00:00'),(43,34,3,'required','',NULL,NULL,NULL,'0000-00-00 00:00:00'),(44,34,3,'max_length','4096',NULL,NULL,NULL,'0000-00-00 00:00:00'),(45,35,3,'required','',NULL,NULL,NULL,'0000-00-00 00:00:00'),(46,35,3,'max_length','100',NULL,NULL,NULL,'0000-00-00 00:00:00'),(47,35,3,'in_list','OLD,NEW,BAD,FAIR',NULL,NULL,NULL,'0000-00-00 00:00:00'),(48,36,3,'required','',NULL,NULL,NULL,'0000-00-00 00:00:00'),(49,36,3,'max_length','100',NULL,NULL,NULL,'0000-00-00 00:00:00'),(50,36,3,'in_list','LONG,VERY LONG,SHORT,VERY SHORT,NA',NULL,NULL,NULL,'0000-00-00 00:00:00'),(51,37,3,'max_length','4096',NULL,NULL,NULL,'0000-00-00 00:00:00'),(52,38,3,'max_length','4096',NULL,NULL,NULL,'0000-00-00 00:00:00'),(53,39,3,'required','',NULL,NULL,NULL,'0000-00-00 00:00:00'),(54,39,3,'max_length','11',NULL,NULL,NULL,'0000-00-00 00:00:00'),(55,41,3,'max_length','8',NULL,NULL,NULL,'0000-00-00 00:00:00'),(56,42,3,'required','',NULL,NULL,NULL,'0000-00-00 00:00:00'),(57,42,3,'max_length','11',NULL,NULL,NULL,'0000-00-00 00:00:00'),(58,43,3,'required','',NULL,NULL,NULL,'0000-00-00 00:00:00'),(59,43,3,'max_length','11',NULL,NULL,NULL,'0000-00-00 00:00:00'),(60,44,3,'required','',NULL,NULL,NULL,'0000-00-00 00:00:00'),(61,45,3,'required','',NULL,NULL,NULL,'0000-00-00 00:00:00'),(79,58,5,'required','',NULL,NULL,NULL,'0000-00-00 00:00:00'),(80,58,5,'max_length','11',NULL,NULL,NULL,'0000-00-00 00:00:00'),(81,59,5,'required','',NULL,NULL,NULL,'0000-00-00 00:00:00'),(82,60,5,'required','',NULL,NULL,NULL,'0000-00-00 00:00:00'),(83,60,5,'max_length','11',NULL,NULL,NULL,'0000-00-00 00:00:00'),(84,61,5,'required','',NULL,NULL,NULL,'0000-00-00 00:00:00'),(85,61,5,'max_length','11',NULL,NULL,NULL,'0000-00-00 00:00:00'),(86,62,5,'required','',NULL,NULL,NULL,'0000-00-00 00:00:00'),(87,63,5,'required','',NULL,NULL,NULL,'0000-00-00 00:00:00'),(88,65,4,'required','',NULL,NULL,NULL,'0000-00-00 00:00:00'),(89,65,4,'max_length','2048',NULL,NULL,NULL,'0000-00-00 00:00:00'),(90,66,4,'required','',NULL,NULL,NULL,'0000-00-00 00:00:00'),(91,66,4,'max_length','128',NULL,NULL,NULL,'0000-00-00 00:00:00'),(92,67,4,'required','',NULL,NULL,NULL,'0000-00-00 00:00:00'),(93,67,4,'max_length','4096',NULL,NULL,NULL,'0000-00-00 00:00:00'),(94,71,4,'required','',NULL,NULL,NULL,'0000-00-00 00:00:00'),(95,71,4,'max_length','11',NULL,NULL,NULL,'0000-00-00 00:00:00'),(96,72,4,'required','',NULL,NULL,NULL,'0000-00-00 00:00:00'),(97,72,4,'max_length','11',NULL,NULL,NULL,'0000-00-00 00:00:00'),(98,73,4,'required','',NULL,NULL,NULL,'0000-00-00 00:00:00'),(99,74,4,'required','',NULL,NULL,NULL,'0000-00-00 00:00:00'),(100,76,6,'required','',NULL,NULL,NULL,'0000-00-00 00:00:00'),(101,76,6,'max_length','11',NULL,NULL,NULL,'0000-00-00 00:00:00'),(102,77,6,'required','',NULL,NULL,NULL,'0000-00-00 00:00:00'),(103,77,6,'max_length','11',NULL,NULL,NULL,'0000-00-00 00:00:00'),(104,78,6,'required','',NULL,NULL,NULL,'0000-00-00 00:00:00'),(105,78,6,'max_length','11',NULL,NULL,NULL,'0000-00-00 00:00:00'),(106,79,6,'required','',NULL,NULL,NULL,'0000-00-00 00:00:00'),(107,79,6,'max_length','11',NULL,NULL,NULL,'0000-00-00 00:00:00'),(108,80,6,'required','',NULL,NULL,NULL,'0000-00-00 00:00:00'),(109,81,6,'required','',NULL,NULL,NULL,'0000-00-00 00:00:00'),(110,83,7,'required','',NULL,NULL,NULL,'0000-00-00 00:00:00'),(111,83,7,'max_length','11',NULL,NULL,NULL,'0000-00-00 00:00:00'),(112,84,7,'required','',NULL,NULL,NULL,'0000-00-00 00:00:00'),(113,84,7,'max_length','11',NULL,NULL,NULL,'0000-00-00 00:00:00'),(114,85,7,'required','',NULL,NULL,NULL,'0000-00-00 00:00:00'),(115,86,7,'required','',NULL,NULL,NULL,'0000-00-00 00:00:00'),(116,87,7,'required','',NULL,NULL,NULL,'0000-00-00 00:00:00'),(117,87,7,'max_length','11',NULL,NULL,NULL,'0000-00-00 00:00:00'),(118,88,7,'required','',NULL,NULL,NULL,'0000-00-00 00:00:00'),(119,89,7,'required','',NULL,NULL,NULL,'0000-00-00 00:00:00'),(251,162,8,'required','',NULL,NULL,NULL,'0000-00-00 00:00:00'),(252,162,8,'max_length','11',NULL,NULL,NULL,'0000-00-00 00:00:00'),(253,163,8,'required','',NULL,NULL,NULL,'0000-00-00 00:00:00'),(254,163,8,'max_length','4096',NULL,NULL,NULL,'0000-00-00 00:00:00'),(255,164,8,'required','',NULL,NULL,NULL,'0000-00-00 00:00:00'),(256,164,8,'max_length','100',NULL,NULL,NULL,'0000-00-00 00:00:00'),(257,165,8,'required','',NULL,NULL,NULL,'0000-00-00 00:00:00'),(258,165,8,'max_length','100',NULL,NULL,NULL,'0000-00-00 00:00:00'),(259,166,8,'required','',NULL,NULL,NULL,'0000-00-00 00:00:00'),(260,166,8,'max_length','4096',NULL,NULL,NULL,'0000-00-00 00:00:00'),(261,167,8,'required','',NULL,NULL,NULL,'0000-00-00 00:00:00'),(262,167,8,'max_length','4096',NULL,NULL,NULL,'0000-00-00 00:00:00'),(263,168,8,'required','',NULL,NULL,NULL,'0000-00-00 00:00:00'),(264,168,8,'max_length','11',NULL,NULL,NULL,'0000-00-00 00:00:00'),(265,169,8,'required','',NULL,NULL,NULL,'0000-00-00 00:00:00'),(266,170,8,'required','',NULL,NULL,NULL,'0000-00-00 00:00:00'),(267,170,8,'max_length','11',NULL,NULL,NULL,'0000-00-00 00:00:00'),(268,171,8,'required','',NULL,NULL,NULL,'0000-00-00 00:00:00'),(269,171,8,'max_length','11',NULL,NULL,NULL,'0000-00-00 00:00:00'),(270,172,8,'required','',NULL,NULL,NULL,'0000-00-00 00:00:00'),(271,173,8,'required','',NULL,NULL,NULL,'0000-00-00 00:00:00'),(272,174,9,'required','',NULL,NULL,NULL,'0000-00-00 00:00:00'),(273,174,9,'max_length','11',NULL,NULL,NULL,'0000-00-00 00:00:00'),(274,175,9,'required','',NULL,NULL,NULL,'0000-00-00 00:00:00'),(275,175,9,'max_length','4096',NULL,NULL,NULL,'0000-00-00 00:00:00'),(276,176,9,'required','',NULL,NULL,NULL,'0000-00-00 00:00:00'),(277,176,9,'max_length','100',NULL,NULL,NULL,'0000-00-00 00:00:00'),(278,177,9,'required','',NULL,NULL,NULL,'0000-00-00 00:00:00'),(279,177,9,'max_length','100',NULL,NULL,NULL,'0000-00-00 00:00:00'),(280,178,9,'required','',NULL,NULL,NULL,'0000-00-00 00:00:00'),(281,178,9,'max_length','4096',NULL,NULL,NULL,'0000-00-00 00:00:00'),(282,179,9,'required','',NULL,NULL,NULL,'0000-00-00 00:00:00'),(283,179,9,'max_length','4096',NULL,NULL,NULL,'0000-00-00 00:00:00'),(284,180,9,'required','',NULL,NULL,NULL,'0000-00-00 00:00:00'),(285,180,9,'max_length','11',NULL,NULL,NULL,'0000-00-00 00:00:00'),(286,181,9,'required','',NULL,NULL,NULL,'0000-00-00 00:00:00'),(287,181,9,'max_length','4096',NULL,NULL,NULL,'0000-00-00 00:00:00'),(288,182,9,'required','',NULL,NULL,NULL,'0000-00-00 00:00:00'),(289,182,9,'max_length','11',NULL,NULL,NULL,'0000-00-00 00:00:00'),(290,183,9,'required','',NULL,NULL,NULL,'0000-00-00 00:00:00'),(291,183,9,'max_length','11',NULL,NULL,NULL,'0000-00-00 00:00:00'),(292,184,9,'required','',NULL,NULL,NULL,'0000-00-00 00:00:00'),(293,185,9,'required','',NULL,NULL,NULL,'0000-00-00 00:00:00'),(294,186,10,'required','',NULL,NULL,NULL,'0000-00-00 00:00:00'),(295,186,10,'max_length','11',NULL,NULL,NULL,'0000-00-00 00:00:00'),(296,187,10,'required','',NULL,NULL,NULL,'0000-00-00 00:00:00'),(297,187,10,'max_length','2048',NULL,NULL,NULL,'0000-00-00 00:00:00'),(298,188,10,'required','',NULL,NULL,NULL,'0000-00-00 00:00:00'),(299,188,10,'max_length','128',NULL,NULL,NULL,'0000-00-00 00:00:00'),(300,189,10,'required','',NULL,NULL,NULL,'0000-00-00 00:00:00'),(301,189,10,'max_length','4096',NULL,NULL,NULL,'0000-00-00 00:00:00'),(302,190,10,'required','',NULL,NULL,NULL,'0000-00-00 00:00:00'),(303,191,10,'required','',NULL,NULL,NULL,'0000-00-00 00:00:00'),(304,192,10,'required','',NULL,NULL,NULL,'0000-00-00 00:00:00'),(305,192,10,'max_length','4096',NULL,NULL,NULL,'0000-00-00 00:00:00'),(306,193,10,'required','',NULL,NULL,NULL,'0000-00-00 00:00:00'),(307,193,10,'max_length','11',NULL,NULL,NULL,'0000-00-00 00:00:00'),(308,194,10,'required','',NULL,NULL,NULL,'0000-00-00 00:00:00'),(309,194,10,'max_length','11',NULL,NULL,NULL,'0000-00-00 00:00:00'),(310,195,10,'required','',NULL,NULL,NULL,'0000-00-00 00:00:00'),(311,196,10,'required','',NULL,NULL,NULL,'0000-00-00 00:00:00'),(348,219,12,'required','',NULL,NULL,NULL,'0000-00-00 00:00:00'),(349,219,12,'max_length','11',NULL,NULL,NULL,'0000-00-00 00:00:00'),(350,220,12,'required','',NULL,NULL,NULL,'0000-00-00 00:00:00'),(351,220,12,'max_length','2048',NULL,NULL,NULL,'0000-00-00 00:00:00'),(352,221,12,'required','',NULL,NULL,NULL,'0000-00-00 00:00:00'),(353,221,12,'max_length','128',NULL,NULL,NULL,'0000-00-00 00:00:00'),(354,222,12,'required','',NULL,NULL,NULL,'0000-00-00 00:00:00'),(355,222,12,'max_length','4096',NULL,NULL,NULL,'0000-00-00 00:00:00'),(356,225,12,'required','',NULL,NULL,NULL,'0000-00-00 00:00:00'),(357,226,12,'required','',NULL,NULL,NULL,'0000-00-00 00:00:00'),(358,226,12,'max_length','11',NULL,NULL,NULL,'0000-00-00 00:00:00'),(359,227,12,'required','',NULL,NULL,NULL,'0000-00-00 00:00:00'),(360,227,12,'max_length','11',NULL,NULL,NULL,'0000-00-00 00:00:00'),(361,228,12,'required','',NULL,NULL,NULL,'0000-00-00 00:00:00'),(362,229,12,'required','',NULL,NULL,NULL,'0000-00-00 00:00:00'),(378,241,11,'required','',NULL,NULL,NULL,'0000-00-00 00:00:00'),(379,241,11,'max_length','11',NULL,NULL,NULL,'0000-00-00 00:00:00'),(380,242,11,'required','',NULL,NULL,NULL,'0000-00-00 00:00:00'),(381,242,11,'max_length','2048',NULL,NULL,NULL,'0000-00-00 00:00:00'),(382,243,11,'required','',NULL,NULL,NULL,'0000-00-00 00:00:00'),(383,243,11,'max_length','128',NULL,NULL,NULL,'0000-00-00 00:00:00'),(384,244,11,'required','',NULL,NULL,NULL,'0000-00-00 00:00:00'),(385,244,11,'max_length','4096',NULL,NULL,NULL,'0000-00-00 00:00:00'),(386,247,11,'required','',NULL,NULL,NULL,'0000-00-00 00:00:00'),(387,248,11,'required','',NULL,NULL,NULL,'0000-00-00 00:00:00'),(388,248,11,'max_length','11',NULL,NULL,NULL,'0000-00-00 00:00:00'),(389,249,11,'required','',NULL,NULL,NULL,'0000-00-00 00:00:00'),(390,249,11,'max_length','11',NULL,NULL,NULL,'0000-00-00 00:00:00'),(391,250,11,'required','',NULL,NULL,NULL,'0000-00-00 00:00:00'),(392,251,11,'required','',NULL,NULL,NULL,'0000-00-00 00:00:00'),(402,260,13,'required','',NULL,NULL,NULL,'0000-00-00 00:00:00'),(403,260,13,'max_length','1024',NULL,NULL,NULL,'0000-00-00 00:00:00'),(404,261,13,'required','',NULL,NULL,NULL,'0000-00-00 00:00:00'),(405,262,13,'required','',NULL,NULL,NULL,'0000-00-00 00:00:00'),(406,262,13,'max_length','11',NULL,NULL,NULL,'0000-00-00 00:00:00'),(407,263,13,'required','',NULL,NULL,NULL,'0000-00-00 00:00:00'),(408,263,13,'max_length','11',NULL,NULL,NULL,'0000-00-00 00:00:00'),(409,264,13,'required','',NULL,NULL,NULL,'0000-00-00 00:00:00'),(410,265,13,'required','',NULL,NULL,NULL,'0000-00-00 00:00:00');
/*!40000 ALTER TABLE `rest_field_validation` ENABLE KEYS */;
UNLOCK TABLES;

--
-- Table structure for table `rest_input_type`
--

DROP TABLE IF EXISTS `rest_input_type`;
/*!40101 SET @saved_cs_client     = @@character_set_client */;
/*!40101 SET character_set_client = utf8 */;
CREATE TABLE `rest_input_type` (
  `id` int(10) unsigned NOT NULL AUTO_INCREMENT,
  `type` varchar(200) NOT NULL,
  `relation` varchar(20) NOT NULL,
  `validation_group` varchar(200) NOT NULL,
  `created_by` int(11) DEFAULT NULL,
  `updated_by` int(11) DEFAULT NULL,
  `updated_at` timestamp NULL DEFAULT NULL,
  `created_at` timestamp NOT NULL DEFAULT '0000-00-00 00:00:00',
  PRIMARY KEY (`id`),
  KEY `rest_input_type_created_by_index` (`created_by`),
  KEY `rest_input_type_updated_by_index` (`updated_by`)
) ENGINE=InnoDB AUTO_INCREMENT=4 DEFAULT CHARSET=utf8;
/*!40101 SET character_set_client = @saved_cs_client */;

--
-- Dumping data for table `rest_input_type`
--

LOCK TABLES `rest_input_type` WRITE;
/*!40000 ALTER TABLE `rest_input_type` DISABLE KEYS */;
INSERT INTO `rest_input_type` VALUES (1,'input','0','input',NULL,NULL,NULL,'0000-00-00 00:00:00'),(2,'timestamp','0','timestamp',NULL,NULL,NULL,'0000-00-00 00:00:00'),(3,'file','0','file',NULL,NULL,NULL,'0000-00-00 00:00:00');
/*!40000 ALTER TABLE `rest_input_type` ENABLE KEYS */;
UNLOCK TABLES;

--
-- Table structure for table `static_pages`
--

DROP TABLE IF EXISTS `static_pages`;
/*!40101 SET @saved_cs_client     = @@character_set_client */;
/*!40101 SET character_set_client = utf8 */;
CREATE TABLE `static_pages` (
  `id` int(11) NOT NULL AUTO_INCREMENT,
  `name` varchar(1024) NOT NULL,
  `content` text,
  `created_by` int(11) DEFAULT NULL,
  `updated_by` int(11) DEFAULT NULL,
  `updated_at` timestamp NULL DEFAULT NULL,
  `created_at` timestamp NULL DEFAULT NULL,
  PRIMARY KEY (`id`),
  KEY `stattic_pages_created_by_index` (`created_by`),
  KEY `stattic_pages_updated_by_index` (`updated_by`)
) ENGINE=InnoDB AUTO_INCREMENT=3 DEFAULT CHARSET=latin1;
/*!40101 SET character_set_client = @saved_cs_client */;

--
-- Dumping data for table `static_pages`
--

LOCK TABLES `static_pages` WRITE;
/*!40000 ALTER TABLE `static_pages` DISABLE KEYS */;
INSERT INTO `static_pages` VALUES (1,'privacy_policy','this is privacy policy',NULL,1,'2022-02-18 13:13:20',NULL),(2,'about','This is about us',NULL,1,'2022-02-18 13:13:09',NULL);
/*!40000 ALTER TABLE `static_pages` ENABLE KEYS */;
UNLOCK TABLES;

--
-- Final view structure for view `equipments_available`
--

/*!50001 DROP VIEW IF EXISTS `equipments_available`*/;
/*!50001 SET @saved_cs_client          = @@character_set_client */;
/*!50001 SET @saved_cs_results         = @@character_set_results */;
/*!50001 SET @saved_col_connection     = @@collation_connection */;
/*!50001 SET character_set_client      = utf8mb4 */;
/*!50001 SET character_set_results     = utf8mb4 */;
/*!50001 SET collation_connection      = utf8mb4_unicode_ci */;
/*!50001 CREATE ALGORITHM=UNDEFINED */
/*!50013 DEFINER=`vipul`@`localhost` SQL SECURITY DEFINER */
/*!50001 VIEW `equipments_available` AS select `crisp_inventory`.`equipments`.`id` AS `id`,`crisp_inventory`.`equipments`.`equipment_name` AS `equipment_name`,`crisp_inventory`.`equipments`.`equipment_condition` AS `equipment_condition`,`crisp_inventory`.`equipments`.`equipment_size` AS `equipment_size`,`crisp_inventory`.`equipments`.`equipment_description` AS `equipment_description`,`crisp_inventory`.`equipments`.`equipment_barcode` AS `equipment_barcode`,`crisp_inventory`.`equipments`.`equipment_category_id` AS `equipment_category_id`,`crisp_inventory`.`equipments`.`equipment_image` AS `equipment_image`,`crisp_inventory`.`equipments`.`created_by` AS `created_by`,`crisp_inventory`.`equipments`.`updated_by` AS `updated_by`,`crisp_inventory`.`equipments`.`updated_at` AS `updated_at`,`crisp_inventory`.`equipments`.`created_at` AS `created_at` from `crisp_inventory`.`equipments` where (not(`crisp_inventory`.`equipments`.`id` in (select `equipments_not_available`.`id` from `crisp_inventory`.`equipments_not_available`))) */;
/*!50001 SET character_set_client      = @saved_cs_client */;
/*!50001 SET character_set_results     = @saved_cs_results */;
/*!50001 SET collation_connection      = @saved_col_connection */;

--
-- Final view structure for view `equipments_not_available`
--

/*!50001 DROP VIEW IF EXISTS `equipments_not_available`*/;
/*!50001 SET @saved_cs_client          = @@character_set_client */;
/*!50001 SET @saved_cs_results         = @@character_set_results */;
/*!50001 SET @saved_col_connection     = @@collation_connection */;
/*!50001 SET character_set_client      = utf8mb4 */;
/*!50001 SET character_set_results     = utf8mb4 */;
/*!50001 SET collation_connection      = utf8mb4_unicode_ci */;
/*!50001 CREATE ALGORITHM=UNDEFINED */
/*!50013 DEFINER=`vipul`@`localhost` SQL SECURITY DEFINER */
/*!50001 VIEW `equipments_not_available` AS select `crisp_inventory`.`equipments`.`id` AS `id`,`crisp_inventory`.`equipments`.`equipment_name` AS `equipment_name`,`crisp_inventory`.`equipments`.`equipment_condition` AS `equipment_condition`,`crisp_inventory`.`equipments`.`equipment_size` AS `equipment_size`,`crisp_inventory`.`equipments`.`equipment_description` AS `equipment_description`,`crisp_inventory`.`equipments`.`equipment_barcode` AS `equipment_barcode`,`crisp_inventory`.`equipments`.`equipment_category_id` AS `equipment_category_id`,`crisp_inventory`.`equipments`.`equipment_image` AS `equipment_image`,`crisp_inventory`.`equipments`.`created_by` AS `created_by`,`crisp_inventory`.`equipments`.`updated_by` AS `updated_by`,`crisp_inventory`.`equipments`.`updated_at` AS `updated_at`,`crisp_inventory`.`equipments`.`created_at` AS `created_at` from `crisp_inventory`.`equipments` where `crisp_inventory`.`equipments`.`id` in (select `A`.`equipment_id` from (select (count(0) - (select count(0) from `crisp_inventory`.`equipment_checkin` where (`crisp_inventory`.`equipment_checkin`.`equipment_id` = `crisp_inventory`.`event_equipment_checkout`.`equipment_id`))) AS `total`,`crisp_inventory`.`event_equipment_checkout`.`equipment_id` AS `equipment_id` from `crisp_inventory`.`event_equipment_checkout` group by `crisp_inventory`.`event_equipment_checkout`.`equipment_id` having (`total` > 0)) `A`) */;
/*!50001 SET character_set_client      = @saved_cs_client */;
/*!50001 SET character_set_results     = @saved_cs_results */;
/*!50001 SET collation_connection      = @saved_col_connection */;

--
-- Final view structure for view `events_future`
--

/*!50001 DROP VIEW IF EXISTS `events_future`*/;
/*!50001 SET @saved_cs_client          = @@character_set_client */;
/*!50001 SET @saved_cs_results         = @@character_set_results */;
/*!50001 SET @saved_col_connection     = @@collation_connection */;
/*!50001 SET character_set_client      = utf8mb4 */;
/*!50001 SET character_set_results     = utf8mb4 */;
/*!50001 SET collation_connection      = utf8mb4_unicode_ci */;
/*!50001 CREATE ALGORITHM=UNDEFINED */
/*!50013 DEFINER=`vipul`@`localhost` SQL SECURITY DEFINER */
/*!50001 VIEW `events_future` AS select `events`.`id` AS `id`,`events`.`event_name` AS `event_name`,`events`.`event_type` AS `event_type`,`events`.`event_location` AS `event_location`,`events`.`check_in_date` AS `check_in_date`,`events`.`check_out_date` AS `check_out_date`,`events`.`event_image` AS `event_image`,`events`.`created_by` AS `created_by`,`events`.`updated_by` AS `updated_by`,`events`.`updated_at` AS `updated_at`,`events`.`created_at` AS `created_at` from `events` where (`events`.`check_in_date` > now()) */;
/*!50001 SET character_set_client      = @saved_cs_client */;
/*!50001 SET character_set_results     = @saved_cs_results */;
/*!50001 SET collation_connection      = @saved_col_connection */;

--
-- Final view structure for view `events_ongoing`
--

/*!50001 DROP VIEW IF EXISTS `events_ongoing`*/;
/*!50001 SET @saved_cs_client          = @@character_set_client */;
/*!50001 SET @saved_cs_results         = @@character_set_results */;
/*!50001 SET @saved_col_connection     = @@collation_connection */;
/*!50001 SET character_set_client      = utf8mb4 */;
/*!50001 SET character_set_results     = utf8mb4 */;
/*!50001 SET collation_connection      = utf8mb4_unicode_ci */;
/*!50001 CREATE ALGORITHM=UNDEFINED */
/*!50013 DEFINER=`vipul`@`localhost` SQL SECURITY DEFINER */
/*!50001 VIEW `events_ongoing` AS select `events`.`id` AS `id`,`events`.`event_name` AS `event_name`,`events`.`event_type` AS `event_type`,`events`.`event_location` AS `event_location`,`events`.`check_in_date` AS `check_in_date`,`events`.`check_out_date` AS `check_out_date`,`events`.`event_image` AS `event_image`,`events`.`created_by` AS `created_by`,`events`.`updated_by` AS `updated_by`,`events`.`updated_at` AS `updated_at`,`events`.`created_at` AS `created_at` from `events` where (now() between `events`.`check_in_date` and `events`.`check_out_date`) */;
/*!50001 SET character_set_client      = @saved_cs_client */;
/*!50001 SET character_set_results     = @saved_cs_results */;
/*!50001 SET collation_connection      = @saved_col_connection */;

--
-- Final view structure for view `events_past`
--

/*!50001 DROP VIEW IF EXISTS `events_past`*/;
/*!50001 SET @saved_cs_client          = @@character_set_client */;
/*!50001 SET @saved_cs_results         = @@character_set_results */;
/*!50001 SET @saved_col_connection     = @@collation_connection */;
/*!50001 SET character_set_client      = utf8mb4 */;
/*!50001 SET character_set_results     = utf8mb4 */;
/*!50001 SET collation_connection      = utf8mb4_unicode_ci */;
/*!50001 CREATE ALGORITHM=UNDEFINED */
/*!50013 DEFINER=`vipul`@`localhost` SQL SECURITY DEFINER */
/*!50001 VIEW `events_past` AS select `events`.`id` AS `id`,`events`.`event_name` AS `event_name`,`events`.`event_type` AS `event_type`,`events`.`event_location` AS `event_location`,`events`.`check_in_date` AS `check_in_date`,`events`.`check_out_date` AS `check_out_date`,`events`.`event_image` AS `event_image`,`events`.`created_by` AS `created_by`,`events`.`updated_by` AS `updated_by`,`events`.`updated_at` AS `updated_at`,`events`.`created_at` AS `created_at` from `events` where (`events`.`check_out_date` < now()) */;
/*!50001 SET character_set_client      = @saved_cs_client */;
/*!50001 SET character_set_results     = @saved_cs_results */;
/*!50001 SET collation_connection      = @saved_col_connection */;
/*!40103 SET TIME_ZONE=@OLD_TIME_ZONE */;

/*!40101 SET SQL_MODE=@OLD_SQL_MODE */;
/*!40014 SET FOREIGN_KEY_CHECKS=@OLD_FOREIGN_KEY_CHECKS */;
/*!40014 SET UNIQUE_CHECKS=@OLD_UNIQUE_CHECKS */;
/*!40101 SET CHARACTER_SET_CLIENT=@OLD_CHARACTER_SET_CLIENT */;
/*!40101 SET CHARACTER_SET_RESULTS=@OLD_CHARACTER_SET_RESULTS */;
/*!40101 SET COLLATION_CONNECTION=@OLD_COLLATION_CONNECTION */;
/*!40111 SET SQL_NOTES=@OLD_SQL_NOTES */;

-- Dump completed on 2022-02-18 12:01:04
