-- MySQL dump 10.13  Distrib 5.7.37, for Linux (x86_64)
--
-- Host: localhost    Database: qpay
-- ------------------------------------------------------
-- Server version	5.7.37-0ubuntu0.18.04.1

/*!40101 SET @OLD_CHARACTER_SET_CLIENT=@@CHARACTER_SET_CLIENT */;
/*!40101 SET @OLD_CHARACTER_SET_RESULTS=@@CHARACTER_SET_RESULTS */;
/*!40101 SET @OLD_COLLATION_CONNECTION=@@COLLATION_CONNECTION */;
/*!40101 SET NAMES utf8 */;
/*!40103 SET @OLD_TIME_ZONE=@@TIME_ZONE */;
/*!40103 SET TIME_ZONE='+00:00' */;
/*!40014 SET @OLD_UNIQUE_CHECKS=@@UNIQUE_CHECKS, UNIQUE_CHECKS=0 */;
/*!40014 SET @OLD_FOREIGN_KEY_CHECKS=@@FOREIGN_KEY_CHECKS, FOREIGN_KEY_CHECKS=0 */;
/*!40101 SET @OLD_SQL_MODE=@@SQL_MODE, SQL_MODE='NO_AUTO_VALUE_ON_ZERO' */;
/*!40111 SET @OLD_SQL_NOTES=@@SQL_NOTES, SQL_NOTES=0 */;

--
-- Table structure for table `aauth_group_to_group`
--

DROP TABLE IF EXISTS `aauth_group_to_group`;
/*!40101 SET @saved_cs_client     = @@character_set_client */;
/*!40101 SET character_set_client = utf8 */;
CREATE TABLE `aauth_group_to_group` (
  `group_id` int(10) unsigned NOT NULL,
  `subgroup_id` int(10) unsigned NOT NULL,
  `created_by` int(11) DEFAULT NULL,
  `updated_by` int(11) DEFAULT NULL,
  `updated_at` datetime DEFAULT CURRENT_TIMESTAMP ON UPDATE CURRENT_TIMESTAMP,
  `created_at` datetime DEFAULT CURRENT_TIMESTAMP,
  PRIMARY KEY (`group_id`,`subgroup_id`),
  KEY `aauth_group_to_group_created_by_index` (`created_by`),
  KEY `aauth_group_to_group_updated_by_index` (`updated_by`)
) ENGINE=InnoDB DEFAULT CHARSET=utf8;
/*!40101 SET character_set_client = @saved_cs_client */;

--
-- Dumping data for table `aauth_group_to_group`
--

LOCK TABLES `aauth_group_to_group` WRITE;
/*!40000 ALTER TABLE `aauth_group_to_group` DISABLE KEYS */;
/*!40000 ALTER TABLE `aauth_group_to_group` ENABLE KEYS */;
UNLOCK TABLES;

--
-- Table structure for table `aauth_groups`
--

DROP TABLE IF EXISTS `aauth_groups`;
/*!40101 SET @saved_cs_client     = @@character_set_client */;
/*!40101 SET character_set_client = utf8 */;
CREATE TABLE `aauth_groups` (
  `id` int(10) unsigned NOT NULL AUTO_INCREMENT,
  `name` varchar(100) DEFAULT NULL,
  `priority` int(11) NOT NULL DEFAULT '1000',
  `definition` text,
  `created_by` int(11) DEFAULT NULL,
  `updated_by` int(11) DEFAULT NULL,
  `updated_at` datetime DEFAULT CURRENT_TIMESTAMP ON UPDATE CURRENT_TIMESTAMP,
  `created_at` datetime DEFAULT CURRENT_TIMESTAMP,
  PRIMARY KEY (`id`),
  KEY `aauth_groups_created_by_index` (`created_by`),
  KEY `aauth_groups_updated_by_index` (`updated_by`)
) ENGINE=InnoDB AUTO_INCREMENT=23 DEFAULT CHARSET=utf8;
/*!40101 SET character_set_client = @saved_cs_client */;

--
-- Dumping data for table `aauth_groups`
--

LOCK TABLES `aauth_groups` WRITE;
/*!40000 ALTER TABLE `aauth_groups` DISABLE KEYS */;
INSERT INTO `aauth_groups` VALUES (1,'Admin',1,'Superadmin Group',NULL,NULL,'2022-03-02 06:55:20','2022-03-02 06:55:20'),(2,'Public',1000,'For public access',1,1,'2022-03-02 06:55:20','2022-03-02 06:55:20'),(3,'Customer',1000,'Default Access Group',NULL,NULL,'2022-03-02 06:55:20','2022-03-02 06:55:20'),(22,'Superadmin',2,'Admin',1,NULL,'2022-03-04 22:19:45','2022-03-02 06:55:20');
/*!40000 ALTER TABLE `aauth_groups` ENABLE KEYS */;
UNLOCK TABLES;

--
-- Table structure for table `aauth_login_attempts`
--

DROP TABLE IF EXISTS `aauth_login_attempts`;
/*!40101 SET @saved_cs_client     = @@character_set_client */;
/*!40101 SET character_set_client = utf8 */;
CREATE TABLE `aauth_login_attempts` (
  `id` int(10) unsigned NOT NULL AUTO_INCREMENT,
  `ip_address` varchar(39) DEFAULT NULL,
  `timestamp` datetime DEFAULT NULL,
  `login_attempts` tinyint(3) unsigned DEFAULT NULL,
  `created_by` int(11) DEFAULT NULL,
  `updated_by` int(11) DEFAULT NULL,
  `updated_at` datetime DEFAULT CURRENT_TIMESTAMP ON UPDATE CURRENT_TIMESTAMP,
  `created_at` datetime DEFAULT CURRENT_TIMESTAMP,
  PRIMARY KEY (`id`),
  KEY `aauth_login_attempts_created_by_index` (`created_by`),
  KEY `aauth_login_attempts_updated_by_index` (`updated_by`)
) ENGINE=InnoDB AUTO_INCREMENT=475 DEFAULT CHARSET=utf8;
/*!40101 SET character_set_client = @saved_cs_client */;

--
-- Dumping data for table `aauth_login_attempts`
--

LOCK TABLES `aauth_login_attempts` WRITE;
/*!40000 ALTER TABLE `aauth_login_attempts` DISABLE KEYS */;
/*!40000 ALTER TABLE `aauth_login_attempts` ENABLE KEYS */;
UNLOCK TABLES;

--
-- Table structure for table `aauth_perm_to_group`
--

DROP TABLE IF EXISTS `aauth_perm_to_group`;
/*!40101 SET @saved_cs_client     = @@character_set_client */;
/*!40101 SET character_set_client = utf8 */;
CREATE TABLE `aauth_perm_to_group` (
  `perm_id` int(11) NOT NULL,
  `group_id` int(11) NOT NULL,
  `created_by` int(11) DEFAULT NULL,
  `updated_by` int(11) DEFAULT NULL,
  `updated_at` datetime DEFAULT CURRENT_TIMESTAMP ON UPDATE CURRENT_TIMESTAMP,
  `created_at` datetime DEFAULT CURRENT_TIMESTAMP,
  KEY `aauth_perm_to_group_created_by_index` (`created_by`),
  KEY `aauth_perm_to_group_updated_by_index` (`updated_by`)
) ENGINE=InnoDB DEFAULT CHARSET=utf8;
/*!40101 SET character_set_client = @saved_cs_client */;

--
-- Dumping data for table `aauth_perm_to_group`
--

LOCK TABLES `aauth_perm_to_group` WRITE;
/*!40000 ALTER TABLE `aauth_perm_to_group` DISABLE KEYS */;
INSERT INTO `aauth_perm_to_group` VALUES (476,4,NULL,NULL,'2022-03-02 06:55:20','2022-03-02 06:55:20'),(480,4,NULL,NULL,'2022-03-02 06:55:20','2022-03-02 06:55:20'),(481,4,NULL,NULL,'2022-03-02 06:55:20','2022-03-02 06:55:20'),(481,4,NULL,NULL,'2022-03-02 06:55:20','2022-03-02 06:55:20'),(482,4,NULL,NULL,'2022-03-02 06:55:20','2022-03-02 06:55:20'),(485,4,NULL,NULL,'2022-03-02 06:55:20','2022-03-02 06:55:20'),(488,4,NULL,NULL,'2022-03-02 06:55:20','2022-03-02 06:55:20'),(489,4,NULL,NULL,'2022-03-02 06:55:20','2022-03-02 06:55:20'),(482,4,NULL,NULL,'2022-03-02 06:55:20','2022-03-02 06:55:20'),(396,4,NULL,NULL,'2022-03-02 06:55:20','2022-03-02 06:55:20'),(396,4,NULL,NULL,'2022-03-02 06:55:20','2022-03-02 06:55:20'),(501,4,NULL,NULL,'2022-03-02 06:55:20','2022-03-02 06:55:20'),(502,0,NULL,NULL,'2022-03-02 06:55:20','2022-03-02 06:55:20'),(502,4,NULL,NULL,'2022-03-02 06:55:20','2022-03-02 06:55:20'),(504,4,NULL,NULL,'2022-03-02 06:55:20','2022-03-02 06:55:20'),(505,4,NULL,NULL,'2022-03-02 06:55:20','2022-03-02 06:55:20'),(515,4,NULL,NULL,'2022-03-02 06:55:20','2022-03-02 06:55:20'),(516,0,NULL,NULL,'2022-03-02 06:55:20','2022-03-02 06:55:20'),(516,4,NULL,NULL,'2022-03-02 06:55:20','2022-03-02 06:55:20'),(350,4,NULL,NULL,'2022-03-02 06:55:20','2022-03-02 06:55:20'),(349,4,NULL,NULL,'2022-03-02 06:55:20','2022-03-02 06:55:20'),(543,0,NULL,NULL,'2022-03-02 06:55:20','2022-03-02 06:55:20'),(378,5,NULL,NULL,'2022-03-02 06:55:20','2022-03-02 06:55:20'),(395,5,NULL,NULL,'2022-03-02 06:55:20','2022-03-02 06:55:20'),(521,5,NULL,NULL,'2022-03-02 06:55:20','2022-03-02 06:55:20'),(22,5,NULL,NULL,'2022-03-02 06:55:20','2022-03-02 06:55:20'),(328,5,NULL,NULL,'2022-03-02 06:55:20','2022-03-02 06:55:20'),(329,5,NULL,NULL,'2022-03-02 06:55:20','2022-03-02 06:55:20'),(330,5,NULL,NULL,'2022-03-02 06:55:20','2022-03-02 06:55:20'),(331,5,NULL,NULL,'2022-03-02 06:55:20','2022-03-02 06:55:20'),(332,5,NULL,NULL,'2022-03-02 06:55:20','2022-03-02 06:55:20'),(258,5,NULL,NULL,'2022-03-02 06:55:20','2022-03-02 06:55:20'),(259,5,NULL,NULL,'2022-03-02 06:55:20','2022-03-02 06:55:20'),(260,5,NULL,NULL,'2022-03-02 06:55:20','2022-03-02 06:55:20'),(261,5,NULL,NULL,'2022-03-02 06:55:20','2022-03-02 06:55:20'),(262,5,NULL,NULL,'2022-03-02 06:55:20','2022-03-02 06:55:20'),(263,5,NULL,NULL,'2022-03-02 06:55:20','2022-03-02 06:55:20'),(264,5,NULL,NULL,'2022-03-02 06:55:20','2022-03-02 06:55:20'),(265,5,NULL,NULL,'2022-03-02 06:55:20','2022-03-02 06:55:20'),(266,5,NULL,NULL,'2022-03-02 06:55:20','2022-03-02 06:55:20'),(267,5,NULL,NULL,'2022-03-02 06:55:20','2022-03-02 06:55:20'),(268,5,NULL,NULL,'2022-03-02 06:55:20','2022-03-02 06:55:20'),(269,5,NULL,NULL,'2022-03-02 06:55:20','2022-03-02 06:55:20'),(270,5,NULL,NULL,'2022-03-02 06:55:20','2022-03-02 06:55:20'),(271,5,NULL,NULL,'2022-03-02 06:55:20','2022-03-02 06:55:20'),(272,5,NULL,NULL,'2022-03-02 06:55:20','2022-03-02 06:55:20'),(395,5,NULL,NULL,'2022-03-02 06:55:20','2022-03-02 06:55:20'),(396,5,NULL,NULL,'2022-03-02 06:55:20','2022-03-02 06:55:20'),(396,5,NULL,NULL,'2022-03-02 06:55:20','2022-03-02 06:55:20'),(396,5,NULL,NULL,'2022-03-02 06:55:20','2022-03-02 06:55:20'),(396,5,NULL,NULL,'2022-03-02 06:55:20','2022-03-02 06:55:20'),(380,5,NULL,NULL,'2022-03-02 06:55:20','2022-03-02 06:55:20'),(380,5,NULL,NULL,'2022-03-02 06:55:20','2022-03-02 06:55:20'),(193,9,NULL,NULL,'2022-03-02 06:55:20','2022-03-02 06:55:20'),(194,9,NULL,NULL,'2022-03-02 06:55:20','2022-03-02 06:55:20'),(195,9,NULL,NULL,'2022-03-02 06:55:20','2022-03-02 06:55:20'),(196,9,NULL,NULL,'2022-03-02 06:55:20','2022-03-02 06:55:20'),(197,9,NULL,NULL,'2022-03-02 06:55:20','2022-03-02 06:55:20'),(452,9,NULL,NULL,'2022-03-02 06:55:20','2022-03-02 06:55:20'),(453,9,NULL,NULL,'2022-03-02 06:55:20','2022-03-02 06:55:20'),(454,9,NULL,NULL,'2022-03-02 06:55:20','2022-03-02 06:55:20'),(455,9,NULL,NULL,'2022-03-02 06:55:20','2022-03-02 06:55:20'),(456,9,NULL,NULL,'2022-03-02 06:55:20','2022-03-02 06:55:20'),(138,10,NULL,NULL,'2022-03-02 06:55:20','2022-03-02 06:55:20'),(139,10,NULL,NULL,'2022-03-02 06:55:20','2022-03-02 06:55:20'),(140,10,NULL,NULL,'2022-03-02 06:55:20','2022-03-02 06:55:20'),(141,10,NULL,NULL,'2022-03-02 06:55:20','2022-03-02 06:55:20'),(142,10,NULL,NULL,'2022-03-02 06:55:20','2022-03-02 06:55:20'),(405,10,NULL,NULL,'2022-03-02 06:55:20','2022-03-02 06:55:20'),(406,10,NULL,NULL,'2022-03-02 06:55:20','2022-03-02 06:55:20'),(407,10,NULL,NULL,'2022-03-02 06:55:20','2022-03-02 06:55:20'),(408,10,NULL,NULL,'2022-03-02 06:55:20','2022-03-02 06:55:20'),(409,10,NULL,NULL,'2022-03-02 06:55:20','2022-03-02 06:55:20'),(183,10,NULL,NULL,'2022-03-02 06:55:20','2022-03-02 06:55:20'),(184,10,NULL,NULL,'2022-03-02 06:55:20','2022-03-02 06:55:20'),(185,10,NULL,NULL,'2022-03-02 06:55:20','2022-03-02 06:55:20'),(186,10,NULL,NULL,'2022-03-02 06:55:20','2022-03-02 06:55:20'),(187,10,NULL,NULL,'2022-03-02 06:55:20','2022-03-02 06:55:20'),(562,10,NULL,NULL,'2022-03-02 06:55:20','2022-03-02 06:55:20'),(351,10,NULL,NULL,'2022-03-02 06:55:20','2022-03-02 06:55:20'),(563,10,NULL,NULL,'2022-03-02 06:55:20','2022-03-02 06:55:20'),(352,10,NULL,NULL,'2022-03-02 06:55:20','2022-03-02 06:55:20'),(562,10,NULL,NULL,'2022-03-02 06:55:20','2022-03-02 06:55:20'),(351,10,NULL,NULL,'2022-03-02 06:55:20','2022-03-02 06:55:20'),(352,10,NULL,NULL,'2022-03-02 06:55:20','2022-03-02 06:55:20'),(570,9,NULL,NULL,'2022-03-02 06:55:20','2022-03-02 06:55:20'),(371,9,NULL,NULL,'2022-03-02 06:55:20','2022-03-02 06:55:20'),(378,14,NULL,NULL,'2022-03-02 06:55:20','2022-03-02 06:55:20'),(379,14,NULL,NULL,'2022-03-02 06:55:20','2022-03-02 06:55:20'),(380,14,NULL,NULL,'2022-03-02 06:55:20','2022-03-02 06:55:20'),(529,14,NULL,NULL,'2022-03-02 06:55:20','2022-03-02 06:55:20'),(581,14,NULL,NULL,'2022-03-02 06:55:20','2022-03-02 06:55:20'),(582,14,NULL,NULL,'2022-03-02 06:55:20','2022-03-02 06:55:20'),(583,14,NULL,NULL,'2022-03-02 06:55:20','2022-03-02 06:55:20'),(584,14,NULL,NULL,'2022-03-02 06:55:20','2022-03-02 06:55:20'),(218,14,NULL,NULL,'2022-03-02 06:55:20','2022-03-02 06:55:20'),(219,14,NULL,NULL,'2022-03-02 06:55:20','2022-03-02 06:55:20'),(220,14,NULL,NULL,'2022-03-02 06:55:20','2022-03-02 06:55:20'),(221,14,NULL,NULL,'2022-03-02 06:55:20','2022-03-02 06:55:20'),(222,14,NULL,NULL,'2022-03-02 06:55:20','2022-03-02 06:55:20'),(223,14,NULL,NULL,'2022-03-02 06:55:20','2022-03-02 06:55:20'),(224,14,NULL,NULL,'2022-03-02 06:55:20','2022-03-02 06:55:20'),(225,14,NULL,NULL,'2022-03-02 06:55:20','2022-03-02 06:55:20'),(226,14,NULL,NULL,'2022-03-02 06:55:20','2022-03-02 06:55:20'),(227,14,NULL,NULL,'2022-03-02 06:55:20','2022-03-02 06:55:20'),(228,14,NULL,NULL,'2022-03-02 06:55:20','2022-03-02 06:55:20'),(229,14,NULL,NULL,'2022-03-02 06:55:20','2022-03-02 06:55:20'),(230,14,NULL,NULL,'2022-03-02 06:55:20','2022-03-02 06:55:20'),(231,14,NULL,NULL,'2022-03-02 06:55:20','2022-03-02 06:55:20'),(232,14,NULL,NULL,'2022-03-02 06:55:20','2022-03-02 06:55:20'),(328,14,NULL,NULL,'2022-03-02 06:55:20','2022-03-02 06:55:20'),(329,14,NULL,NULL,'2022-03-02 06:55:20','2022-03-02 06:55:20'),(330,14,NULL,NULL,'2022-03-02 06:55:20','2022-03-02 06:55:20'),(331,14,NULL,NULL,'2022-03-02 06:55:20','2022-03-02 06:55:20'),(332,14,NULL,NULL,'2022-03-02 06:55:20','2022-03-02 06:55:20'),(528,14,NULL,NULL,'2022-03-02 06:55:20','2022-03-02 06:55:20'),(504,14,NULL,NULL,'2022-03-02 06:55:20','2022-03-02 06:55:20'),(599,14,NULL,NULL,'2022-03-02 06:55:20','2022-03-02 06:55:20'),(504,14,NULL,NULL,'2022-03-02 06:55:20','2022-03-02 06:55:20'),(600,14,NULL,NULL,'2022-03-02 06:55:20','2022-03-02 06:55:20'),(505,14,NULL,NULL,'2022-03-02 06:55:20','2022-03-02 06:55:20'),(340,17,NULL,NULL,'2022-03-02 06:55:20','2022-03-02 06:55:20'),(341,17,NULL,NULL,'2022-03-02 06:55:20','2022-03-02 06:55:20'),(343,17,NULL,NULL,'2022-03-02 06:55:20','2022-03-02 06:55:20'),(344,17,NULL,NULL,'2022-03-02 06:55:20','2022-03-02 06:55:20'),(345,17,NULL,NULL,'2022-03-02 06:55:20','2022-03-02 06:55:20'),(376,17,NULL,NULL,'2022-03-02 06:55:20','2022-03-02 06:55:20'),(377,17,NULL,NULL,'2022-03-02 06:55:20','2022-03-02 06:55:20'),(434,17,NULL,NULL,'2022-03-02 06:55:20','2022-03-02 06:55:20'),(504,17,NULL,NULL,'2022-03-02 06:55:20','2022-03-02 06:55:20'),(505,17,NULL,NULL,'2022-03-02 06:55:20','2022-03-02 06:55:20'),(598,17,NULL,NULL,'2022-03-02 06:55:20','2022-03-02 06:55:20'),(599,17,NULL,NULL,'2022-03-02 06:55:20','2022-03-02 06:55:20'),(600,17,NULL,NULL,'2022-03-02 06:55:20','2022-03-02 06:55:20'),(601,17,NULL,NULL,'2022-03-02 06:55:20','2022-03-02 06:55:20'),(602,17,NULL,NULL,'2022-03-02 06:55:20','2022-03-02 06:55:20'),(603,17,NULL,NULL,'2022-03-02 06:55:20','2022-03-02 06:55:20'),(604,17,NULL,NULL,'2022-03-02 06:55:20','2022-03-02 06:55:20'),(605,17,NULL,NULL,'2022-03-02 06:55:20','2022-03-02 06:55:20'),(606,17,NULL,NULL,'2022-03-02 06:55:20','2022-03-02 06:55:20'),(607,17,NULL,NULL,'2022-03-02 06:55:20','2022-03-02 06:55:20'),(22,17,NULL,NULL,'2022-03-02 06:55:20','2022-03-02 06:55:20'),(381,15,NULL,NULL,'2022-03-02 06:55:20','2022-03-02 06:55:20'),(392,15,NULL,NULL,'2022-03-02 06:55:20','2022-03-02 06:55:20'),(393,15,NULL,NULL,'2022-03-02 06:55:20','2022-03-02 06:55:20'),(394,15,NULL,NULL,'2022-03-02 06:55:20','2022-03-02 06:55:20'),(585,15,NULL,NULL,'2022-03-02 06:55:20','2022-03-02 06:55:20'),(586,15,NULL,NULL,'2022-03-02 06:55:20','2022-03-02 06:55:20'),(587,15,NULL,NULL,'2022-03-02 06:55:20','2022-03-02 06:55:20'),(588,15,NULL,NULL,'2022-03-02 06:55:20','2022-03-02 06:55:20'),(22,15,NULL,NULL,'2022-03-02 06:55:20','2022-03-02 06:55:20'),(233,15,NULL,NULL,'2022-03-02 06:55:20','2022-03-02 06:55:20'),(234,15,NULL,NULL,'2022-03-02 06:55:20','2022-03-02 06:55:20'),(235,15,NULL,NULL,'2022-03-02 06:55:20','2022-03-02 06:55:20'),(236,15,NULL,NULL,'2022-03-02 06:55:20','2022-03-02 06:55:20'),(237,15,NULL,NULL,'2022-03-02 06:55:20','2022-03-02 06:55:20'),(382,15,NULL,NULL,'2022-03-02 06:55:20','2022-03-02 06:55:20'),(383,15,NULL,NULL,'2022-03-02 06:55:20','2022-03-02 06:55:20'),(384,15,NULL,NULL,'2022-03-02 06:55:20','2022-03-02 06:55:20'),(385,15,NULL,NULL,'2022-03-02 06:55:20','2022-03-02 06:55:20'),(386,15,NULL,NULL,'2022-03-02 06:55:20','2022-03-02 06:55:20'),(387,15,NULL,NULL,'2022-03-02 06:55:20','2022-03-02 06:55:20'),(388,15,NULL,NULL,'2022-03-02 06:55:20','2022-03-02 06:55:20'),(389,15,NULL,NULL,'2022-03-02 06:55:20','2022-03-02 06:55:20'),(390,15,NULL,NULL,'2022-03-02 06:55:20','2022-03-02 06:55:20'),(391,15,NULL,NULL,'2022-03-02 06:55:20','2022-03-02 06:55:20'),(610,0,NULL,NULL,'2022-03-02 06:55:20','2022-03-02 06:55:20'),(611,0,NULL,NULL,'2022-03-02 06:55:20','2022-03-02 06:55:20'),(612,0,NULL,NULL,'2022-03-02 06:55:20','2022-03-02 06:55:20'),(613,0,NULL,NULL,'2022-03-02 06:55:20','2022-03-02 06:55:20'),(614,0,NULL,NULL,'2022-03-02 06:55:20','2022-03-02 06:55:20'),(615,0,NULL,NULL,'2022-03-02 06:55:20','2022-03-02 06:55:20'),(616,0,NULL,NULL,'2022-03-02 06:55:20','2022-03-02 06:55:20'),(617,0,NULL,NULL,'2022-03-02 06:55:20','2022-03-02 06:55:20'),(514,18,NULL,NULL,'2022-03-02 06:55:20','2022-03-02 06:55:20'),(515,18,NULL,NULL,'2022-03-02 06:55:20','2022-03-02 06:55:20'),(516,18,NULL,NULL,'2022-03-02 06:55:20','2022-03-02 06:55:20'),(511,18,NULL,NULL,'2022-03-02 06:55:20','2022-03-02 06:55:20'),(347,19,NULL,NULL,'2022-03-02 06:55:20','2022-03-02 06:55:20'),(349,19,NULL,NULL,'2022-03-02 06:55:20','2022-03-02 06:55:20'),(368,19,NULL,NULL,'2022-03-02 06:55:20','2022-03-02 06:55:20'),(369,19,NULL,NULL,'2022-03-02 06:55:20','2022-03-02 06:55:20'),(514,19,NULL,NULL,'2022-03-02 06:55:20','2022-03-02 06:55:20'),(515,19,NULL,NULL,'2022-03-02 06:55:20','2022-03-02 06:55:20'),(516,19,NULL,NULL,'2022-03-02 06:55:20','2022-03-02 06:55:20'),(556,19,NULL,NULL,'2022-03-02 06:55:20','2022-03-02 06:55:20'),(557,19,NULL,NULL,'2022-03-02 06:55:20','2022-03-02 06:55:20'),(576,19,NULL,NULL,'2022-03-02 06:55:20','2022-03-02 06:55:20'),(577,19,NULL,NULL,'2022-03-02 06:55:20','2022-03-02 06:55:20'),(578,19,NULL,NULL,'2022-03-02 06:55:20','2022-03-02 06:55:20'),(608,19,NULL,NULL,'2022-03-02 06:55:20','2022-03-02 06:55:20'),(609,19,NULL,NULL,'2022-03-02 06:55:20','2022-03-02 06:55:20'),(610,19,NULL,NULL,'2022-03-02 06:55:20','2022-03-02 06:55:20'),(611,19,NULL,NULL,'2022-03-02 06:55:20','2022-03-02 06:55:20'),(612,19,NULL,NULL,'2022-03-02 06:55:20','2022-03-02 06:55:20'),(613,19,NULL,NULL,'2022-03-02 06:55:20','2022-03-02 06:55:20'),(614,19,NULL,NULL,'2022-03-02 06:55:20','2022-03-02 06:55:20'),(615,19,NULL,NULL,'2022-03-02 06:55:20','2022-03-02 06:55:20'),(616,19,NULL,NULL,'2022-03-02 06:55:20','2022-03-02 06:55:20'),(617,19,NULL,NULL,'2022-03-02 06:55:20','2022-03-02 06:55:20'),(138,19,NULL,NULL,'2022-03-02 06:55:20','2022-03-02 06:55:20'),(139,19,NULL,NULL,'2022-03-02 06:55:20','2022-03-02 06:55:20'),(140,19,NULL,NULL,'2022-03-02 06:55:20','2022-03-02 06:55:20'),(141,19,NULL,NULL,'2022-03-02 06:55:20','2022-03-02 06:55:20'),(142,19,NULL,NULL,'2022-03-02 06:55:20','2022-03-02 06:55:20'),(405,19,NULL,NULL,'2022-03-02 06:55:20','2022-03-02 06:55:20'),(406,19,NULL,NULL,'2022-03-02 06:55:20','2022-03-02 06:55:20'),(407,19,NULL,NULL,'2022-03-02 06:55:20','2022-03-02 06:55:20'),(409,19,NULL,NULL,'2022-03-02 06:55:20','2022-03-02 06:55:20'),(173,19,NULL,NULL,'2022-03-02 06:55:20','2022-03-02 06:55:20'),(174,19,NULL,NULL,'2022-03-02 06:55:20','2022-03-02 06:55:20'),(175,19,NULL,NULL,'2022-03-02 06:55:20','2022-03-02 06:55:20'),(177,19,NULL,NULL,'2022-03-02 06:55:20','2022-03-02 06:55:20'),(178,19,NULL,NULL,'2022-03-02 06:55:20','2022-03-02 06:55:20'),(179,19,NULL,NULL,'2022-03-02 06:55:20','2022-03-02 06:55:20'),(180,19,NULL,NULL,'2022-03-02 06:55:20','2022-03-02 06:55:20'),(182,19,NULL,NULL,'2022-03-02 06:55:20','2022-03-02 06:55:20'),(258,19,NULL,NULL,'2022-03-02 06:55:20','2022-03-02 06:55:20'),(259,19,NULL,NULL,'2022-03-02 06:55:20','2022-03-02 06:55:20'),(260,19,NULL,NULL,'2022-03-02 06:55:20','2022-03-02 06:55:20'),(262,19,NULL,NULL,'2022-03-02 06:55:20','2022-03-02 06:55:20'),(263,19,NULL,NULL,'2022-03-02 06:55:20','2022-03-02 06:55:20'),(264,19,NULL,NULL,'2022-03-02 06:55:20','2022-03-02 06:55:20'),(265,19,NULL,NULL,'2022-03-02 06:55:20','2022-03-02 06:55:20'),(267,19,NULL,NULL,'2022-03-02 06:55:20','2022-03-02 06:55:20'),(303,19,NULL,NULL,'2022-03-02 06:55:20','2022-03-02 06:55:20'),(304,19,NULL,NULL,'2022-03-02 06:55:20','2022-03-02 06:55:20'),(305,19,NULL,NULL,'2022-03-02 06:55:20','2022-03-02 06:55:20'),(307,19,NULL,NULL,'2022-03-02 06:55:20','2022-03-02 06:55:20'),(308,19,NULL,NULL,'2022-03-02 06:55:20','2022-03-02 06:55:20'),(309,19,NULL,NULL,'2022-03-02 06:55:20','2022-03-02 06:55:20'),(310,19,NULL,NULL,'2022-03-02 06:55:20','2022-03-02 06:55:20'),(312,19,NULL,NULL,'2022-03-02 06:55:20','2022-03-02 06:55:20'),(464,19,NULL,NULL,'2022-03-02 06:55:20','2022-03-02 06:55:20'),(484,19,NULL,NULL,'2022-03-02 06:55:20','2022-03-02 06:55:20'),(511,19,NULL,NULL,'2022-03-02 06:55:20','2022-03-02 06:55:20'),(518,19,NULL,NULL,'2022-03-02 06:55:20','2022-03-02 06:55:20'),(520,19,NULL,NULL,'2022-03-02 06:55:20','2022-03-02 06:55:20'),(533,19,NULL,NULL,'2022-03-02 06:55:20','2022-03-02 06:55:20'),(548,19,NULL,NULL,'2022-03-02 06:55:20','2022-03-02 06:55:20'),(551,19,NULL,NULL,'2022-03-02 06:55:20','2022-03-02 06:55:20'),(368,12,NULL,NULL,'2022-03-02 06:55:20','2022-03-02 06:55:20'),(369,12,NULL,NULL,'2022-03-02 06:55:20','2022-03-02 06:55:20'),(370,12,NULL,NULL,'2022-03-02 06:55:20','2022-03-02 06:55:20'),(568,12,NULL,NULL,'2022-03-02 06:55:20','2022-03-02 06:55:20'),(569,12,NULL,NULL,'2022-03-02 06:55:20','2022-03-02 06:55:20'),(22,12,NULL,NULL,'2022-03-02 06:55:20','2022-03-02 06:55:20'),(173,12,NULL,NULL,'2022-03-02 06:55:20','2022-03-02 06:55:20'),(174,12,NULL,NULL,'2022-03-02 06:55:20','2022-03-02 06:55:20'),(175,12,NULL,NULL,'2022-03-02 06:55:20','2022-03-02 06:55:20'),(177,12,NULL,NULL,'2022-03-02 06:55:20','2022-03-02 06:55:20'),(178,12,NULL,NULL,'2022-03-02 06:55:20','2022-03-02 06:55:20'),(179,12,NULL,NULL,'2022-03-02 06:55:20','2022-03-02 06:55:20'),(180,12,NULL,NULL,'2022-03-02 06:55:20','2022-03-02 06:55:20'),(182,12,NULL,NULL,'2022-03-02 06:55:20','2022-03-02 06:55:20'),(183,12,NULL,NULL,'2022-03-02 06:55:20','2022-03-02 06:55:20'),(184,12,NULL,NULL,'2022-03-02 06:55:20','2022-03-02 06:55:20'),(185,12,NULL,NULL,'2022-03-02 06:55:20','2022-03-02 06:55:20'),(186,12,NULL,NULL,'2022-03-02 06:55:20','2022-03-02 06:55:20'),(187,12,NULL,NULL,'2022-03-02 06:55:20','2022-03-02 06:55:20'),(193,12,NULL,NULL,'2022-03-02 06:55:20','2022-03-02 06:55:20'),(194,12,NULL,NULL,'2022-03-02 06:55:20','2022-03-02 06:55:20'),(195,12,NULL,NULL,'2022-03-02 06:55:20','2022-03-02 06:55:20'),(196,12,NULL,NULL,'2022-03-02 06:55:20','2022-03-02 06:55:20'),(197,12,NULL,NULL,'2022-03-02 06:55:20','2022-03-02 06:55:20'),(452,12,NULL,NULL,'2022-03-02 06:55:20','2022-03-02 06:55:20'),(453,12,NULL,NULL,'2022-03-02 06:55:20','2022-03-02 06:55:20'),(454,12,NULL,NULL,'2022-03-02 06:55:20','2022-03-02 06:55:20'),(455,12,NULL,NULL,'2022-03-02 06:55:20','2022-03-02 06:55:20'),(456,12,NULL,NULL,'2022-03-02 06:55:20','2022-03-02 06:55:20'),(348,20,NULL,NULL,'2022-03-02 06:55:20','2022-03-02 06:55:20'),(500,20,NULL,NULL,'2022-03-02 06:55:20','2022-03-02 06:55:20'),(501,20,NULL,NULL,'2022-03-02 06:55:20','2022-03-02 06:55:20'),(546,20,NULL,NULL,'2022-03-02 06:55:20','2022-03-02 06:55:20'),(558,20,NULL,NULL,'2022-03-02 06:55:20','2022-03-02 06:55:20'),(559,20,NULL,NULL,'2022-03-02 06:55:20','2022-03-02 06:55:20'),(560,20,NULL,NULL,'2022-03-02 06:55:20','2022-03-02 06:55:20'),(561,20,NULL,NULL,'2022-03-02 06:55:20','2022-03-02 06:55:20'),(567,20,NULL,NULL,'2022-03-02 06:55:20','2022-03-02 06:55:20'),(589,20,NULL,NULL,'2022-03-02 06:55:20','2022-03-02 06:55:20'),(590,20,NULL,NULL,'2022-03-02 06:55:20','2022-03-02 06:55:20'),(22,20,NULL,NULL,'2022-03-02 06:55:20','2022-03-02 06:55:20'),(490,20,NULL,NULL,'2022-03-02 06:55:20','2022-03-02 06:55:20'),(491,20,NULL,NULL,'2022-03-02 06:55:20','2022-03-02 06:55:20'),(492,20,NULL,NULL,'2022-03-02 06:55:20','2022-03-02 06:55:20'),(494,20,NULL,NULL,'2022-03-02 06:55:20','2022-03-02 06:55:20'),(545,20,NULL,NULL,'2022-03-02 06:55:20','2022-03-02 06:55:20'),(348,13,NULL,NULL,'2022-03-02 06:55:20','2022-03-02 06:55:20'),(350,13,NULL,NULL,'2022-03-02 06:55:20','2022-03-02 06:55:20'),(367,13,NULL,NULL,'2022-03-02 06:55:20','2022-03-02 06:55:20'),(372,13,NULL,NULL,'2022-03-02 06:55:20','2022-03-02 06:55:20'),(373,13,NULL,NULL,'2022-03-02 06:55:20','2022-03-02 06:55:20'),(374,13,NULL,NULL,'2022-03-02 06:55:20','2022-03-02 06:55:20'),(448,13,NULL,NULL,'2022-03-02 06:55:20','2022-03-02 06:55:20'),(500,13,NULL,NULL,'2022-03-02 06:55:20','2022-03-02 06:55:20'),(501,13,NULL,NULL,'2022-03-02 06:55:20','2022-03-02 06:55:20'),(559,13,NULL,NULL,'2022-03-02 06:55:20','2022-03-02 06:55:20'),(560,13,NULL,NULL,'2022-03-02 06:55:20','2022-03-02 06:55:20'),(572,13,NULL,NULL,'2022-03-02 06:55:20','2022-03-02 06:55:20'),(573,13,NULL,NULL,'2022-03-02 06:55:20','2022-03-02 06:55:20'),(589,13,NULL,NULL,'2022-03-02 06:55:20','2022-03-02 06:55:20'),(590,13,NULL,NULL,'2022-03-02 06:55:20','2022-03-02 06:55:20'),(591,13,NULL,NULL,'2022-03-02 06:55:20','2022-03-02 06:55:20'),(22,13,NULL,NULL,'2022-03-02 06:55:20','2022-03-02 06:55:20'),(148,13,NULL,NULL,'2022-03-02 06:55:20','2022-03-02 06:55:20'),(149,13,NULL,NULL,'2022-03-02 06:55:20','2022-03-02 06:55:20'),(150,13,NULL,NULL,'2022-03-02 06:55:20','2022-03-02 06:55:20'),(152,13,NULL,NULL,'2022-03-02 06:55:20','2022-03-02 06:55:20'),(158,13,NULL,NULL,'2022-03-02 06:55:20','2022-03-02 06:55:20'),(159,13,NULL,NULL,'2022-03-02 06:55:20','2022-03-02 06:55:20'),(160,13,NULL,NULL,'2022-03-02 06:55:20','2022-03-02 06:55:20'),(162,13,NULL,NULL,'2022-03-02 06:55:20','2022-03-02 06:55:20'),(278,13,NULL,NULL,'2022-03-02 06:55:20','2022-03-02 06:55:20'),(279,13,NULL,NULL,'2022-03-02 06:55:20','2022-03-02 06:55:20'),(280,13,NULL,NULL,'2022-03-02 06:55:20','2022-03-02 06:55:20'),(282,13,NULL,NULL,'2022-03-02 06:55:20','2022-03-02 06:55:20'),(283,13,NULL,NULL,'2022-03-02 06:55:20','2022-03-02 06:55:20'),(284,13,NULL,NULL,'2022-03-02 06:55:20','2022-03-02 06:55:20'),(285,13,NULL,NULL,'2022-03-02 06:55:20','2022-03-02 06:55:20'),(287,13,NULL,NULL,'2022-03-02 06:55:20','2022-03-02 06:55:20'),(298,13,NULL,NULL,'2022-03-02 06:55:20','2022-03-02 06:55:20'),(299,13,NULL,NULL,'2022-03-02 06:55:20','2022-03-02 06:55:20'),(300,13,NULL,NULL,'2022-03-02 06:55:20','2022-03-02 06:55:20'),(302,13,NULL,NULL,'2022-03-02 06:55:20','2022-03-02 06:55:20'),(323,13,NULL,NULL,'2022-03-02 06:55:20','2022-03-02 06:55:20'),(324,13,NULL,NULL,'2022-03-02 06:55:20','2022-03-02 06:55:20'),(325,13,NULL,NULL,'2022-03-02 06:55:20','2022-03-02 06:55:20'),(327,13,NULL,NULL,'2022-03-02 06:55:20','2022-03-02 06:55:20'),(440,13,NULL,NULL,'2022-03-02 06:55:20','2022-03-02 06:55:20'),(441,13,NULL,NULL,'2022-03-02 06:55:20','2022-03-02 06:55:20'),(442,13,NULL,NULL,'2022-03-02 06:55:20','2022-03-02 06:55:20'),(444,13,NULL,NULL,'2022-03-02 06:55:20','2022-03-02 06:55:20'),(490,13,NULL,NULL,'2022-03-02 06:55:20','2022-03-02 06:55:20'),(491,13,NULL,NULL,'2022-03-02 06:55:20','2022-03-02 06:55:20'),(492,13,NULL,NULL,'2022-03-02 06:55:20','2022-03-02 06:55:20'),(494,13,NULL,NULL,'2022-03-02 06:55:20','2022-03-02 06:55:20'),(495,13,NULL,NULL,'2022-03-02 06:55:20','2022-03-02 06:55:20'),(496,13,NULL,NULL,'2022-03-02 06:55:20','2022-03-02 06:55:20'),(497,13,NULL,NULL,'2022-03-02 06:55:20','2022-03-02 06:55:20'),(499,13,NULL,NULL,'2022-03-02 06:55:20','2022-03-02 06:55:20'),(203,13,NULL,NULL,'2022-03-02 06:55:20','2022-03-02 06:55:20'),(204,13,NULL,NULL,'2022-03-02 06:55:20','2022-03-02 06:55:20'),(205,13,NULL,NULL,'2022-03-02 06:55:20','2022-03-02 06:55:20'),(207,13,NULL,NULL,'2022-03-02 06:55:20','2022-03-02 06:55:20'),(208,13,NULL,NULL,'2022-03-02 06:55:20','2022-03-02 06:55:20'),(209,13,NULL,NULL,'2022-03-02 06:55:20','2022-03-02 06:55:20'),(210,13,NULL,NULL,'2022-03-02 06:55:20','2022-03-02 06:55:20'),(212,13,NULL,NULL,'2022-03-02 06:55:20','2022-03-02 06:55:20'),(213,13,NULL,NULL,'2022-03-02 06:55:20','2022-03-02 06:55:20'),(214,13,NULL,NULL,'2022-03-02 06:55:20','2022-03-02 06:55:20'),(215,13,NULL,NULL,'2022-03-02 06:55:20','2022-03-02 06:55:20'),(217,13,NULL,NULL,'2022-03-02 06:55:20','2022-03-02 06:55:20'),(545,13,NULL,NULL,'2022-03-02 06:55:20','2022-03-02 06:55:20'),(346,8,NULL,NULL,'2022-03-02 06:55:20','2022-03-02 06:55:20'),(347,8,NULL,NULL,'2022-03-02 06:55:20','2022-03-02 06:55:20'),(348,8,NULL,NULL,'2022-03-02 06:55:20','2022-03-02 06:55:20'),(349,8,NULL,NULL,'2022-03-02 06:55:20','2022-03-02 06:55:20'),(350,8,NULL,NULL,'2022-03-02 06:55:20','2022-03-02 06:55:20'),(367,8,NULL,NULL,'2022-03-02 06:55:20','2022-03-02 06:55:20'),(433,8,NULL,NULL,'2022-03-02 06:55:20','2022-03-02 06:55:20'),(445,8,NULL,NULL,'2022-03-02 06:55:20','2022-03-02 06:55:20'),(446,8,NULL,NULL,'2022-03-02 06:55:20','2022-03-02 06:55:20'),(447,8,NULL,NULL,'2022-03-02 06:55:20','2022-03-02 06:55:20'),(500,8,NULL,NULL,'2022-03-02 06:55:20','2022-03-02 06:55:20'),(501,8,NULL,NULL,'2022-03-02 06:55:20','2022-03-02 06:55:20'),(502,8,NULL,NULL,'2022-03-02 06:55:20','2022-03-02 06:55:20'),(503,8,NULL,NULL,'2022-03-02 06:55:20','2022-03-02 06:55:20'),(516,8,NULL,NULL,'2022-03-02 06:55:20','2022-03-02 06:55:20'),(546,8,NULL,NULL,'2022-03-02 06:55:20','2022-03-02 06:55:20'),(552,8,NULL,NULL,'2022-03-02 06:55:20','2022-03-02 06:55:20'),(554,8,NULL,NULL,'2022-03-02 06:55:20','2022-03-02 06:55:20'),(555,8,NULL,NULL,'2022-03-02 06:55:20','2022-03-02 06:55:20'),(556,8,NULL,NULL,'2022-03-02 06:55:20','2022-03-02 06:55:20'),(557,8,NULL,NULL,'2022-03-02 06:55:20','2022-03-02 06:55:20'),(559,8,NULL,NULL,'2022-03-02 06:55:20','2022-03-02 06:55:20'),(560,8,NULL,NULL,'2022-03-02 06:55:20','2022-03-02 06:55:20'),(561,8,NULL,NULL,'2022-03-02 06:55:20','2022-03-02 06:55:20'),(567,8,NULL,NULL,'2022-03-02 06:55:20','2022-03-02 06:55:20'),(590,8,NULL,NULL,'2022-03-02 06:55:20','2022-03-02 06:55:20'),(591,8,NULL,NULL,'2022-03-02 06:55:20','2022-03-02 06:55:20'),(594,8,NULL,NULL,'2022-03-02 06:55:20','2022-03-02 06:55:20'),(597,8,NULL,NULL,'2022-03-02 06:55:20','2022-03-02 06:55:20'),(22,8,NULL,NULL,'2022-03-02 06:55:20','2022-03-02 06:55:20'),(143,8,NULL,NULL,'2022-03-02 06:55:20','2022-03-02 06:55:20'),(144,8,NULL,NULL,'2022-03-02 06:55:20','2022-03-02 06:55:20'),(145,8,NULL,NULL,'2022-03-02 06:55:20','2022-03-02 06:55:20'),(147,8,NULL,NULL,'2022-03-02 06:55:20','2022-03-02 06:55:20'),(153,8,NULL,NULL,'2022-03-02 06:55:20','2022-03-02 06:55:20'),(154,8,NULL,NULL,'2022-03-02 06:55:20','2022-03-02 06:55:20'),(155,8,NULL,NULL,'2022-03-02 06:55:20','2022-03-02 06:55:20'),(157,8,NULL,NULL,'2022-03-02 06:55:20','2022-03-02 06:55:20'),(253,8,NULL,NULL,'2022-03-02 06:55:20','2022-03-02 06:55:20'),(254,8,NULL,NULL,'2022-03-02 06:55:20','2022-03-02 06:55:20'),(255,8,NULL,NULL,'2022-03-02 06:55:20','2022-03-02 06:55:20'),(257,8,NULL,NULL,'2022-03-02 06:55:20','2022-03-02 06:55:20'),(273,8,NULL,NULL,'2022-03-02 06:55:20','2022-03-02 06:55:20'),(274,8,NULL,NULL,'2022-03-02 06:55:20','2022-03-02 06:55:20'),(275,8,NULL,NULL,'2022-03-02 06:55:20','2022-03-02 06:55:20'),(277,8,NULL,NULL,'2022-03-02 06:55:20','2022-03-02 06:55:20'),(293,8,NULL,NULL,'2022-03-02 06:55:20','2022-03-02 06:55:20'),(294,8,NULL,NULL,'2022-03-02 06:55:20','2022-03-02 06:55:20'),(295,8,NULL,NULL,'2022-03-02 06:55:20','2022-03-02 06:55:20'),(297,8,NULL,NULL,'2022-03-02 06:55:20','2022-03-02 06:55:20'),(318,8,NULL,NULL,'2022-03-02 06:55:20','2022-03-02 06:55:20'),(319,8,NULL,NULL,'2022-03-02 06:55:20','2022-03-02 06:55:20'),(320,8,NULL,NULL,'2022-03-02 06:55:20','2022-03-02 06:55:20'),(322,8,NULL,NULL,'2022-03-02 06:55:20','2022-03-02 06:55:20'),(411,8,NULL,NULL,'2022-03-02 06:55:20','2022-03-02 06:55:20'),(412,8,NULL,NULL,'2022-03-02 06:55:20','2022-03-02 06:55:20'),(413,8,NULL,NULL,'2022-03-02 06:55:20','2022-03-02 06:55:20'),(415,8,NULL,NULL,'2022-03-02 06:55:20','2022-03-02 06:55:20'),(416,8,NULL,NULL,'2022-03-02 06:55:20','2022-03-02 06:55:20'),(417,8,NULL,NULL,'2022-03-02 06:55:20','2022-03-02 06:55:20'),(418,8,NULL,NULL,'2022-03-02 06:55:20','2022-03-02 06:55:20'),(420,8,NULL,NULL,'2022-03-02 06:55:20','2022-03-02 06:55:20'),(421,8,NULL,NULL,'2022-03-02 06:55:20','2022-03-02 06:55:20'),(422,8,NULL,NULL,'2022-03-02 06:55:20','2022-03-02 06:55:20'),(423,8,NULL,NULL,'2022-03-02 06:55:20','2022-03-02 06:55:20'),(425,8,NULL,NULL,'2022-03-02 06:55:20','2022-03-02 06:55:20'),(428,8,NULL,NULL,'2022-03-02 06:55:20','2022-03-02 06:55:20'),(429,8,NULL,NULL,'2022-03-02 06:55:20','2022-03-02 06:55:20'),(430,8,NULL,NULL,'2022-03-02 06:55:20','2022-03-02 06:55:20'),(432,8,NULL,NULL,'2022-03-02 06:55:20','2022-03-02 06:55:20'),(435,8,NULL,NULL,'2022-03-02 06:55:20','2022-03-02 06:55:20'),(436,8,NULL,NULL,'2022-03-02 06:55:20','2022-03-02 06:55:20'),(437,8,NULL,NULL,'2022-03-02 06:55:20','2022-03-02 06:55:20'),(439,8,NULL,NULL,'2022-03-02 06:55:20','2022-03-02 06:55:20'),(148,8,NULL,NULL,'2022-03-02 06:55:20','2022-03-02 06:55:20'),(149,8,NULL,NULL,'2022-03-02 06:55:20','2022-03-02 06:55:20'),(150,8,NULL,NULL,'2022-03-02 06:55:20','2022-03-02 06:55:20'),(152,8,NULL,NULL,'2022-03-02 06:55:20','2022-03-02 06:55:20'),(158,8,NULL,NULL,'2022-03-02 06:55:20','2022-03-02 06:55:20'),(159,8,NULL,NULL,'2022-03-02 06:55:20','2022-03-02 06:55:20'),(160,8,NULL,NULL,'2022-03-02 06:55:20','2022-03-02 06:55:20'),(162,8,NULL,NULL,'2022-03-02 06:55:20','2022-03-02 06:55:20'),(278,8,NULL,NULL,'2022-03-02 06:55:20','2022-03-02 06:55:20'),(279,8,NULL,NULL,'2022-03-02 06:55:20','2022-03-02 06:55:20'),(280,8,NULL,NULL,'2022-03-02 06:55:20','2022-03-02 06:55:20'),(282,8,NULL,NULL,'2022-03-02 06:55:20','2022-03-02 06:55:20'),(283,8,NULL,NULL,'2022-03-02 06:55:20','2022-03-02 06:55:20'),(284,8,NULL,NULL,'2022-03-02 06:55:20','2022-03-02 06:55:20'),(285,8,NULL,NULL,'2022-03-02 06:55:20','2022-03-02 06:55:20'),(287,8,NULL,NULL,'2022-03-02 06:55:20','2022-03-02 06:55:20'),(298,8,NULL,NULL,'2022-03-02 06:55:20','2022-03-02 06:55:20'),(299,8,NULL,NULL,'2022-03-02 06:55:20','2022-03-02 06:55:20'),(302,8,NULL,NULL,'2022-03-02 06:55:20','2022-03-02 06:55:20'),(323,8,NULL,NULL,'2022-03-02 06:55:20','2022-03-02 06:55:20'),(324,8,NULL,NULL,'2022-03-02 06:55:20','2022-03-02 06:55:20'),(325,8,NULL,NULL,'2022-03-02 06:55:20','2022-03-02 06:55:20'),(327,8,NULL,NULL,'2022-03-02 06:55:20','2022-03-02 06:55:20'),(440,8,NULL,NULL,'2022-03-02 06:55:20','2022-03-02 06:55:20'),(441,8,NULL,NULL,'2022-03-02 06:55:20','2022-03-02 06:55:20'),(442,8,NULL,NULL,'2022-03-02 06:55:20','2022-03-02 06:55:20'),(444,8,NULL,NULL,'2022-03-02 06:55:20','2022-03-02 06:55:20'),(490,8,NULL,NULL,'2022-03-02 06:55:20','2022-03-02 06:55:20'),(491,8,NULL,NULL,'2022-03-02 06:55:20','2022-03-02 06:55:20'),(492,8,NULL,NULL,'2022-03-02 06:55:20','2022-03-02 06:55:20'),(494,8,NULL,NULL,'2022-03-02 06:55:20','2022-03-02 06:55:20'),(495,8,NULL,NULL,'2022-03-02 06:55:20','2022-03-02 06:55:20'),(496,8,NULL,NULL,'2022-03-02 06:55:20','2022-03-02 06:55:20'),(497,8,NULL,NULL,'2022-03-02 06:55:20','2022-03-02 06:55:20'),(499,8,NULL,NULL,'2022-03-02 06:55:20','2022-03-02 06:55:20'),(464,8,NULL,NULL,'2022-03-02 06:55:20','2022-03-02 06:55:20'),(522,8,NULL,NULL,'2022-03-02 06:55:20','2022-03-02 06:55:20'),(523,8,NULL,NULL,'2022-03-02 06:55:20','2022-03-02 06:55:20'),(524,8,NULL,NULL,'2022-03-02 06:55:20','2022-03-02 06:55:20'),(526,8,NULL,NULL,'2022-03-02 06:55:20','2022-03-02 06:55:20'),(354,11,NULL,NULL,'2022-03-02 06:55:20','2022-03-02 06:55:20'),(355,11,NULL,NULL,'2022-03-02 06:55:20','2022-03-02 06:55:20'),(366,11,NULL,NULL,'2022-03-02 06:55:20','2022-03-02 06:55:20'),(564,11,NULL,NULL,'2022-03-02 06:55:20','2022-03-02 06:55:20'),(565,11,NULL,NULL,'2022-03-02 06:55:20','2022-03-02 06:55:20'),(566,11,NULL,NULL,'2022-03-02 06:55:20','2022-03-02 06:55:20'),(198,11,NULL,NULL,'2022-03-02 06:55:20','2022-03-02 06:55:20'),(199,11,NULL,NULL,'2022-03-02 06:55:20','2022-03-02 06:55:20'),(200,11,NULL,NULL,'2022-03-02 06:55:20','2022-03-02 06:55:20'),(202,11,NULL,NULL,'2022-03-02 06:55:20','2022-03-02 06:55:20'),(356,11,NULL,NULL,'2022-03-02 06:55:20','2022-03-02 06:55:20'),(357,11,NULL,NULL,'2022-03-02 06:55:20','2022-03-02 06:55:20'),(358,11,NULL,NULL,'2022-03-02 06:55:20','2022-03-02 06:55:20'),(360,11,NULL,NULL,'2022-03-02 06:55:20','2022-03-02 06:55:20'),(361,11,NULL,NULL,'2022-03-02 06:55:20','2022-03-02 06:55:20'),(362,11,NULL,NULL,'2022-03-02 06:55:20','2022-03-02 06:55:20'),(363,11,NULL,NULL,'2022-03-02 06:55:20','2022-03-02 06:55:20'),(365,11,NULL,NULL,'2022-03-02 06:55:20','2022-03-02 06:55:20'),(395,7,NULL,NULL,'2022-03-02 06:55:20','2022-03-02 06:55:20'),(482,7,NULL,NULL,'2022-03-02 06:55:20','2022-03-02 06:55:20'),(485,7,NULL,NULL,'2022-03-02 06:55:20','2022-03-02 06:55:20'),(488,7,NULL,NULL,'2022-03-02 06:55:20','2022-03-02 06:55:20'),(552,7,NULL,NULL,'2022-03-02 06:55:20','2022-03-02 06:55:20'),(574,7,NULL,NULL,'2022-03-02 06:55:20','2022-03-02 06:55:20'),(578,7,NULL,NULL,'2022-03-02 06:55:20','2022-03-02 06:55:20'),(579,7,NULL,NULL,'2022-03-02 06:55:20','2022-03-02 06:55:20'),(580,7,NULL,NULL,'2022-03-02 06:55:20','2022-03-02 06:55:20'),(597,7,NULL,NULL,'2022-03-02 06:55:20','2022-03-02 06:55:20'),(22,7,NULL,NULL,'2022-03-02 06:55:20','2022-03-02 06:55:20'),(303,7,NULL,NULL,'2022-03-02 06:55:20','2022-03-02 06:55:20'),(304,7,NULL,NULL,'2022-03-02 06:55:20','2022-03-02 06:55:20'),(305,7,NULL,NULL,'2022-03-02 06:55:20','2022-03-02 06:55:20'),(307,7,NULL,NULL,'2022-03-02 06:55:20','2022-03-02 06:55:20'),(308,7,NULL,NULL,'2022-03-02 06:55:20','2022-03-02 06:55:20'),(309,7,NULL,NULL,'2022-03-02 06:55:20','2022-03-02 06:55:20'),(310,7,NULL,NULL,'2022-03-02 06:55:20','2022-03-02 06:55:20'),(311,7,NULL,NULL,'2022-03-02 06:55:20','2022-03-02 06:55:20'),(312,7,NULL,NULL,'2022-03-02 06:55:20','2022-03-02 06:55:20'),(349,16,NULL,NULL,'2022-03-02 06:55:20','2022-03-02 06:55:20'),(514,16,NULL,NULL,'2022-03-02 06:55:20','2022-03-02 06:55:20'),(515,16,NULL,NULL,'2022-03-02 06:55:20','2022-03-02 06:55:20'),(516,16,NULL,NULL,'2022-03-02 06:55:20','2022-03-02 06:55:20'),(549,16,NULL,NULL,'2022-03-02 06:55:20','2022-03-02 06:55:20'),(552,16,NULL,NULL,'2022-03-02 06:55:20','2022-03-02 06:55:20'),(555,16,NULL,NULL,'2022-03-02 06:55:20','2022-03-02 06:55:20'),(593,16,NULL,NULL,'2022-03-02 06:55:20','2022-03-02 06:55:20'),(594,16,NULL,NULL,'2022-03-02 06:55:20','2022-03-02 06:55:20'),(596,16,NULL,NULL,'2022-03-02 06:55:20','2022-03-02 06:55:20'),(597,16,NULL,NULL,'2022-03-02 06:55:20','2022-03-02 06:55:20'),(22,16,NULL,NULL,'2022-03-02 06:55:20','2022-03-02 06:55:20'),(26,16,NULL,NULL,'2022-03-02 06:55:20','2022-03-02 06:55:20'),(32,16,NULL,NULL,'2022-03-02 06:55:20','2022-03-02 06:55:20'),(39,16,NULL,NULL,'2022-03-02 06:55:20','2022-03-02 06:55:20'),(45,16,NULL,NULL,'2022-03-02 06:55:20','2022-03-02 06:55:20'),(51,16,NULL,NULL,'2022-03-02 06:55:20','2022-03-02 06:55:20'),(57,16,NULL,NULL,'2022-03-02 06:55:20','2022-03-02 06:55:20'),(72,16,NULL,NULL,'2022-03-02 06:55:20','2022-03-02 06:55:20'),(118,16,NULL,NULL,'2022-03-02 06:55:20','2022-03-02 06:55:20'),(119,16,NULL,NULL,'2022-03-02 06:55:20','2022-03-02 06:55:20'),(120,16,NULL,NULL,'2022-03-02 06:55:20','2022-03-02 06:55:20'),(121,16,NULL,NULL,'2022-03-02 06:55:20','2022-03-02 06:55:20'),(122,16,NULL,NULL,'2022-03-02 06:55:20','2022-03-02 06:55:20'),(123,16,NULL,NULL,'2022-03-02 06:55:20','2022-03-02 06:55:20'),(124,16,NULL,NULL,'2022-03-02 06:55:20','2022-03-02 06:55:20'),(125,16,NULL,NULL,'2022-03-02 06:55:20','2022-03-02 06:55:20'),(126,16,NULL,NULL,'2022-03-02 06:55:20','2022-03-02 06:55:20'),(127,16,NULL,NULL,'2022-03-02 06:55:20','2022-03-02 06:55:20'),(128,16,NULL,NULL,'2022-03-02 06:55:20','2022-03-02 06:55:20'),(129,16,NULL,NULL,'2022-03-02 06:55:20','2022-03-02 06:55:20'),(130,16,NULL,NULL,'2022-03-02 06:55:20','2022-03-02 06:55:20'),(131,16,NULL,NULL,'2022-03-02 06:55:20','2022-03-02 06:55:20'),(132,16,NULL,NULL,'2022-03-02 06:55:20','2022-03-02 06:55:20'),(133,16,NULL,NULL,'2022-03-02 06:55:20','2022-03-02 06:55:20'),(134,16,NULL,NULL,'2022-03-02 06:55:20','2022-03-02 06:55:20'),(135,16,NULL,NULL,'2022-03-02 06:55:20','2022-03-02 06:55:20'),(136,16,NULL,NULL,'2022-03-02 06:55:20','2022-03-02 06:55:20'),(137,16,NULL,NULL,'2022-03-02 06:55:20','2022-03-02 06:55:20'),(163,16,NULL,NULL,'2022-03-02 06:55:20','2022-03-02 06:55:20'),(164,16,NULL,NULL,'2022-03-02 06:55:20','2022-03-02 06:55:20'),(165,16,NULL,NULL,'2022-03-02 06:55:20','2022-03-02 06:55:20'),(166,16,NULL,NULL,'2022-03-02 06:55:20','2022-03-02 06:55:20'),(167,16,NULL,NULL,'2022-03-02 06:55:20','2022-03-02 06:55:20'),(168,16,NULL,NULL,'2022-03-02 06:55:20','2022-03-02 06:55:20'),(169,16,NULL,NULL,'2022-03-02 06:55:20','2022-03-02 06:55:20'),(170,16,NULL,NULL,'2022-03-02 06:55:20','2022-03-02 06:55:20'),(171,16,NULL,NULL,'2022-03-02 06:55:20','2022-03-02 06:55:20'),(172,16,NULL,NULL,'2022-03-02 06:55:20','2022-03-02 06:55:20'),(333,16,NULL,NULL,'2022-03-02 06:55:20','2022-03-02 06:55:20'),(334,16,NULL,NULL,'2022-03-02 06:55:20','2022-03-02 06:55:20'),(335,16,NULL,NULL,'2022-03-02 06:55:20','2022-03-02 06:55:20'),(336,16,NULL,NULL,'2022-03-02 06:55:20','2022-03-02 06:55:20'),(337,16,NULL,NULL,'2022-03-02 06:55:20','2022-03-02 06:55:20'),(463,16,NULL,NULL,'2022-03-02 06:55:20','2022-03-02 06:55:20'),(464,16,NULL,NULL,'2022-03-02 06:55:20','2022-03-02 06:55:20'),(469,16,NULL,NULL,'2022-03-02 06:55:20','2022-03-02 06:55:20'),(470,16,NULL,NULL,'2022-03-02 06:55:20','2022-03-02 06:55:20'),(483,16,NULL,NULL,'2022-03-02 06:55:20','2022-03-02 06:55:20'),(484,16,NULL,NULL,'2022-03-02 06:55:20','2022-03-02 06:55:20'),(486,16,NULL,NULL,'2022-03-02 06:55:20','2022-03-02 06:55:20'),(487,16,NULL,NULL,'2022-03-02 06:55:20','2022-03-02 06:55:20'),(510,16,NULL,NULL,'2022-03-02 06:55:20','2022-03-02 06:55:20'),(511,16,NULL,NULL,'2022-03-02 06:55:20','2022-03-02 06:55:20'),(512,16,NULL,NULL,'2022-03-02 06:55:20','2022-03-02 06:55:20'),(513,16,NULL,NULL,'2022-03-02 06:55:20','2022-03-02 06:55:20'),(517,16,NULL,NULL,'2022-03-02 06:55:20','2022-03-02 06:55:20'),(518,16,NULL,NULL,'2022-03-02 06:55:20','2022-03-02 06:55:20'),(519,16,NULL,NULL,'2022-03-02 06:55:20','2022-03-02 06:55:20'),(520,16,NULL,NULL,'2022-03-02 06:55:20','2022-03-02 06:55:20'),(532,16,NULL,NULL,'2022-03-02 06:55:20','2022-03-02 06:55:20'),(533,16,NULL,NULL,'2022-03-02 06:55:20','2022-03-02 06:55:20'),(535,16,NULL,NULL,'2022-03-02 06:55:20','2022-03-02 06:55:20'),(536,16,NULL,NULL,'2022-03-02 06:55:20','2022-03-02 06:55:20'),(547,16,NULL,NULL,'2022-03-02 06:55:20','2022-03-02 06:55:20'),(548,16,NULL,NULL,'2022-03-02 06:55:20','2022-03-02 06:55:20'),(550,16,NULL,NULL,'2022-03-02 06:55:20','2022-03-02 06:55:20'),(551,16,NULL,NULL,'2022-03-02 06:55:20','2022-03-02 06:55:20'),(395,6,NULL,NULL,'2022-03-02 06:55:20','2022-03-02 06:55:20'),(396,6,NULL,NULL,'2022-03-02 06:55:20','2022-03-02 06:55:20'),(397,6,NULL,NULL,'2022-03-02 06:55:20','2022-03-02 06:55:20'),(398,6,NULL,NULL,'2022-03-02 06:55:20','2022-03-02 06:55:20'),(552,6,NULL,NULL,'2022-03-02 06:55:20','2022-03-02 06:55:20'),(574,6,NULL,NULL,'2022-03-02 06:55:20','2022-03-02 06:55:20'),(575,6,NULL,NULL,'2022-03-02 06:55:20','2022-03-02 06:55:20'),(576,6,NULL,NULL,'2022-03-02 06:55:20','2022-03-02 06:55:20'),(577,6,NULL,NULL,'2022-03-02 06:55:20','2022-03-02 06:55:20'),(597,6,NULL,NULL,'2022-03-02 06:55:20','2022-03-02 06:55:20'),(22,6,NULL,NULL,'2022-03-02 06:55:20','2022-03-02 06:55:20'),(258,6,NULL,NULL,'2022-03-02 06:55:20','2022-03-02 06:55:20'),(259,6,NULL,NULL,'2022-03-02 06:55:20','2022-03-02 06:55:20'),(260,6,NULL,NULL,'2022-03-02 06:55:20','2022-03-02 06:55:20'),(262,6,NULL,NULL,'2022-03-02 06:55:20','2022-03-02 06:55:20'),(263,6,NULL,NULL,'2022-03-02 06:55:20','2022-03-02 06:55:20'),(264,6,NULL,NULL,'2022-03-02 06:55:20','2022-03-02 06:55:20'),(265,6,NULL,NULL,'2022-03-02 06:55:20','2022-03-02 06:55:20'),(266,6,NULL,NULL,'2022-03-02 06:55:20','2022-03-02 06:55:20'),(267,6,NULL,NULL,'2022-03-02 06:55:20','2022-03-02 06:55:20'),(484,6,NULL,NULL,'2022-03-02 06:55:20','2022-03-02 06:55:20'),(487,6,NULL,NULL,'2022-03-02 06:55:20','2022-03-02 06:55:20'),(395,21,NULL,NULL,'2022-03-02 06:55:20','2022-03-02 06:55:20'),(398,21,NULL,NULL,'2022-03-02 06:55:20','2022-03-02 06:55:20'),(482,21,NULL,NULL,'2022-03-02 06:55:20','2022-03-02 06:55:20'),(489,21,NULL,NULL,'2022-03-02 06:55:20','2022-03-02 06:55:20'),(22,21,NULL,NULL,'2022-03-02 06:55:20','2022-03-02 06:55:20'),(260,21,NULL,NULL,'2022-03-02 06:55:20','2022-03-02 06:55:20'),(262,21,NULL,NULL,'2022-03-02 06:55:20','2022-03-02 06:55:20'),(265,21,NULL,NULL,'2022-03-02 06:55:20','2022-03-02 06:55:20'),(267,21,NULL,NULL,'2022-03-02 06:55:20','2022-03-02 06:55:20'),(270,21,NULL,NULL,'2022-03-02 06:55:20','2022-03-02 06:55:20'),(272,21,NULL,NULL,'2022-03-02 06:55:20','2022-03-02 06:55:20'),(305,21,NULL,NULL,'2022-03-02 06:55:20','2022-03-02 06:55:20'),(307,21,NULL,NULL,'2022-03-02 06:55:20','2022-03-02 06:55:20'),(310,21,NULL,NULL,'2022-03-02 06:55:20','2022-03-02 06:55:20'),(312,21,NULL,NULL,'2022-03-02 06:55:20','2022-03-02 06:55:20'),(315,21,NULL,NULL,'2022-03-02 06:55:20','2022-03-02 06:55:20'),(317,21,NULL,NULL,'2022-03-02 06:55:20','2022-03-02 06:55:20'),(625,1,NULL,NULL,'2022-03-02 06:55:20','2022-03-02 06:55:20'),(626,1,NULL,NULL,'2022-03-02 06:55:20','2022-03-02 06:55:20'),(627,1,NULL,NULL,'2022-03-02 06:55:20','2022-03-02 06:55:20'),(628,1,NULL,NULL,'2022-03-02 06:55:20','2022-03-02 06:55:20'),(629,1,NULL,NULL,'2022-03-02 06:55:20','2022-03-02 06:55:20'),(630,1,NULL,NULL,'2022-03-02 06:55:20','2022-03-02 06:55:20'),(641,1,NULL,NULL,'2022-03-02 06:55:20','2022-03-02 06:55:20'),(642,1,NULL,NULL,'2022-03-02 06:55:20','2022-03-02 06:55:20'),(653,1,NULL,NULL,'2022-03-02 06:55:20','2022-03-02 06:55:20'),(699,1,NULL,NULL,'2022-03-02 06:55:20','2022-03-02 06:55:20'),(700,1,NULL,NULL,'2022-03-02 06:55:20','2022-03-02 06:55:20'),(701,1,NULL,NULL,'2022-03-02 06:55:20','2022-03-02 06:55:20'),(702,1,NULL,NULL,'2022-03-02 06:55:20','2022-03-02 06:55:20'),(15,1,NULL,NULL,'2022-03-02 06:55:20','2022-03-02 06:55:20'),(16,1,NULL,NULL,'2022-03-02 06:55:20','2022-03-02 06:55:20'),(17,1,NULL,NULL,'2022-03-02 06:55:20','2022-03-02 06:55:20'),(18,1,NULL,NULL,'2022-03-02 06:55:20','2022-03-02 06:55:20'),(19,1,NULL,NULL,'2022-03-02 06:55:20','2022-03-02 06:55:20'),(20,1,NULL,NULL,'2022-03-02 06:55:20','2022-03-02 06:55:20'),(21,1,NULL,NULL,'2022-03-02 06:55:20','2022-03-02 06:55:20'),(22,1,NULL,NULL,'2022-03-02 06:55:20','2022-03-02 06:55:20'),(23,1,NULL,NULL,'2022-03-02 06:55:20','2022-03-02 06:55:20'),(24,1,NULL,NULL,'2022-03-02 06:55:20','2022-03-02 06:55:20'),(77,1,NULL,NULL,'2022-03-02 06:55:20','2022-03-02 06:55:20'),(78,1,NULL,NULL,'2022-03-02 06:55:20','2022-03-02 06:55:20'),(631,1,NULL,NULL,'2022-03-02 06:55:20','2022-03-02 06:55:20'),(632,1,NULL,NULL,'2022-03-02 06:55:20','2022-03-02 06:55:20'),(633,1,NULL,NULL,'2022-03-02 06:55:20','2022-03-02 06:55:20'),(634,1,NULL,NULL,'2022-03-02 06:55:20','2022-03-02 06:55:20'),(635,1,NULL,NULL,'2022-03-02 06:55:20','2022-03-02 06:55:20'),(654,1,NULL,NULL,'2022-03-02 06:55:20','2022-03-02 06:55:20'),(655,1,NULL,NULL,'2022-03-02 06:55:20','2022-03-02 06:55:20'),(656,1,NULL,NULL,'2022-03-02 06:55:20','2022-03-02 06:55:20'),(657,1,NULL,NULL,'2022-03-02 06:55:20','2022-03-02 06:55:20'),(658,1,NULL,NULL,'2022-03-02 06:55:20','2022-03-02 06:55:20'),(679,1,NULL,NULL,'2022-03-02 06:55:20','2022-03-02 06:55:20'),(680,1,NULL,NULL,'2022-03-02 06:55:20','2022-03-02 06:55:20'),(681,1,NULL,NULL,'2022-03-02 06:55:20','2022-03-02 06:55:20'),(682,1,NULL,NULL,'2022-03-02 06:55:20','2022-03-02 06:55:20'),(683,1,NULL,NULL,'2022-03-02 06:55:20','2022-03-02 06:55:20'),(684,1,NULL,NULL,'2022-03-02 06:55:20','2022-03-02 06:55:20'),(685,1,NULL,NULL,'2022-03-02 06:55:20','2022-03-02 06:55:20'),(686,1,NULL,NULL,'2022-03-02 06:55:20','2022-03-02 06:55:20'),(687,1,NULL,NULL,'2022-03-02 06:55:20','2022-03-02 06:55:20'),(688,1,NULL,NULL,'2022-03-02 06:55:20','2022-03-02 06:55:20'),(689,1,NULL,NULL,'2022-03-02 06:55:20','2022-03-02 06:55:20'),(690,1,NULL,NULL,'2022-03-02 06:55:20','2022-03-02 06:55:20'),(691,1,NULL,NULL,'2022-03-02 06:55:20','2022-03-02 06:55:20'),(692,1,NULL,NULL,'2022-03-02 06:55:20','2022-03-02 06:55:20'),(693,1,NULL,NULL,'2022-03-02 06:55:20','2022-03-02 06:55:20'),(694,1,NULL,NULL,'2022-03-02 06:55:20','2022-03-02 06:55:20'),(695,1,NULL,NULL,'2022-03-02 06:55:20','2022-03-02 06:55:20'),(696,1,NULL,NULL,'2022-03-02 06:55:20','2022-03-02 06:55:20'),(697,1,NULL,NULL,'2022-03-02 06:55:20','2022-03-02 06:55:20'),(698,1,NULL,NULL,'2022-03-02 06:55:20','2022-03-02 06:55:20'),(705,1,NULL,NULL,'2022-03-02 06:55:20','2022-03-02 06:55:20'),(706,1,NULL,NULL,'2022-03-02 06:55:20','2022-03-02 06:55:20'),(707,1,NULL,NULL,'2022-03-02 06:55:20','2022-03-02 06:55:20'),(708,1,NULL,NULL,'2022-03-02 06:55:20','2022-03-02 06:55:20'),(709,1,NULL,NULL,'2022-03-02 06:55:20','2022-03-02 06:55:20'),(710,1,NULL,NULL,'2022-03-02 06:55:20','2022-03-02 06:55:20'),(711,1,NULL,NULL,'2022-03-02 06:55:20','2022-03-02 06:55:20'),(712,1,NULL,NULL,'2022-03-02 06:55:20','2022-03-02 06:55:20'),(713,1,NULL,NULL,'2022-03-02 06:55:20','2022-03-02 06:55:20'),(714,1,NULL,NULL,'2022-03-02 06:55:20','2022-03-02 06:55:20'),(723,1,NULL,NULL,'2022-03-02 06:55:20','2022-03-02 06:55:20'),(724,1,NULL,NULL,'2022-03-02 06:55:20','2022-03-02 06:55:20'),(725,1,NULL,NULL,'2022-03-02 06:55:20','2022-03-02 06:55:20'),(726,1,NULL,NULL,'2022-03-02 06:55:20','2022-03-02 06:55:20'),(727,1,NULL,NULL,'2022-03-02 06:55:20','2022-03-02 06:55:20'),(728,1,NULL,NULL,'2022-03-02 06:55:20','2022-03-02 06:55:20'),(729,1,NULL,NULL,'2022-03-02 06:55:20','2022-03-02 06:55:20'),(730,1,NULL,NULL,'2022-03-02 06:55:20','2022-03-02 06:55:20'),(731,1,NULL,NULL,'2022-03-02 06:55:20','2022-03-02 06:55:20'),(732,1,NULL,NULL,'2022-03-02 06:55:20','2022-03-02 06:55:20'),(733,1,NULL,NULL,'2022-03-02 06:55:20','2022-03-02 06:55:20'),(734,1,NULL,NULL,'2022-03-02 06:55:20','2022-03-02 06:55:20'),(735,1,NULL,NULL,'2022-03-02 06:55:20','2022-03-02 06:55:20'),(736,1,NULL,NULL,'2022-03-02 06:55:20','2022-03-02 06:55:20'),(737,1,NULL,NULL,'2022-03-02 06:55:20','2022-03-02 06:55:20'),(636,1,NULL,NULL,'2022-03-02 06:55:20','2022-03-02 06:55:20'),(637,1,NULL,NULL,'2022-03-02 06:55:20','2022-03-02 06:55:20'),(638,1,NULL,NULL,'2022-03-02 06:55:20','2022-03-02 06:55:20'),(639,1,NULL,NULL,'2022-03-02 06:55:20','2022-03-02 06:55:20'),(640,1,NULL,NULL,'2022-03-02 06:55:20','2022-03-02 06:55:20'),(674,1,NULL,NULL,'2022-03-02 06:55:20','2022-03-02 06:55:20'),(675,1,NULL,NULL,'2022-03-02 06:55:20','2022-03-02 06:55:20'),(676,1,NULL,NULL,'2022-03-02 06:55:20','2022-03-02 06:55:20'),(677,1,NULL,NULL,'2022-03-02 06:55:20','2022-03-02 06:55:20'),(678,1,NULL,NULL,'2022-03-02 06:55:20','2022-03-02 06:55:20'),(648,1,NULL,NULL,'2022-03-02 06:55:20','2022-03-02 06:55:20'),(649,1,NULL,NULL,'2022-03-02 06:55:20','2022-03-02 06:55:20'),(650,1,NULL,NULL,'2022-03-02 06:55:20','2022-03-02 06:55:20'),(651,1,NULL,NULL,'2022-03-02 06:55:20','2022-03-02 06:55:20'),(652,1,NULL,NULL,'2022-03-02 06:55:20','2022-03-02 06:55:20'),(703,1,NULL,NULL,'2022-03-02 06:55:20','2022-03-02 06:55:20'),(704,1,NULL,NULL,'2022-03-02 06:55:20','2022-03-02 06:55:20'),(715,1,NULL,NULL,'2022-03-02 06:55:20','2022-03-02 06:55:20'),(716,1,NULL,NULL,'2022-03-02 06:55:20','2022-03-02 06:55:20'),(659,1,NULL,NULL,'2022-03-02 06:55:20','2022-03-02 06:55:20'),(660,1,NULL,NULL,'2022-03-02 06:55:20','2022-03-02 06:55:20'),(661,1,NULL,NULL,'2022-03-02 06:55:20','2022-03-02 06:55:20'),(662,1,NULL,NULL,'2022-03-02 06:55:20','2022-03-02 06:55:20'),(663,1,NULL,NULL,'2022-03-02 06:55:20','2022-03-02 06:55:20'),(717,1,NULL,NULL,'2022-03-02 06:55:20','2022-03-02 06:55:20'),(718,1,NULL,NULL,'2022-03-02 06:55:20','2022-03-02 06:55:20'),(719,1,NULL,NULL,'2022-03-02 06:55:20','2022-03-02 06:55:20'),(720,1,NULL,NULL,'2022-03-02 06:55:20','2022-03-02 06:55:20'),(721,1,NULL,NULL,'2022-03-02 06:55:20','2022-03-02 06:55:20'),(722,1,NULL,NULL,'2022-03-02 06:55:20','2022-03-02 06:55:20'),(664,1,NULL,NULL,'2022-03-02 06:55:20','2022-03-02 06:55:20'),(665,1,NULL,NULL,'2022-03-02 06:55:20','2022-03-02 06:55:20'),(666,1,NULL,NULL,'2022-03-02 06:55:20','2022-03-02 06:55:20'),(667,1,NULL,NULL,'2022-03-02 06:55:20','2022-03-02 06:55:20'),(668,1,NULL,NULL,'2022-03-02 06:55:20','2022-03-02 06:55:20'),(669,1,NULL,NULL,'2022-03-02 06:55:20','2022-03-02 06:55:20'),(670,1,NULL,NULL,'2022-03-02 06:55:20','2022-03-02 06:55:20'),(671,1,NULL,NULL,'2022-03-02 06:55:20','2022-03-02 06:55:20'),(672,1,NULL,NULL,'2022-03-02 06:55:20','2022-03-02 06:55:20'),(673,1,NULL,NULL,'2022-03-02 06:55:20','2022-03-02 06:55:20'),(738,1,NULL,NULL,'2022-03-02 06:55:20','2022-03-02 06:55:20'),(739,1,NULL,NULL,'2022-03-02 06:55:20','2022-03-02 06:55:20'),(740,1,NULL,NULL,'2022-03-02 06:55:20','2022-03-02 06:55:20'),(741,1,NULL,NULL,'2022-03-02 06:55:20','2022-03-02 06:55:20'),(742,1,NULL,NULL,'2022-03-02 06:55:20','2022-03-02 06:55:20'),(743,1,NULL,NULL,'2022-03-02 06:55:20','2022-03-02 06:55:20'),(768,1,NULL,NULL,'2022-03-02 06:55:20','2022-03-02 06:55:20'),(1,22,NULL,NULL,'2022-03-05 18:58:59','2022-03-05 18:58:59'),(7,22,NULL,NULL,'2022-03-05 18:58:59','2022-03-05 18:58:59'),(8,22,NULL,NULL,'2022-03-05 18:58:59','2022-03-05 18:58:59'),(9,22,NULL,NULL,'2022-03-05 18:58:59','2022-03-05 18:58:59'),(12,22,NULL,NULL,'2022-03-05 18:58:59','2022-03-05 18:58:59'),(14,22,NULL,NULL,'2022-03-05 18:58:59','2022-03-05 18:58:59'),(65,22,NULL,NULL,'2022-03-05 18:58:59','2022-03-05 18:58:59'),(66,22,NULL,NULL,'2022-03-05 18:58:59','2022-03-05 18:58:59'),(67,22,NULL,NULL,'2022-03-05 18:58:59','2022-03-05 18:58:59'),(68,22,NULL,NULL,'2022-03-05 18:58:59','2022-03-05 18:58:59'),(69,22,NULL,NULL,'2022-03-05 18:58:59','2022-03-05 18:58:59'),(70,22,NULL,NULL,'2022-03-05 18:58:59','2022-03-05 18:58:59'),(641,22,NULL,NULL,'2022-03-05 18:58:59','2022-03-05 18:58:59'),(642,22,NULL,NULL,'2022-03-05 18:58:59','2022-03-05 18:58:59'),(653,22,NULL,NULL,'2022-03-05 18:58:59','2022-03-05 18:58:59'),(699,22,NULL,NULL,'2022-03-05 18:58:59','2022-03-05 18:58:59'),(700,22,NULL,NULL,'2022-03-05 18:58:59','2022-03-05 18:58:59'),(701,22,NULL,NULL,'2022-03-05 18:58:59','2022-03-05 18:58:59'),(702,22,NULL,NULL,'2022-03-05 18:58:59','2022-03-05 18:58:59'),(743,22,NULL,NULL,'2022-03-05 18:58:59','2022-03-05 18:58:59'),(768,22,NULL,NULL,'2022-03-05 18:58:59','2022-03-05 18:58:59'),(15,22,NULL,NULL,'2022-03-05 18:58:59','2022-03-05 18:58:59'),(16,22,NULL,NULL,'2022-03-05 18:58:59','2022-03-05 18:58:59'),(17,22,NULL,NULL,'2022-03-05 18:58:59','2022-03-05 18:58:59'),(18,22,NULL,NULL,'2022-03-05 18:58:59','2022-03-05 18:58:59'),(19,22,NULL,NULL,'2022-03-05 18:58:59','2022-03-05 18:58:59'),(20,22,NULL,NULL,'2022-03-05 18:58:59','2022-03-05 18:58:59'),(21,22,NULL,NULL,'2022-03-05 18:58:59','2022-03-05 18:58:59'),(22,22,NULL,NULL,'2022-03-05 18:58:59','2022-03-05 18:58:59'),(23,22,NULL,NULL,'2022-03-05 18:58:59','2022-03-05 18:58:59'),(24,22,NULL,NULL,'2022-03-05 18:58:59','2022-03-05 18:58:59'),(50,22,NULL,NULL,'2022-03-05 18:58:59','2022-03-05 18:58:59'),(51,22,NULL,NULL,'2022-03-05 18:58:59','2022-03-05 18:58:59'),(52,22,NULL,NULL,'2022-03-05 18:58:59','2022-03-05 18:58:59'),(53,22,NULL,NULL,'2022-03-05 18:58:59','2022-03-05 18:58:59'),(54,22,NULL,NULL,'2022-03-05 18:58:59','2022-03-05 18:58:59'),(55,22,NULL,NULL,'2022-03-05 18:58:59','2022-03-05 18:58:59'),(77,22,NULL,NULL,'2022-03-05 18:58:59','2022-03-05 18:58:59'),(78,22,NULL,NULL,'2022-03-05 18:58:59','2022-03-05 18:58:59'),(79,22,NULL,NULL,'2022-03-05 18:58:59','2022-03-05 18:58:59'),(738,22,NULL,NULL,'2022-03-05 18:58:59','2022-03-05 18:58:59'),(739,22,NULL,NULL,'2022-03-05 18:58:59','2022-03-05 18:58:59'),(740,22,NULL,NULL,'2022-03-05 18:58:59','2022-03-05 18:58:59'),(741,22,NULL,NULL,'2022-03-05 18:58:59','2022-03-05 18:58:59'),(742,22,NULL,NULL,'2022-03-05 18:58:59','2022-03-05 18:58:59'),(744,22,NULL,NULL,'2022-03-05 18:58:59','2022-03-05 18:58:59'),(745,22,NULL,NULL,'2022-03-05 18:58:59','2022-03-05 18:58:59'),(746,22,NULL,NULL,'2022-03-05 18:58:59','2022-03-05 18:58:59'),(747,22,NULL,NULL,'2022-03-05 18:58:59','2022-03-05 18:58:59'),(748,22,NULL,NULL,'2022-03-05 18:58:59','2022-03-05 18:58:59'),(774,22,NULL,NULL,'2022-03-05 18:58:59','2022-03-05 18:58:59'),(775,22,NULL,NULL,'2022-03-05 18:58:59','2022-03-05 18:58:59'),(776,22,NULL,NULL,'2022-03-05 18:58:59','2022-03-05 18:58:59'),(777,22,NULL,NULL,'2022-03-05 18:58:59','2022-03-05 18:58:59'),(778,22,NULL,NULL,'2022-03-05 18:58:59','2022-03-05 18:58:59'),(789,22,NULL,NULL,'2022-03-05 18:58:59','2022-03-05 18:58:59'),(790,22,NULL,NULL,'2022-03-05 18:58:59','2022-03-05 18:58:59'),(791,22,NULL,NULL,'2022-03-05 18:58:59','2022-03-05 18:58:59'),(792,22,NULL,NULL,'2022-03-05 18:58:59','2022-03-05 18:58:59'),(793,22,NULL,NULL,'2022-03-05 18:58:59','2022-03-05 18:58:59'),(15,3,NULL,NULL,'2022-03-05 18:59:13','2022-03-05 18:59:13'),(16,3,NULL,NULL,'2022-03-05 18:59:13','2022-03-05 18:59:13'),(17,3,NULL,NULL,'2022-03-05 18:59:13','2022-03-05 18:59:13'),(18,3,NULL,NULL,'2022-03-05 18:59:13','2022-03-05 18:59:13'),(19,3,NULL,NULL,'2022-03-05 18:59:13','2022-03-05 18:59:13'),(20,3,NULL,NULL,'2022-03-05 18:59:13','2022-03-05 18:59:13'),(21,3,NULL,NULL,'2022-03-05 18:59:13','2022-03-05 18:59:13'),(22,3,NULL,NULL,'2022-03-05 18:59:13','2022-03-05 18:59:13'),(23,3,NULL,NULL,'2022-03-05 18:59:13','2022-03-05 18:59:13'),(24,3,NULL,NULL,'2022-03-05 18:59:13','2022-03-05 18:59:13'),(744,3,NULL,NULL,'2022-03-05 18:59:13','2022-03-05 18:59:13'),(745,3,NULL,NULL,'2022-03-05 18:59:13','2022-03-05 18:59:13'),(746,3,NULL,NULL,'2022-03-05 18:59:13','2022-03-05 18:59:13'),(747,3,NULL,NULL,'2022-03-05 18:59:13','2022-03-05 18:59:13'),(748,3,NULL,NULL,'2022-03-05 18:59:13','2022-03-05 18:59:13'),(774,3,NULL,NULL,'2022-03-05 18:59:13','2022-03-05 18:59:13'),(775,3,NULL,NULL,'2022-03-05 18:59:13','2022-03-05 18:59:13'),(776,3,NULL,NULL,'2022-03-05 18:59:13','2022-03-05 18:59:13'),(777,3,NULL,NULL,'2022-03-05 18:59:13','2022-03-05 18:59:13'),(778,3,NULL,NULL,'2022-03-05 18:59:13','2022-03-05 18:59:13'),(789,3,NULL,NULL,'2022-03-05 18:59:13','2022-03-05 18:59:13'),(790,3,NULL,NULL,'2022-03-05 18:59:13','2022-03-05 18:59:13'),(791,3,NULL,NULL,'2022-03-05 18:59:13','2022-03-05 18:59:13'),(792,3,NULL,NULL,'2022-03-05 18:59:13','2022-03-05 18:59:13'),(793,3,NULL,NULL,'2022-03-05 18:59:13','2022-03-05 18:59:13'),(15,2,NULL,NULL,'2022-03-05 18:59:22','2022-03-05 18:59:22'),(16,2,NULL,NULL,'2022-03-05 18:59:22','2022-03-05 18:59:22'),(17,2,NULL,NULL,'2022-03-05 18:59:22','2022-03-05 18:59:22'),(18,2,NULL,NULL,'2022-03-05 18:59:22','2022-03-05 18:59:22'),(19,2,NULL,NULL,'2022-03-05 18:59:22','2022-03-05 18:59:22'),(20,2,NULL,NULL,'2022-03-05 18:59:22','2022-03-05 18:59:22'),(21,2,NULL,NULL,'2022-03-05 18:59:22','2022-03-05 18:59:22'),(22,2,NULL,NULL,'2022-03-05 18:59:22','2022-03-05 18:59:22'),(23,2,NULL,NULL,'2022-03-05 18:59:22','2022-03-05 18:59:22'),(24,2,NULL,NULL,'2022-03-05 18:59:22','2022-03-05 18:59:22'),(744,2,NULL,NULL,'2022-03-05 18:59:22','2022-03-05 18:59:22'),(745,2,NULL,NULL,'2022-03-05 18:59:22','2022-03-05 18:59:22'),(746,2,NULL,NULL,'2022-03-05 18:59:22','2022-03-05 18:59:22'),(747,2,NULL,NULL,'2022-03-05 18:59:22','2022-03-05 18:59:22'),(748,2,NULL,NULL,'2022-03-05 18:59:22','2022-03-05 18:59:22'),(774,2,NULL,NULL,'2022-03-05 18:59:22','2022-03-05 18:59:22'),(775,2,NULL,NULL,'2022-03-05 18:59:22','2022-03-05 18:59:22'),(776,2,NULL,NULL,'2022-03-05 18:59:22','2022-03-05 18:59:22'),(777,2,NULL,NULL,'2022-03-05 18:59:22','2022-03-05 18:59:22'),(778,2,NULL,NULL,'2022-03-05 18:59:22','2022-03-05 18:59:22'),(789,2,NULL,NULL,'2022-03-05 18:59:22','2022-03-05 18:59:22'),(790,2,NULL,NULL,'2022-03-05 18:59:22','2022-03-05 18:59:22'),(791,2,NULL,NULL,'2022-03-05 18:59:22','2022-03-05 18:59:22'),(792,2,NULL,NULL,'2022-03-05 18:59:22','2022-03-05 18:59:22'),(793,2,NULL,NULL,'2022-03-05 18:59:22','2022-03-05 18:59:22');
/*!40000 ALTER TABLE `aauth_perm_to_group` ENABLE KEYS */;
UNLOCK TABLES;

--
-- Table structure for table `aauth_perm_to_user`
--

DROP TABLE IF EXISTS `aauth_perm_to_user`;
/*!40101 SET @saved_cs_client     = @@character_set_client */;
/*!40101 SET character_set_client = utf8 */;
CREATE TABLE `aauth_perm_to_user` (
  `perm_id` int(10) unsigned NOT NULL,
  `user_id` int(10) unsigned NOT NULL,
  `created_by` int(11) DEFAULT NULL,
  `updated_by` int(11) DEFAULT NULL,
  `updated_at` datetime DEFAULT CURRENT_TIMESTAMP ON UPDATE CURRENT_TIMESTAMP,
  `created_at` datetime DEFAULT CURRENT_TIMESTAMP,
  PRIMARY KEY (`user_id`,`perm_id`),
  KEY `aauth_perm_to_user_created_by_index` (`created_by`),
  KEY `aauth_perm_to_user_updated_by_index` (`updated_by`)
) ENGINE=InnoDB DEFAULT CHARSET=utf8;
/*!40101 SET character_set_client = @saved_cs_client */;

--
-- Dumping data for table `aauth_perm_to_user`
--

LOCK TABLES `aauth_perm_to_user` WRITE;
/*!40000 ALTER TABLE `aauth_perm_to_user` DISABLE KEYS */;
/*!40000 ALTER TABLE `aauth_perm_to_user` ENABLE KEYS */;
UNLOCK TABLES;

--
-- Table structure for table `aauth_perms`
--

DROP TABLE IF EXISTS `aauth_perms`;
/*!40101 SET @saved_cs_client     = @@character_set_client */;
/*!40101 SET character_set_client = utf8 */;
CREATE TABLE `aauth_perms` (
  `id` int(10) unsigned NOT NULL AUTO_INCREMENT,
  `name` varchar(100) DEFAULT NULL,
  `definition` text,
  `created_by` int(11) DEFAULT NULL,
  `updated_by` int(11) DEFAULT NULL,
  `updated_at` datetime DEFAULT CURRENT_TIMESTAMP ON UPDATE CURRENT_TIMESTAMP,
  `created_at` datetime DEFAULT CURRENT_TIMESTAMP,
  PRIMARY KEY (`id`),
  KEY `aauth_perms_created_by_index` (`created_by`),
  KEY `aauth_perms_updated_by_index` (`updated_by`)
) ENGINE=InnoDB AUTO_INCREMENT=794 DEFAULT CHARSET=utf8;
/*!40101 SET character_set_client = @saved_cs_client */;

--
-- Dumping data for table `aauth_perms`
--

LOCK TABLES `aauth_perms` WRITE;
/*!40000 ALTER TABLE `aauth_perms` DISABLE KEYS */;
INSERT INTO `aauth_perms` VALUES (1,'menu_dashboard',NULL,NULL,NULL,'2022-03-02 06:55:20','2022-03-02 06:55:20'),(2,'menu_crud_builder',NULL,NULL,NULL,'2022-03-02 06:55:20','2022-03-02 06:55:20'),(3,'menu_api_builder',NULL,NULL,NULL,'2022-03-02 06:55:20','2022-03-02 06:55:20'),(4,'menu_page_builder',NULL,NULL,NULL,'2022-03-02 06:55:20','2022-03-02 06:55:20'),(5,'menu_form_builder',NULL,NULL,NULL,'2022-03-02 06:55:20','2022-03-02 06:55:20'),(6,'menu_menu',NULL,NULL,NULL,'2022-03-02 06:55:20','2022-03-02 06:55:20'),(7,'menu_auth',NULL,NULL,NULL,'2022-03-02 06:55:20','2022-03-02 06:55:20'),(8,'menu_user',NULL,NULL,NULL,'2022-03-02 06:55:20','2022-03-02 06:55:20'),(9,'menu_group',NULL,NULL,NULL,'2022-03-02 06:55:20','2022-03-02 06:55:20'),(10,'menu_access',NULL,NULL,NULL,'2022-03-02 06:55:20','2022-03-02 06:55:20'),(11,'menu_permission',NULL,NULL,NULL,'2022-03-02 06:55:20','2022-03-02 06:55:20'),(12,'menu_api_documentation',NULL,NULL,NULL,'2022-03-02 06:55:20','2022-03-02 06:55:20'),(13,'menu_web_documentation',NULL,NULL,NULL,'2022-03-02 06:55:20','2022-03-02 06:55:20'),(14,'menu_settings',NULL,NULL,NULL,'2022-03-02 06:55:20','2022-03-02 06:55:20'),(15,'user_list',NULL,NULL,NULL,'2022-03-02 06:55:20','2022-03-02 06:55:20'),(16,'user_update_status',NULL,NULL,NULL,'2022-03-02 06:55:20','2022-03-02 06:55:20'),(17,'user_export',NULL,NULL,NULL,'2022-03-02 06:55:20','2022-03-02 06:55:20'),(18,'user_add',NULL,NULL,NULL,'2022-03-02 06:55:20','2022-03-02 06:55:20'),(19,'user_update',NULL,NULL,NULL,'2022-03-02 06:55:20','2022-03-02 06:55:20'),(20,'user_update_profile',NULL,NULL,NULL,'2022-03-02 06:55:20','2022-03-02 06:55:20'),(21,'user_update_password',NULL,NULL,NULL,'2022-03-02 06:55:20','2022-03-02 06:55:20'),(22,'user_profile',NULL,NULL,NULL,'2022-03-02 06:55:20','2022-03-02 06:55:20'),(23,'user_view',NULL,NULL,NULL,'2022-03-02 06:55:20','2022-03-02 06:55:20'),(24,'user_delete',NULL,NULL,NULL,'2022-03-02 06:55:20','2022-03-02 06:55:20'),(25,'blog_list',NULL,NULL,NULL,'2022-03-02 06:55:20','2022-03-02 06:55:20'),(26,'blog_export',NULL,NULL,NULL,'2022-03-02 06:55:20','2022-03-02 06:55:20'),(27,'blog_add',NULL,NULL,NULL,'2022-03-02 06:55:20','2022-03-02 06:55:20'),(28,'blog_update',NULL,NULL,NULL,'2022-03-02 06:55:20','2022-03-02 06:55:20'),(29,'blog_view',NULL,NULL,NULL,'2022-03-02 06:55:20','2022-03-02 06:55:20'),(30,'blog_delete',NULL,NULL,NULL,'2022-03-02 06:55:20','2022-03-02 06:55:20'),(31,'form_list',NULL,NULL,NULL,'2022-03-02 06:55:20','2022-03-02 06:55:20'),(32,'form_export',NULL,NULL,NULL,'2022-03-02 06:55:20','2022-03-02 06:55:20'),(33,'form_add',NULL,NULL,NULL,'2022-03-02 06:55:20','2022-03-02 06:55:20'),(34,'form_update',NULL,NULL,NULL,'2022-03-02 06:55:20','2022-03-02 06:55:20'),(35,'form_view',NULL,NULL,NULL,'2022-03-02 06:55:20','2022-03-02 06:55:20'),(36,'form_manage',NULL,NULL,NULL,'2022-03-02 06:55:20','2022-03-02 06:55:20'),(37,'form_delete',NULL,NULL,NULL,'2022-03-02 06:55:20','2022-03-02 06:55:20'),(38,'crud_list',NULL,NULL,NULL,'2022-03-02 06:55:20','2022-03-02 06:55:20'),(39,'crud_export',NULL,NULL,NULL,'2022-03-02 06:55:20','2022-03-02 06:55:20'),(40,'crud_add',NULL,NULL,NULL,'2022-03-02 06:55:20','2022-03-02 06:55:20'),(41,'crud_update',NULL,NULL,NULL,'2022-03-02 06:55:20','2022-03-02 06:55:20'),(42,'crud_view',NULL,NULL,NULL,'2022-03-02 06:55:20','2022-03-02 06:55:20'),(43,'crud_delete',NULL,NULL,NULL,'2022-03-02 06:55:20','2022-03-02 06:55:20'),(44,'rest_list',NULL,NULL,NULL,'2022-03-02 06:55:20','2022-03-02 06:55:20'),(45,'rest_export',NULL,NULL,NULL,'2022-03-02 06:55:20','2022-03-02 06:55:20'),(46,'rest_add',NULL,NULL,NULL,'2022-03-02 06:55:20','2022-03-02 06:55:20'),(47,'rest_update',NULL,NULL,NULL,'2022-03-02 06:55:20','2022-03-02 06:55:20'),(48,'rest_view',NULL,NULL,NULL,'2022-03-02 06:55:20','2022-03-02 06:55:20'),(49,'rest_delete',NULL,NULL,NULL,'2022-03-02 06:55:20','2022-03-02 06:55:20'),(50,'group_list',NULL,NULL,NULL,'2022-03-02 06:55:20','2022-03-02 06:55:20'),(51,'group_export',NULL,NULL,NULL,'2022-03-02 06:55:20','2022-03-02 06:55:20'),(52,'group_add',NULL,NULL,NULL,'2022-03-02 06:55:20','2022-03-02 06:55:20'),(53,'group_update',NULL,NULL,NULL,'2022-03-02 06:55:20','2022-03-02 06:55:20'),(54,'group_view',NULL,NULL,NULL,'2022-03-02 06:55:20','2022-03-02 06:55:20'),(55,'group_delete',NULL,NULL,NULL,'2022-03-02 06:55:20','2022-03-02 06:55:20'),(56,'permission_list',NULL,NULL,NULL,'2022-03-02 06:55:20','2022-03-02 06:55:20'),(57,'permission_export',NULL,NULL,NULL,'2022-03-02 06:55:20','2022-03-02 06:55:20'),(58,'permission_add',NULL,NULL,NULL,'2022-03-02 06:55:20','2022-03-02 06:55:20'),(59,'permission_update',NULL,NULL,NULL,'2022-03-02 06:55:20','2022-03-02 06:55:20'),(60,'permission_view',NULL,NULL,NULL,'2022-03-02 06:55:20','2022-03-02 06:55:20'),(61,'permission_delete',NULL,NULL,NULL,'2022-03-02 06:55:20','2022-03-02 06:55:20'),(62,'access_list',NULL,NULL,NULL,'2022-03-02 06:55:20','2022-03-02 06:55:20'),(63,'access_add',NULL,NULL,NULL,'2022-03-02 06:55:20','2022-03-02 06:55:20'),(64,'access_update',NULL,NULL,NULL,'2022-03-02 06:55:20','2022-03-02 06:55:20'),(65,'menu_list',NULL,NULL,NULL,'2022-03-02 06:55:20','2022-03-02 06:55:20'),(66,'menu_add',NULL,NULL,NULL,'2022-03-02 06:55:20','2022-03-02 06:55:20'),(67,'menu_update',NULL,NULL,NULL,'2022-03-02 06:55:20','2022-03-02 06:55:20'),(68,'menu_delete',NULL,NULL,NULL,'2022-03-02 06:55:20','2022-03-02 06:55:20'),(69,'menu_save_ordering',NULL,NULL,NULL,'2022-03-02 06:55:20','2022-03-02 06:55:20'),(70,'menu_type_add',NULL,NULL,NULL,'2022-03-02 06:55:20','2022-03-02 06:55:20'),(71,'page_list',NULL,NULL,NULL,'2022-03-02 06:55:20','2022-03-02 06:55:20'),(72,'page_export',NULL,NULL,NULL,'2022-03-02 06:55:20','2022-03-02 06:55:20'),(73,'page_add',NULL,NULL,NULL,'2022-03-02 06:55:20','2022-03-02 06:55:20'),(74,'page_update',NULL,NULL,NULL,'2022-03-02 06:55:20','2022-03-02 06:55:20'),(75,'page_view',NULL,NULL,NULL,'2022-03-02 06:55:20','2022-03-02 06:55:20'),(76,'page_delete',NULL,NULL,NULL,'2022-03-02 06:55:20','2022-03-02 06:55:20'),(77,'setting',NULL,NULL,NULL,'2022-03-02 06:55:20','2022-03-02 06:55:20'),(78,'setting_update',NULL,NULL,NULL,'2022-03-02 06:55:20','2022-03-02 06:55:20'),(79,'dashboard',NULL,NULL,NULL,'2022-03-02 06:55:20','2022-03-02 06:55:20'),(80,'extension_list',NULL,NULL,NULL,'2022-03-02 06:55:20','2022-03-02 06:55:20'),(81,'extension_activate',NULL,NULL,NULL,'2022-03-02 06:55:20','2022-03-02 06:55:20'),(82,'extension_deactivate',NULL,NULL,NULL,'2022-03-02 06:55:20','2022-03-02 06:55:20'),(625,'menu_auto_generators','',NULL,NULL,'2022-03-02 06:55:20','2022-03-02 06:55:20'),(626,'menu_crud','',NULL,NULL,'2022-03-02 06:55:20','2022-03-02 06:55:20'),(627,'menu_rest','',NULL,NULL,'2022-03-02 06:55:20','2022-03-02 06:55:20'),(628,'menu_page','',NULL,NULL,'2022-03-02 06:55:20','2022-03-02 06:55:20'),(629,'menu_form','',NULL,NULL,'2022-03-02 06:55:20','2022-03-02 06:55:20'),(630,'menu_report_generator','',NULL,NULL,'2022-03-02 06:55:20','2022-03-02 06:55:20'),(641,'menu_for_testing','',NULL,NULL,'2022-03-02 06:55:20','2022-03-02 06:55:20'),(642,'menu_equipment_category','',NULL,NULL,'2022-03-02 06:55:20','2022-03-02 06:55:20'),(653,'menu_equipments','',NULL,NULL,'2022-03-02 06:55:20','2022-03-02 06:55:20'),(699,'menu_equipment_checkin','',NULL,NULL,'2022-03-02 06:55:20','2022-03-02 06:55:20'),(700,'menu_equipment_checkout','',NULL,NULL,'2022-03-02 06:55:20','2022-03-02 06:55:20'),(701,'menu_event_equipment_checklist','',NULL,NULL,'2022-03-02 06:55:20','2022-03-02 06:55:20'),(702,'menu_events','',NULL,NULL,'2022-03-02 06:55:20','2022-03-02 06:55:20'),(738,'static_pages_update','',NULL,NULL,'2022-03-02 06:55:20','2022-03-02 06:55:20'),(739,'static_pages_view','',NULL,NULL,'2022-03-02 06:55:20','2022-03-02 06:55:20'),(740,'static_pages_delete','',NULL,NULL,'2022-03-02 06:55:20','2022-03-02 06:55:20'),(741,'static_pages_list','',NULL,NULL,'2022-03-02 06:55:20','2022-03-02 06:55:20'),(742,'static_pages_add','',NULL,NULL,'2022-03-02 06:55:20','2022-03-02 06:55:20'),(743,'menu_static_pages','',NULL,NULL,'2022-03-02 06:55:20','2022-03-02 06:55:20'),(744,'api_static_pages_all','',NULL,NULL,'2022-03-02 06:55:20','2022-03-02 06:55:20'),(745,'api_static_pages_detail','',NULL,NULL,'2022-03-02 06:55:20','2022-03-02 06:55:20'),(746,'api_static_pages_add','',NULL,NULL,'2022-03-02 06:55:20','2022-03-02 06:55:20'),(747,'api_static_pages_update','',NULL,NULL,'2022-03-02 06:55:20','2022-03-02 06:55:20'),(748,'api_static_pages_delete','',NULL,NULL,'2022-03-02 06:55:20','2022-03-02 06:55:20'),(764,'cc_options_update','',NULL,NULL,'2022-03-02 06:55:20','2022-03-02 06:55:20'),(765,'cc_options_view','',NULL,NULL,'2022-03-02 06:55:20','2022-03-02 06:55:20'),(766,'cc_options_delete','',NULL,NULL,'2022-03-02 06:55:20','2022-03-02 06:55:20'),(767,'cc_options_list','',NULL,NULL,'2022-03-02 06:55:20','2022-03-02 06:55:20'),(768,'menu_additional_configuration','',NULL,NULL,'2022-03-02 06:55:20','2022-03-02 06:55:20'),(774,'api_mobile_otp_all','',NULL,NULL,'2022-03-02 07:05:53','2022-03-02 07:05:53'),(775,'api_mobile_otp_detail','',NULL,NULL,'2022-03-02 07:05:53','2022-03-02 07:05:53'),(776,'api_mobile_otp_add','',NULL,NULL,'2022-03-02 07:05:53','2022-03-02 07:05:53'),(777,'api_mobile_otp_update','',NULL,NULL,'2022-03-02 07:05:53','2022-03-02 07:05:53'),(778,'api_mobile_otp_delete','',NULL,NULL,'2022-03-02 07:05:53','2022-03-02 07:05:53'),(789,'api_blog_all','',NULL,NULL,'2022-03-05 18:16:57','2022-03-05 18:16:57'),(790,'api_blog_detail','',NULL,NULL,'2022-03-05 18:16:57','2022-03-05 18:16:57'),(791,'api_blog_add','',NULL,NULL,'2022-03-05 18:16:57','2022-03-05 18:16:57'),(792,'api_blog_update','',NULL,NULL,'2022-03-05 18:16:57','2022-03-05 18:16:57'),(793,'api_blog_delete','',NULL,NULL,'2022-03-05 18:16:57','2022-03-05 18:16:57');
/*!40000 ALTER TABLE `aauth_perms` ENABLE KEYS */;
UNLOCK TABLES;

--
-- Table structure for table `aauth_pms`
--

DROP TABLE IF EXISTS `aauth_pms`;
/*!40101 SET @saved_cs_client     = @@character_set_client */;
/*!40101 SET character_set_client = utf8 */;
CREATE TABLE `aauth_pms` (
  `id` int(10) unsigned NOT NULL AUTO_INCREMENT,
  `sender_id` int(10) unsigned NOT NULL,
  `receiver_id` int(10) unsigned NOT NULL,
  `title` varchar(225) NOT NULL,
  `message` text,
  `date_sent` datetime DEFAULT NULL,
  `date_read` datetime DEFAULT NULL,
  `pm_deleted_sender` int(11) DEFAULT NULL,
  `pm_deleted_receiver` int(11) DEFAULT NULL,
  `created_by` int(11) DEFAULT NULL,
  `updated_by` int(11) DEFAULT NULL,
  `updated_at` datetime DEFAULT CURRENT_TIMESTAMP ON UPDATE CURRENT_TIMESTAMP,
  `created_at` datetime DEFAULT CURRENT_TIMESTAMP,
  PRIMARY KEY (`id`),
  KEY `aauth_pms_created_by_index` (`created_by`),
  KEY `aauth_pms_updated_by_index` (`updated_by`)
) ENGINE=InnoDB DEFAULT CHARSET=utf8;
/*!40101 SET character_set_client = @saved_cs_client */;

--
-- Dumping data for table `aauth_pms`
--

LOCK TABLES `aauth_pms` WRITE;
/*!40000 ALTER TABLE `aauth_pms` DISABLE KEYS */;
/*!40000 ALTER TABLE `aauth_pms` ENABLE KEYS */;
UNLOCK TABLES;

--
-- Table structure for table `aauth_user`
--

DROP TABLE IF EXISTS `aauth_user`;
/*!40101 SET @saved_cs_client     = @@character_set_client */;
/*!40101 SET character_set_client = utf8 */;
CREATE TABLE `aauth_user` (
  `id` int(10) unsigned NOT NULL AUTO_INCREMENT,
  `name` varchar(100) DEFAULT NULL,
  `definition` text,
  `created_by` int(11) DEFAULT NULL,
  `updated_by` int(11) DEFAULT NULL,
  `updated_at` datetime DEFAULT CURRENT_TIMESTAMP ON UPDATE CURRENT_TIMESTAMP,
  `created_at` datetime DEFAULT CURRENT_TIMESTAMP,
  PRIMARY KEY (`id`),
  KEY `aauth_user_created_by_index` (`created_by`),
  KEY `aauth_user_updated_by_index` (`updated_by`)
) ENGINE=InnoDB DEFAULT CHARSET=utf8;
/*!40101 SET character_set_client = @saved_cs_client */;

--
-- Dumping data for table `aauth_user`
--

LOCK TABLES `aauth_user` WRITE;
/*!40000 ALTER TABLE `aauth_user` DISABLE KEYS */;
/*!40000 ALTER TABLE `aauth_user` ENABLE KEYS */;
UNLOCK TABLES;

--
-- Table structure for table `aauth_user_to_group`
--

DROP TABLE IF EXISTS `aauth_user_to_group`;
/*!40101 SET @saved_cs_client     = @@character_set_client */;
/*!40101 SET character_set_client = utf8 */;
CREATE TABLE `aauth_user_to_group` (
  `user_id` int(10) unsigned NOT NULL,
  `group_id` int(10) unsigned NOT NULL,
  `created_by` int(11) DEFAULT NULL,
  `updated_by` int(11) DEFAULT NULL,
  `updated_at` datetime DEFAULT CURRENT_TIMESTAMP ON UPDATE CURRENT_TIMESTAMP,
  `created_at` datetime DEFAULT CURRENT_TIMESTAMP,
  PRIMARY KEY (`user_id`,`group_id`),
  KEY `aauth_user_to_group_created_by_index` (`created_by`),
  KEY `aauth_user_to_group_updated_by_index` (`updated_by`)
) ENGINE=InnoDB DEFAULT CHARSET=utf8;
/*!40101 SET character_set_client = @saved_cs_client */;

--
-- Dumping data for table `aauth_user_to_group`
--

LOCK TABLES `aauth_user_to_group` WRITE;
/*!40000 ALTER TABLE `aauth_user_to_group` DISABLE KEYS */;
INSERT INTO `aauth_user_to_group` VALUES (1,1,NULL,NULL,'2022-03-02 06:55:21','2022-03-02 06:55:21'),(1,3,NULL,NULL,'2022-03-02 06:55:21','2022-03-02 06:55:21'),(2,5,NULL,NULL,'2022-03-02 06:55:21','2022-03-02 06:55:21'),(3,6,NULL,NULL,'2022-03-02 06:55:21','2022-03-02 06:55:21'),(3,7,NULL,NULL,'2022-03-02 06:55:21','2022-03-02 06:55:21'),(3,8,NULL,NULL,'2022-03-02 06:55:21','2022-03-02 06:55:21'),(3,13,NULL,NULL,'2022-03-02 06:55:21','2022-03-02 06:55:21'),(3,15,NULL,NULL,'2022-03-02 06:55:21','2022-03-02 06:55:21'),(4,6,NULL,NULL,'2022-03-02 06:55:21','2022-03-02 06:55:21'),(4,7,NULL,NULL,'2022-03-02 06:55:21','2022-03-02 06:55:21'),(5,6,NULL,NULL,'2022-03-02 06:55:21','2022-03-02 06:55:21'),(5,7,NULL,NULL,'2022-03-02 06:55:21','2022-03-02 06:55:21'),(5,8,NULL,NULL,'2022-03-02 06:55:21','2022-03-02 06:55:21'),(5,10,NULL,NULL,'2022-03-02 06:55:21','2022-03-02 06:55:21'),(5,12,NULL,NULL,'2022-03-02 06:55:21','2022-03-02 06:55:21'),(5,16,NULL,NULL,'2022-03-02 06:55:21','2022-03-02 06:55:21'),(6,13,NULL,NULL,'2022-03-02 06:55:21','2022-03-02 06:55:21'),(6,16,NULL,NULL,'2022-03-02 06:55:21','2022-03-02 06:55:21'),(6,20,NULL,NULL,'2022-03-02 06:55:21','2022-03-02 06:55:21'),(7,13,NULL,NULL,'2022-03-02 06:55:21','2022-03-02 06:55:21'),(8,7,NULL,NULL,'2022-03-02 06:55:21','2022-03-02 06:55:21'),(9,1,NULL,NULL,'2022-03-02 06:55:21','2022-03-02 06:55:21'),(10,13,NULL,NULL,'2022-03-02 06:55:21','2022-03-02 06:55:21'),(11,13,NULL,NULL,'2022-03-02 06:55:21','2022-03-02 06:55:21'),(11,16,NULL,NULL,'2022-03-02 06:55:21','2022-03-02 06:55:21'),(12,6,NULL,NULL,'2022-03-02 06:55:21','2022-03-02 06:55:21'),(12,7,NULL,NULL,'2022-03-02 06:55:21','2022-03-02 06:55:21'),(12,8,NULL,NULL,'2022-03-02 06:55:21','2022-03-02 06:55:21'),(12,9,NULL,NULL,'2022-03-02 06:55:21','2022-03-02 06:55:21'),(12,10,NULL,NULL,'2022-03-02 06:55:21','2022-03-02 06:55:21'),(12,12,NULL,NULL,'2022-03-02 06:55:21','2022-03-02 06:55:21'),(12,13,NULL,NULL,'2022-03-02 06:55:21','2022-03-02 06:55:21'),(12,16,NULL,NULL,'2022-03-02 06:55:21','2022-03-02 06:55:21'),(13,1,NULL,NULL,'2022-03-02 06:55:21','2022-03-02 06:55:21'),(13,3,NULL,NULL,'2022-03-02 06:55:21','2022-03-02 06:55:21'),(14,3,NULL,NULL,'2022-03-02 06:55:21','2022-03-02 06:55:21'),(14,6,NULL,NULL,'2022-03-02 06:55:21','2022-03-02 06:55:21'),(14,7,NULL,NULL,'2022-03-02 06:55:21','2022-03-02 06:55:21'),(14,8,NULL,NULL,'2022-03-02 06:55:21','2022-03-02 06:55:21'),(14,9,NULL,NULL,'2022-03-02 06:55:21','2022-03-02 06:55:21'),(14,10,NULL,NULL,'2022-03-02 06:55:21','2022-03-02 06:55:21'),(14,12,NULL,NULL,'2022-03-02 06:55:21','2022-03-02 06:55:21'),(14,16,NULL,NULL,'2022-03-02 06:55:21','2022-03-02 06:55:21'),(15,3,NULL,NULL,'2022-03-02 06:55:21','2022-03-02 06:55:21'),(15,22,NULL,NULL,'2022-03-02 06:55:21','2022-03-02 06:55:21'),(16,3,NULL,NULL,'2022-03-02 06:55:21','2022-03-02 06:55:21'),(16,22,NULL,NULL,'2022-03-02 06:55:21','2022-03-02 06:55:21'),(17,3,NULL,NULL,'2022-03-02 06:55:21','2022-03-02 06:55:21'),(18,3,NULL,NULL,'2022-03-02 06:55:21','2022-03-02 06:55:21'),(19,3,NULL,NULL,'2022-03-02 06:55:21','2022-03-02 06:55:21'),(20,3,NULL,NULL,'2022-03-05 19:00:25','2022-03-05 19:00:25'),(23,3,NULL,NULL,'2022-03-05 08:46:56','2022-03-05 08:46:56');
/*!40000 ALTER TABLE `aauth_user_to_group` ENABLE KEYS */;
UNLOCK TABLES;

--
-- Table structure for table `aauth_user_variables`
--

DROP TABLE IF EXISTS `aauth_user_variables`;
/*!40101 SET @saved_cs_client     = @@character_set_client */;
/*!40101 SET character_set_client = utf8 */;
CREATE TABLE `aauth_user_variables` (
  `id` int(10) unsigned NOT NULL AUTO_INCREMENT,
  `user_id` int(10) unsigned NOT NULL,
  `data_key` varchar(100) NOT NULL,
  `value` text,
  `created_by` int(11) DEFAULT NULL,
  `updated_by` int(11) DEFAULT NULL,
  `updated_at` datetime DEFAULT CURRENT_TIMESTAMP ON UPDATE CURRENT_TIMESTAMP,
  `created_at` datetime DEFAULT CURRENT_TIMESTAMP,
  PRIMARY KEY (`id`),
  KEY `aauth_user_variables_created_by_index` (`created_by`),
  KEY `aauth_user_variables_updated_by_index` (`updated_by`)
) ENGINE=InnoDB DEFAULT CHARSET=utf8;
/*!40101 SET character_set_client = @saved_cs_client */;

--
-- Dumping data for table `aauth_user_variables`
--

LOCK TABLES `aauth_user_variables` WRITE;
/*!40000 ALTER TABLE `aauth_user_variables` DISABLE KEYS */;
/*!40000 ALTER TABLE `aauth_user_variables` ENABLE KEYS */;
UNLOCK TABLES;

--
-- Table structure for table `aauth_users`
--

DROP TABLE IF EXISTS `aauth_users`;
/*!40101 SET @saved_cs_client     = @@character_set_client */;
/*!40101 SET character_set_client = utf8 */;
CREATE TABLE `aauth_users` (
  `id` int(10) unsigned NOT NULL AUTO_INCREMENT,
  `email` varchar(100) DEFAULT NULL,
  `oauth_uid` text,
  `oauth_provider` varchar(100) DEFAULT NULL,
  `pass` varchar(64) NOT NULL,
  `username` varchar(100) NOT NULL,
  `mobile` varchar(20) DEFAULT NULL,
  `mpin` varchar(10) DEFAULT NULL,
  `fingerprint` varchar(4096) DEFAULT NULL,
  `full_name` varchar(200) NOT NULL,
  `avatar` text NOT NULL,
  `banned` tinyint(1) DEFAULT '0',
  `last_login` datetime DEFAULT NULL,
  `last_activity` datetime DEFAULT NULL,
  `date_created` datetime DEFAULT NULL,
  `forgot_exp` text,
  `remember_time` datetime DEFAULT NULL,
  `remember_exp` text,
  `verification_code` text,
  `top_secret` varchar(16) DEFAULT NULL,
  `ip_address` text,
  `created_by` int(11) DEFAULT NULL,
  `updated_by` int(11) DEFAULT NULL,
  `updated_at` datetime DEFAULT CURRENT_TIMESTAMP ON UPDATE CURRENT_TIMESTAMP,
  `created_at` datetime DEFAULT CURRENT_TIMESTAMP,
  PRIMARY KEY (`id`),
  UNIQUE KEY `mobile` (`mobile`),
  KEY `aauth_users_created_by_index` (`created_by`),
  KEY `aauth_users_updated_by_index` (`updated_by`)
) ENGINE=InnoDB AUTO_INCREMENT=24 DEFAULT CHARSET=utf8;
/*!40101 SET character_set_client = @saved_cs_client */;

--
-- Dumping data for table `aauth_users`
--

LOCK TABLES `aauth_users` WRITE;
/*!40000 ALTER TABLE `aauth_users` DISABLE KEYS */;
INSERT INTO `aauth_users` VALUES (1,'admin@vipulsingh.xyz',NULL,NULL,'5340083421f3c5d068d5ecee7527fc6976300ca6b315d4179a43767971666582','admin','917905217012','1234',NULL,'admin','20181009165927-profile_icon_male.jpg',0,'2022-03-05 21:25:58','2022-03-06 00:27:37','2018-08-25 11:56:32',NULL,'2021-05-23 00:00:00','f5KBYqCQ4HlxJVPe',NULL,NULL,'139.167.248.62',NULL,1,'2022-03-05 18:57:37','2022-03-02 06:55:21'),(16,'chimaobi@admin.com',NULL,NULL,'7f33b4d29fa173e77463cde5a71df1fdb63e84fe55fef52713f35466013abeb4','chimaobi',NULL,NULL,NULL,'Chimaobi Okolo','default.png',0,'2022-03-05 01:48:05','2022-02-18 13:13:58','2022-02-13 00:10:14',NULL,NULL,NULL,NULL,NULL,'132.154.118.202',NULL,NULL,'2022-03-04 20:18:05','2022-03-02 06:55:21'),(20,'singh5vipul@gmail.com','105080653431012117396','google','c5ecb7b3637ed47fd96023e69b1509818307ed8087fa37aabb0199900ef24293','',NULL,NULL,NULL,'Coding Jugaad','105080653431012117396.jpg',0,'2022-03-06 00:27:37','2022-02-22 00:40:09','2022-02-21 17:22:04',NULL,NULL,NULL,NULL,NULL,'139.167.248.62',NULL,NULL,'2022-03-05 18:57:37','2022-03-02 06:55:21'),(23,NULL,NULL,NULL,'d6d0fc2bc583dbb63d7e8e8e31167518deb8f44a798aad023872ed7da6bdb1c6','','7905217012','1234',NULL,'7905217012','',0,'2022-03-05 14:16:56',NULL,'2022-03-05 14:16:56',NULL,NULL,NULL,NULL,NULL,'132.154.123.117',NULL,NULL,'2022-03-05 09:12:04','2022-03-05 08:46:56');
/*!40000 ALTER TABLE `aauth_users` ENABLE KEYS */;
UNLOCK TABLES;

--
-- Table structure for table `blog`
--

DROP TABLE IF EXISTS `blog`;
/*!40101 SET @saved_cs_client     = @@character_set_client */;
/*!40101 SET character_set_client = utf8 */;
CREATE TABLE `blog` (
  `id` int(10) unsigned NOT NULL AUTO_INCREMENT,
  `title` varchar(200) NOT NULL,
  `content` text NOT NULL,
  `image` text NOT NULL,
  `category` varchar(200) NOT NULL,
  `created_by` int(11) DEFAULT NULL,
  `updated_by` int(11) DEFAULT NULL,
  `updated_at` datetime DEFAULT CURRENT_TIMESTAMP ON UPDATE CURRENT_TIMESTAMP,
  `created_at` datetime DEFAULT CURRENT_TIMESTAMP,
  PRIMARY KEY (`id`),
  KEY `blog_created_by_index` (`created_by`),
  KEY `blog_updated_by_index` (`updated_by`)
) ENGINE=InnoDB AUTO_INCREMENT=2 DEFAULT CHARSET=utf8;
/*!40101 SET character_set_client = @saved_cs_client */;

--
-- Dumping data for table `blog`
--

LOCK TABLES `blog` WRITE;
/*!40000 ALTER TABLE `blog` DISABLE KEYS */;
INSERT INTO `blog` VALUES (1,'cdaca','ccadcadcsdc','','',2,2,'2022-03-05 19:07:50','2022-03-05 18:54:25');
/*!40000 ALTER TABLE `blog` ENABLE KEYS */;
UNLOCK TABLES;

--
-- Table structure for table `blog_category`
--

DROP TABLE IF EXISTS `blog_category`;
/*!40101 SET @saved_cs_client     = @@character_set_client */;
/*!40101 SET character_set_client = utf8 */;
CREATE TABLE `blog_category` (
  `category_id` int(10) unsigned NOT NULL AUTO_INCREMENT,
  `category_name` varchar(200) NOT NULL,
  `category_desc` text NOT NULL,
  `created_by` int(11) DEFAULT NULL,
  `updated_by` int(11) DEFAULT NULL,
  `updated_at` datetime DEFAULT CURRENT_TIMESTAMP ON UPDATE CURRENT_TIMESTAMP,
  `created_at` datetime DEFAULT CURRENT_TIMESTAMP,
  PRIMARY KEY (`category_id`),
  KEY `blog_category_created_by_index` (`created_by`),
  KEY `blog_category_updated_by_index` (`updated_by`)
) ENGINE=InnoDB AUTO_INCREMENT=3 DEFAULT CHARSET=utf8;
/*!40101 SET character_set_client = @saved_cs_client */;

--
-- Dumping data for table `blog_category`
--

LOCK TABLES `blog_category` WRITE;
/*!40000 ALTER TABLE `blog_category` DISABLE KEYS */;
INSERT INTO `blog_category` VALUES (1,'Technology','',NULL,NULL,'2022-03-02 06:55:21','2022-03-02 06:55:21'),(2,'1,2','xscscsc',NULL,NULL,'2022-03-02 06:55:21','2022-03-02 06:55:21');
/*!40000 ALTER TABLE `blog_category` ENABLE KEYS */;
UNLOCK TABLES;

--
-- Table structure for table `captcha`
--

DROP TABLE IF EXISTS `captcha`;
/*!40101 SET @saved_cs_client     = @@character_set_client */;
/*!40101 SET character_set_client = utf8 */;
CREATE TABLE `captcha` (
  `captcha_id` int(10) unsigned NOT NULL AUTO_INCREMENT,
  `captcha_time` int(11) DEFAULT NULL,
  `ip_address` varchar(45) NOT NULL,
  `word` varchar(20) NOT NULL,
  `created_by` int(11) DEFAULT NULL,
  `updated_by` int(11) DEFAULT NULL,
  `updated_at` datetime DEFAULT CURRENT_TIMESTAMP ON UPDATE CURRENT_TIMESTAMP,
  `created_at` datetime DEFAULT CURRENT_TIMESTAMP,
  PRIMARY KEY (`captcha_id`),
  KEY `captcha_created_by_index` (`created_by`),
  KEY `captcha_updated_by_index` (`updated_by`)
) ENGINE=InnoDB DEFAULT CHARSET=utf8;
/*!40101 SET character_set_client = @saved_cs_client */;

--
-- Dumping data for table `captcha`
--

LOCK TABLES `captcha` WRITE;
/*!40000 ALTER TABLE `captcha` DISABLE KEYS */;
/*!40000 ALTER TABLE `captcha` ENABLE KEYS */;
UNLOCK TABLES;

--
-- Table structure for table `cc_options`
--

DROP TABLE IF EXISTS `cc_options`;
/*!40101 SET @saved_cs_client     = @@character_set_client */;
/*!40101 SET character_set_client = utf8 */;
CREATE TABLE `cc_options` (
  `id` int(10) unsigned NOT NULL AUTO_INCREMENT,
  `option_name` varchar(200) NOT NULL,
  `user_friendly_name` varchar(512) DEFAULT NULL,
  `option_value` text,
  `hide` tinyint(4) NOT NULL DEFAULT '0',
  `created_by` int(11) DEFAULT NULL,
  `updated_by` int(11) DEFAULT NULL,
  `updated_at` datetime DEFAULT CURRENT_TIMESTAMP ON UPDATE CURRENT_TIMESTAMP,
  `created_at` datetime DEFAULT CURRENT_TIMESTAMP,
  PRIMARY KEY (`id`),
  KEY `cc_options_created_by_index` (`created_by`),
  KEY `cc_options_updated_by_index` (`updated_by`)
) ENGINE=InnoDB AUTO_INCREMENT=22 DEFAULT CHARSET=utf8;
/*!40101 SET character_set_client = @saved_cs_client */;

--
-- Dumping data for table `cc_options`
--

LOCK TABLES `cc_options` WRITE;
/*!40000 ALTER TABLE `cc_options` DISABLE KEYS */;
INSERT INTO `cc_options` VALUES (1,'active_theme',NULL,'cicool',1,NULL,NULL,'2022-03-02 06:55:21','2022-03-02 06:55:21'),(2,'favicon',NULL,'default.png',1,NULL,NULL,'2022-03-02 06:55:21','2022-03-02 06:55:21'),(3,'site_name',NULL,'QPAY',1,NULL,NULL,'2022-03-02 06:55:21','2022-03-02 06:55:21'),(7,'email',NULL,'admin@vipulsingh.xyz',1,NULL,NULL,'2022-03-02 06:55:21','2022-03-02 06:55:21'),(8,'author',NULL,'',1,NULL,NULL,'2022-03-02 06:55:21','2022-03-02 06:55:21'),(9,'site_description',NULL,'',1,NULL,NULL,'2022-03-02 06:55:21','2022-03-02 06:55:21'),(10,'keywords',NULL,'',1,NULL,NULL,'2022-03-02 06:55:21','2022-03-02 06:55:21'),(11,'landing_page_id',NULL,'default',1,NULL,NULL,'2022-03-02 06:55:21','2022-03-02 06:55:21'),(12,'timezone',NULL,'Asia/Kolkata',1,NULL,NULL,'2022-03-02 06:55:21','2022-03-02 06:55:21'),(13,'google_id',NULL,'159922128615-89a4abu4uqn73o1517k36f5heo4d7jdm.apps.googleusercontent.com',1,NULL,NULL,'2022-03-02 06:55:21','2022-03-02 06:55:21'),(14,'google_secret',NULL,'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',1,NULL,NULL,'2022-03-02 06:55:21','2022-03-02 06:55:21'),(15,'infobip_api_key','Infobip Api Key','e542fcaa31418bfb807581d2da13c9ed-55638942-829e-4860-ad01-24717045fd94',0,NULL,1,'2022-03-04 22:12:07','2022-03-02 06:55:21'),(16,'sms_gateway','Sms Gateway','Infobip',0,NULL,1,'2022-03-02 06:55:21','2022-03-02 06:55:21'),(17,'infobip_base_url','Infobip Base Url','https://5vje8j.api.infobip.com',0,NULL,NULL,'2022-03-02 06:55:21','2022-03-02 06:55:21'),(18,'otp_template','OTP Sms Template (use {{otp}} to replace with otp) ','Your otp to login to Qpay is {{otp}}',0,NULL,NULL,'2022-03-02 06:55:21','2022-03-02 06:55:21'),(19,'otp_length','Length of otp','8',0,NULL,NULL,'2022-03-04 15:21:39','2022-03-04 15:21:39'),(20,'otp_maxlifetime','Validity of OTP (minutes)','15',0,NULL,NULL,'2022-03-04 19:15:17','2022-03-04 19:15:17');
/*!40000 ALTER TABLE `cc_options` ENABLE KEYS */;
UNLOCK TABLES;

--
-- Table structure for table `cc_session`
--

DROP TABLE IF EXISTS `cc_session`;
/*!40101 SET @saved_cs_client     = @@character_set_client */;
/*!40101 SET character_set_client = utf8 */;
CREATE TABLE `cc_session` (
  `id` int(11) NOT NULL,
  `ip_address` varchar(45) NOT NULL,
  `timestamp` int(11) NOT NULL,
  `data` blob NOT NULL,
  `created_by` int(11) DEFAULT NULL,
  `updated_by` int(11) DEFAULT NULL,
  `updated_at` datetime DEFAULT CURRENT_TIMESTAMP ON UPDATE CURRENT_TIMESTAMP,
  `created_at` datetime DEFAULT CURRENT_TIMESTAMP,
  KEY `cc_session_created_by_index` (`created_by`),
  KEY `cc_session_updated_by_index` (`updated_by`)
) ENGINE=InnoDB DEFAULT CHARSET=utf8;
/*!40101 SET character_set_client = @saved_cs_client */;

--
-- Dumping data for table `cc_session`
--

LOCK TABLES `cc_session` WRITE;
/*!40000 ALTER TABLE `cc_session` DISABLE KEYS */;
/*!40000 ALTER TABLE `cc_session` ENABLE KEYS */;
UNLOCK TABLES;

--
-- Table structure for table `crud`
--

DROP TABLE IF EXISTS `crud`;
/*!40101 SET @saved_cs_client     = @@character_set_client */;
/*!40101 SET character_set_client = utf8 */;
CREATE TABLE `crud` (
  `id` int(10) unsigned NOT NULL AUTO_INCREMENT,
  `title` varchar(200) NOT NULL,
  `subject` varchar(200) NOT NULL,
  `table_name` varchar(200) NOT NULL,
  `primary_key` varchar(200) DEFAULT NULL,
  `page_read` varchar(20) DEFAULT NULL,
  `page_create` varchar(20) DEFAULT NULL,
  `page_update` varchar(20) DEFAULT NULL,
  `redirect_add` varchar(1024) DEFAULT NULL,
  `redirect_update` varchar(1024) DEFAULT NULL,
  `user_restriction` tinyint(4) DEFAULT NULL,
  `user_restriction_columns` varchar(4096) DEFAULT NULL,
  `created_by` int(11) DEFAULT NULL,
  `updated_by` int(11) DEFAULT NULL,
  `updated_at` datetime DEFAULT CURRENT_TIMESTAMP ON UPDATE CURRENT_TIMESTAMP,
  `created_at` datetime DEFAULT CURRENT_TIMESTAMP,
  PRIMARY KEY (`id`),
  KEY `crud_created_by_index` (`created_by`),
  KEY `crud_updated_by_index` (`updated_by`)
) ENGINE=InnoDB AUTO_INCREMENT=118 DEFAULT CHARSET=utf8;
/*!40101 SET character_set_client = @saved_cs_client */;

--
-- Dumping data for table `crud`
--

LOCK TABLES `crud` WRITE;
/*!40000 ALTER TABLE `crud` DISABLE KEYS */;
INSERT INTO `crud` VALUES (112,'Static Pages','Static Pages','static_pages','id','yes',NULL,'yes','','',NULL,NULL,1,1,'2022-03-02 06:55:21','2022-03-02 06:55:21'),(116,'Configurations','Configurations','cc_options','id','yes',NULL,'yes','','',NULL,NULL,1,NULL,'2022-03-02 06:55:21','2022-03-02 06:55:21'),(117,'Blog','Blog','blog','id','yes','yes','yes','','',1,'created_by,updated_by',1,1,'2022-03-05 23:51:02','2022-03-05 03:46:25');
/*!40000 ALTER TABLE `crud` ENABLE KEYS */;
UNLOCK TABLES;

--
-- Table structure for table `crud_custom_option`
--

DROP TABLE IF EXISTS `crud_custom_option`;
/*!40101 SET @saved_cs_client     = @@character_set_client */;
/*!40101 SET character_set_client = utf8 */;
CREATE TABLE `crud_custom_option` (
  `id` int(10) unsigned NOT NULL AUTO_INCREMENT,
  `crud_field_id` int(11) NOT NULL,
  `crud_id` int(11) NOT NULL,
  `option_value` text NOT NULL,
  `option_label` text NOT NULL,
  `created_by` int(11) DEFAULT NULL,
  `updated_by` int(11) DEFAULT NULL,
  `updated_at` datetime DEFAULT CURRENT_TIMESTAMP ON UPDATE CURRENT_TIMESTAMP,
  `created_at` datetime DEFAULT CURRENT_TIMESTAMP,
  PRIMARY KEY (`id`),
  KEY `crud_custom_option_created_by_index` (`created_by`),
  KEY `crud_custom_option_updated_by_index` (`updated_by`)
) ENGINE=InnoDB DEFAULT CHARSET=utf8;
/*!40101 SET character_set_client = @saved_cs_client */;

--
-- Dumping data for table `crud_custom_option`
--

LOCK TABLES `crud_custom_option` WRITE;
/*!40000 ALTER TABLE `crud_custom_option` DISABLE KEYS */;
/*!40000 ALTER TABLE `crud_custom_option` ENABLE KEYS */;
UNLOCK TABLES;

--
-- Table structure for table `crud_field`
--

DROP TABLE IF EXISTS `crud_field`;
/*!40101 SET @saved_cs_client     = @@character_set_client */;
/*!40101 SET character_set_client = utf8 */;
CREATE TABLE `crud_field` (
  `id` int(10) unsigned NOT NULL AUTO_INCREMENT,
  `crud_id` int(11) NOT NULL,
  `field_name` varchar(200) NOT NULL,
  `field_label` varchar(200) DEFAULT NULL,
  `input_type` varchar(200) NOT NULL,
  `show_column` varchar(10) DEFAULT NULL,
  `show_add_form` varchar(10) DEFAULT NULL,
  `show_update_form` varchar(10) DEFAULT NULL,
  `show_detail_page` varchar(10) DEFAULT NULL,
  `sort` int(11) NOT NULL,
  `relation_table` varchar(200) DEFAULT NULL,
  `relation_value` varchar(200) DEFAULT NULL,
  `relation_label` varchar(200) DEFAULT NULL,
  `field_filterable` varchar(20) DEFAULT NULL,
  `field_exportable` varchar(20) NOT NULL,
  `created_by` int(11) DEFAULT NULL,
  `updated_by` int(11) DEFAULT NULL,
  `updated_at` datetime DEFAULT CURRENT_TIMESTAMP ON UPDATE CURRENT_TIMESTAMP,
  `created_at` datetime DEFAULT CURRENT_TIMESTAMP,
  PRIMARY KEY (`id`),
  KEY `crud_field_created_by_index` (`created_by`),
  KEY `crud_field_updated_by_index` (`updated_by`)
) ENGINE=InnoDB AUTO_INCREMENT=2270 DEFAULT CHARSET=utf8;
/*!40101 SET character_set_client = @saved_cs_client */;

--
-- Dumping data for table `crud_field`
--

LOCK TABLES `crud_field` WRITE;
/*!40000 ALTER TABLE `crud_field` DISABLE KEYS */;
INSERT INTO `crud_field` VALUES (1,1,'attribute_id','attribute_id','input','','','','yes',1,'','','',NULL,'',NULL,NULL,'2022-03-02 06:55:21','2022-03-02 06:55:21'),(2,1,'attribute_name','attribute_name','input','yes','yes','yes','yes',2,'','','',NULL,'',NULL,NULL,'2022-03-02 06:55:21','2022-03-02 06:55:21'),(3,1,'attribute_type','attribute_type','input','yes','yes','yes','yes',3,'','','',NULL,'',NULL,NULL,'2022-03-02 06:55:21','2022-03-02 06:55:21'),(4,2,'employee_id','employee_id','input','','','','yes',1,'','','',NULL,'',NULL,NULL,'2022-03-02 06:55:21','2022-03-02 06:55:21'),(5,2,'employee_name','employee_name','input','yes','yes','yes','yes',2,'','','',NULL,'',NULL,NULL,'2022-03-02 06:55:21','2022-03-02 06:55:21'),(6,2,'employee_address','employee_address','input','yes','yes','yes','yes',3,'','','',NULL,'',NULL,NULL,'2022-03-02 06:55:21','2022-03-02 06:55:21'),(7,2,'fk_employee_department_id','fk_employee_department_id','input','yes','yes','yes','yes',4,'','','',NULL,'',NULL,NULL,'2022-03-02 06:55:21','2022-03-02 06:55:21'),(8,2,'fk_employee_designation_id','fk_employee_designation_id','input','yes','yes','yes','yes',5,'','','',NULL,'',NULL,NULL,'2022-03-02 06:55:21','2022-03-02 06:55:21'),(9,2,'fk_login_user_id','fk_login_user_id','input','yes','yes','yes','yes',6,'','','',NULL,'',NULL,NULL,'2022-03-02 06:55:21','2022-03-02 06:55:21'),(10,3,'attribute_id','attribute_id','input','','','','yes',1,'','','',NULL,'',NULL,NULL,'2022-03-02 06:55:21','2022-03-02 06:55:21'),(11,3,'attribute_name','attribute_name','input','yes','yes','yes','yes',2,'','','',NULL,'',NULL,NULL,'2022-03-02 06:55:21','2022-03-02 06:55:21'),(12,3,'attribute_type','attribute_type','input','yes','yes','yes','yes',3,'','','',NULL,'',NULL,NULL,'2022-03-02 06:55:21','2022-03-02 06:55:21'),(16,4,'product_attribute_detail_id','product_attribute_detail_id','input','','','','yes',1,'','','',NULL,'',NULL,NULL,'2022-03-02 06:55:21','2022-03-02 06:55:21'),(17,4,'fk_product_id','fk_product_id','select','yes','yes','yes','yes',2,'product_master','product_master_id','product_name',NULL,'',NULL,NULL,'2022-03-02 06:55:21','2022-03-02 06:55:21'),(18,4,'fk_attribute_mapping','fk_attribute_mapping','select','yes','yes','yes','yes',3,'attribute_master','attribute_id','attribute_name',NULL,'',NULL,NULL,'2022-03-02 06:55:21','2022-03-02 06:55:21'),(19,5,'department_id','department_id','input','','','','yes',1,'','','',NULL,'',NULL,NULL,'2022-03-02 06:55:21','2022-03-02 06:55:21'),(20,5,'department_name','department_name','input','yes','yes','yes','yes',2,'','','',NULL,'',NULL,NULL,'2022-03-02 06:55:21','2022-03-02 06:55:21'),(23,7,'employee_id','employee_id','input','','','','yes',1,'','','',NULL,'',NULL,NULL,'2022-03-02 06:55:21','2022-03-02 06:55:21'),(24,7,'employee_name','employee_name','input','yes','yes','yes','yes',2,'','','',NULL,'',NULL,NULL,'2022-03-02 06:55:21','2022-03-02 06:55:21'),(25,7,'employee_address','employee_address','input','yes','yes','yes','yes',3,'','','',NULL,'',NULL,NULL,'2022-03-02 06:55:21','2022-03-02 06:55:21'),(26,7,'fk_employee_department_id','employee_department','select','yes','yes','yes','yes',4,'department_master','department_id','department_name',NULL,'',NULL,NULL,'2022-03-02 06:55:21','2022-03-02 06:55:21'),(27,7,'fk_employee_designation_id','employee_designation','select','yes','yes','yes','yes',5,'designation_master','designation_id','designation_name',NULL,'',NULL,NULL,'2022-03-02 06:55:21','2022-03-02 06:55:21'),(28,7,'fk_login_user_id','login_username','select','yes','yes','yes','yes',6,'aauth_users','id','username',NULL,'',NULL,NULL,'2022-03-02 06:55:21','2022-03-02 06:55:21'),(47,6,'designation_id','designation_id','input','','','','yes',1,'','','',NULL,'',NULL,NULL,'2022-03-02 06:55:21','2022-03-02 06:55:21'),(48,6,'designation_name','designation_name','input','yes','yes','yes','yes',2,'','','',NULL,'',NULL,NULL,'2022-03-02 06:55:21','2022-03-02 06:55:21'),(49,6,'fk_department_id','department_name','select','yes','yes','yes','yes',3,'department_master','department_id','department_name',NULL,'',NULL,NULL,'2022-03-02 06:55:21','2022-03-02 06:55:21'),(1406,22,'wo_master_id','wo_master_id','input','','','','yes',1,'','','',NULL,'',NULL,NULL,'2022-03-02 06:55:21','2022-03-02 06:55:21'),(1407,22,'fk_client_id','Client','select','yes','yes','yes','yes',2,'client_master','client_id','client_name',NULL,'',NULL,NULL,'2022-03-02 06:55:21','2022-03-02 06:55:21'),(1408,22,'date','date','date','yes','yes','yes','yes',4,'','','',NULL,'',NULL,NULL,'2022-03-02 06:55:21','2022-03-02 06:55:21'),(1409,22,'due_date','due_date','date','yes','yes','yes','yes',5,'','','',NULL,'',NULL,NULL,'2022-03-02 06:55:21','2022-03-02 06:55:21'),(1410,22,'ref_no','ref_no','input','yes','yes','yes','yes',6,'','','',NULL,'',NULL,NULL,'2022-03-02 06:55:21','2022-03-02 06:55:21'),(1502,66,'0','Product Name','input','yes','yes','yes','yes',1,'','','',NULL,'',NULL,NULL,'2022-03-02 06:55:21','2022-03-02 06:55:21'),(1503,66,'0','Product Id','input','yes','yes','yes','yes',2,'','','',NULL,'',NULL,NULL,'2022-03-02 06:55:21','2022-03-02 06:55:21'),(1504,66,'Company','Company','input','yes','yes','yes','yes',3,'','','',NULL,'',NULL,NULL,'2022-03-02 06:55:21','2022-03-02 06:55:21'),(1505,66,'per_load_cycle_value','per_load_cycle_value','input','yes','yes','yes','yes',4,'','','',NULL,'',NULL,NULL,'2022-03-02 06:55:21','2022-03-02 06:55:21'),(1506,66,'0','Total Inhouse Stock','input','yes','yes','yes','yes',5,'','','',NULL,'',NULL,NULL,'2022-03-02 06:55:21','2022-03-02 06:55:21'),(1592,67,'Company','Company','input','yes','yes','yes','yes',1,'','','',NULL,'',NULL,NULL,'2022-03-02 06:55:21','2022-03-02 06:55:21'),(1593,67,'per_load_cycle_value','per_load_cycle_value','input','yes','yes','yes','yes',2,'','','',NULL,'',NULL,NULL,'2022-03-02 06:55:21','2022-03-02 06:55:21'),(1594,67,'0','Product Name','input','yes','yes','yes','yes',3,'','','',NULL,'',NULL,NULL,'2022-03-02 06:55:21','2022-03-02 06:55:21'),(1595,67,'0','Product Id','input','yes','yes','yes','yes',4,'','','',NULL,'',NULL,NULL,'2022-03-02 06:55:21','2022-03-02 06:55:21'),(1596,67,'0','Total Inhouse Stock','input','yes','yes','yes','yes',5,'','','',NULL,'',NULL,NULL,'2022-03-02 06:55:21','2022-03-02 06:55:21'),(1597,67,'0','Product Name','input','yes','yes','yes','yes',6,'','','',NULL,'',NULL,NULL,'2022-03-02 06:55:21','2022-03-02 06:55:21'),(1598,67,'0','Product Id','input','yes','yes','yes','yes',7,'','','',NULL,'',NULL,NULL,'2022-03-02 06:55:21','2022-03-02 06:55:21'),(1599,67,'0','Total Inhouse Stock','input','yes','yes','yes','yes',8,'','','',NULL,'',NULL,NULL,'2022-03-02 06:55:21','2022-03-02 06:55:21'),(1600,67,'0','Product Name','input','yes','yes','yes','yes',9,'','','',NULL,'',NULL,NULL,'2022-03-02 06:55:21','2022-03-02 06:55:21'),(1601,67,'0','Product Id','input','yes','yes','yes','yes',10,'','','',NULL,'',NULL,NULL,'2022-03-02 06:55:21','2022-03-02 06:55:21'),(1602,67,'0','Total Inhouse Stock','input','yes','yes','yes','yes',11,'','','',NULL,'',NULL,NULL,'2022-03-02 06:55:21','2022-03-02 06:55:21'),(1618,69,'challan_id','challan_id','input','yes','yes','yes','yes',1,'','','',NULL,'',NULL,NULL,'2022-03-02 06:55:21','2022-03-02 06:55:21'),(1619,69,'challan_number','challan_number','input','yes','yes','yes','yes',2,'','','',NULL,'',NULL,NULL,'2022-03-02 06:55:21','2022-03-02 06:55:21'),(1620,69,'fk_product_master_id','fk_product_master_id','input','yes','yes','yes','yes',3,'','','',NULL,'',NULL,NULL,'2022-03-02 06:55:21','2022-03-02 06:55:21'),(1621,69,'quantity_remaining','quantity_remaining','input','yes','yes','yes','yes',4,'','','',NULL,'',NULL,NULL,'2022-03-02 06:55:21','2022-03-02 06:55:21'),(1622,69,'fk_client_id','fk_client_id','input','yes','yes','yes','yes',5,'','','',NULL,'',NULL,NULL,'2022-03-02 06:55:21','2022-03-02 06:55:21'),(1623,70,'challan_id','challan_id','input','yes','yes','yes','yes',1,'','','',NULL,'',NULL,NULL,'2022-03-02 06:55:21','2022-03-02 06:55:21'),(1624,70,'challan_number','challan_number','input','yes','yes','yes','yes',2,'','','',NULL,'',NULL,NULL,'2022-03-02 06:55:21','2022-03-02 06:55:21'),(1625,70,'product_name','product_name','input','yes','yes','yes','yes',3,'','','',NULL,'',NULL,NULL,'2022-03-02 06:55:21','2022-03-02 06:55:21'),(1626,70,'process_name','process_name','input','yes','yes','yes','yes',4,'','','',NULL,'',NULL,NULL,'2022-03-02 06:55:21','2022-03-02 06:55:21'),(1627,70,'quantity_remaining','quantity_remaining','input','yes','yes','yes','yes',5,'','','',NULL,'',NULL,NULL,'2022-03-02 06:55:21','2022-03-02 06:55:21'),(1628,70,'CLIENT','CLIENT','input','yes','yes','yes','yes',6,'','','',NULL,'',NULL,NULL,'2022-03-02 06:55:21','2022-03-02 06:55:21'),(1832,77,'DATE','DATE','date','yes','yes','yes','yes',1,'','','',NULL,'',NULL,NULL,'2022-03-02 06:55:21','2022-03-02 06:55:21'),(1833,77,'COMPANY','COMPANY','input','yes','yes','yes','yes',2,'','','',NULL,'',NULL,NULL,'2022-03-02 06:55:21','2022-03-02 06:55:21'),(1834,77,'product_name','product_name','input','yes','yes','yes','yes',3,'','','',NULL,'',NULL,NULL,'2022-03-02 06:55:21','2022-03-02 06:55:21'),(1835,77,'quantity','quantity','input','yes','yes','yes','yes',4,'','','',NULL,'',NULL,NULL,'2022-03-02 06:55:21','2022-03-02 06:55:21'),(1836,77,'TYPE','TYPE','input','yes','yes','yes','yes',5,'','','',NULL,'',NULL,NULL,'2022-03-02 06:55:21','2022-03-02 06:55:21'),(1837,77,'0','CHALLAN NUMBER','input','yes','yes','yes','yes',6,'','','',NULL,'',NULL,NULL,'2022-03-02 06:55:21','2022-03-02 06:55:21'),(1838,77,'0','CHALLAN NUMBER','input','yes','yes','yes','yes',7,'','','',NULL,'',NULL,NULL,'2022-03-02 06:55:21','2022-03-02 06:55:21'),(1839,78,'DATE','DATE','date','yes','yes','yes','yes',1,'','','',NULL,'',NULL,NULL,'2022-03-02 06:55:21','2022-03-02 06:55:21'),(1840,78,'COMPANY','COMPANY','input','yes','yes','yes','yes',2,'','','',NULL,'',NULL,NULL,'2022-03-02 06:55:21','2022-03-02 06:55:21'),(1841,78,'product_name','product_name','input','yes','yes','yes','yes',3,'','','',NULL,'',NULL,NULL,'2022-03-02 06:55:21','2022-03-02 06:55:21'),(1842,78,'quantity','quantity','input','yes','yes','yes','yes',4,'','','',NULL,'',NULL,NULL,'2022-03-02 06:55:21','2022-03-02 06:55:21'),(1843,78,'TYPE','TYPE','input','yes','yes','yes','yes',5,'','','',NULL,'',NULL,NULL,'2022-03-02 06:55:21','2022-03-02 06:55:21'),(1844,78,'CHALLAN_NUMBER','CHALLAN_NUMBER','input','yes','yes','yes','yes',6,'','','',NULL,'',NULL,NULL,'2022-03-02 06:55:21','2022-03-02 06:55:21'),(1882,85,'product_name','product_name','input','yes','yes','yes','yes',1,'','','',NULL,'',NULL,NULL,'2022-03-02 06:55:21','2022-03-02 06:55:21'),(2188,112,'id','id','number','','','','yes',1,'','','','','',NULL,NULL,'2022-03-02 06:55:21','2022-03-02 06:55:21'),(2189,112,'name','name','input','yes','','yes','yes',2,'','','','','yes',NULL,NULL,'2022-03-02 06:55:21','2022-03-02 06:55:21'),(2190,112,'content','content','editor_wysiwyg','yes','','yes','yes',3,'','','','','yes',NULL,NULL,'2022-03-02 06:55:21','2022-03-02 06:55:21'),(2191,112,'created_by','created_by','number','','','','',4,'','','','','',NULL,NULL,'2022-03-02 06:55:21','2022-03-02 06:55:21'),(2192,112,'updated_by','updated_by','number','','','','',5,'','','','','',NULL,NULL,'2022-03-02 06:55:21','2022-03-02 06:55:21'),(2193,112,'updated_at','updated_at','timestamp','','','','',6,'','','','','',NULL,NULL,'2022-03-02 06:55:21','2022-03-02 06:55:21'),(2194,112,'created_at','created_at','timestamp','','','','',7,'','','','','',NULL,NULL,'2022-03-02 06:55:21','2022-03-02 06:55:21'),(2216,116,'id','id','number','','','','yes',1,'','','','','',NULL,NULL,'2022-03-02 06:55:21','2022-03-02 06:55:21'),(2217,116,'option_name','option_name','input','yes','yes','','yes',2,'','','','yes','yes',NULL,NULL,'2022-03-02 06:55:21','2022-03-02 06:55:21'),(2218,116,'user_friendly_name','user_friendly_name','input','yes','yes','yes','yes',3,'','','','yes','yes',NULL,NULL,'2022-03-02 06:55:21','2022-03-02 06:55:21'),(2219,116,'option_value','option_value','editor_wysiwyg','yes','yes','yes','yes',4,'','','','yes','yes',NULL,NULL,'2022-03-02 06:55:21','2022-03-02 06:55:21'),(2220,116,'hide','hide','input','','','','',5,'','','','','',NULL,NULL,'2022-03-02 06:55:21','2022-03-02 06:55:21'),(2221,116,'created_by','created_by','number','','','','',6,'','','','','',NULL,NULL,'2022-03-02 06:55:21','2022-03-02 06:55:21'),(2222,116,'updated_by','updated_by','number','','','','',7,'','','','','',NULL,NULL,'2022-03-02 06:55:21','2022-03-02 06:55:21'),(2223,116,'updated_at','updated_at','timestamp','','','','',8,'','','','','',NULL,NULL,'2022-03-02 06:55:21','2022-03-02 06:55:21'),(2224,116,'created_at','created_at','timestamp','','','','',9,'','','','','',NULL,NULL,'2022-03-02 06:55:21','2022-03-02 06:55:21'),(2261,117,'id','id','number','','','','yes',1,'','','','','',NULL,NULL,'2022-03-05 18:21:02','2022-03-05 18:21:02'),(2262,117,'title','title','input','yes','yes','yes','yes',2,'','','','yes','yes',NULL,NULL,'2022-03-05 18:21:02','2022-03-05 18:21:02'),(2263,117,'content','content','editor_wysiwyg','yes','yes','yes','yes',3,'','','','yes','yes',NULL,NULL,'2022-03-05 18:21:02','2022-03-05 18:21:02'),(2264,117,'image','image','file','yes','yes','yes','yes',4,'','','','yes','yes',NULL,NULL,'2022-03-05 18:21:02','2022-03-05 18:21:02'),(2265,117,'category','category','input','yes','yes','yes','yes',5,'','','','yes','yes',NULL,NULL,'2022-03-05 18:21:02','2022-03-05 18:21:02'),(2266,117,'created_by','created_by','number','','','','',6,'','','','','',NULL,NULL,'2022-03-05 18:21:02','2022-03-05 18:21:02'),(2267,117,'updated_by','updated_by','number','','','','',7,'','','','','',NULL,NULL,'2022-03-05 18:21:02','2022-03-05 18:21:02'),(2268,117,'updated_at','updated_at','datetime','','','','',8,'','','','','',NULL,NULL,'2022-03-05 18:21:02','2022-03-05 18:21:02'),(2269,117,'created_at','created_at','datetime','','','','',9,'','','','','',NULL,NULL,'2022-03-05 18:21:02','2022-03-05 18:21:02');
/*!40000 ALTER TABLE `crud_field` ENABLE KEYS */;
UNLOCK TABLES;

--
-- Table structure for table `crud_field_validation`
--

DROP TABLE IF EXISTS `crud_field_validation`;
/*!40101 SET @saved_cs_client     = @@character_set_client */;
/*!40101 SET character_set_client = utf8 */;
CREATE TABLE `crud_field_validation` (
  `id` int(10) unsigned NOT NULL AUTO_INCREMENT,
  `crud_field_id` int(11) NOT NULL,
  `crud_id` int(11) NOT NULL,
  `validation_name` varchar(200) NOT NULL,
  `validation_value` text NOT NULL,
  `created_by` int(11) DEFAULT NULL,
  `updated_by` int(11) DEFAULT NULL,
  `updated_at` datetime DEFAULT CURRENT_TIMESTAMP ON UPDATE CURRENT_TIMESTAMP,
  `created_at` datetime DEFAULT CURRENT_TIMESTAMP,
  PRIMARY KEY (`id`),
  KEY `crud_field_validation_created_by_index` (`created_by`),
  KEY `crud_field_validation_updated_by_index` (`updated_by`)
) ENGINE=InnoDB AUTO_INCREMENT=3203 DEFAULT CHARSET=utf8;
/*!40101 SET character_set_client = @saved_cs_client */;

--
-- Dumping data for table `crud_field_validation`
--

LOCK TABLES `crud_field_validation` WRITE;
/*!40000 ALTER TABLE `crud_field_validation` DISABLE KEYS */;
INSERT INTO `crud_field_validation` VALUES (1,2,1,'required','',NULL,NULL,'2022-03-02 06:55:21','2022-03-02 06:55:21'),(2,2,1,'max_length','100',NULL,NULL,'2022-03-02 06:55:21','2022-03-02 06:55:21'),(3,3,1,'required','',NULL,NULL,'2022-03-02 06:55:21','2022-03-02 06:55:21'),(4,3,1,'max_length','100',NULL,NULL,'2022-03-02 06:55:21','2022-03-02 06:55:21'),(5,4,2,'in_list','12,13,14',NULL,NULL,'2022-03-02 06:55:21','2022-03-02 06:55:21'),(6,5,2,'required','',NULL,NULL,'2022-03-02 06:55:21','2022-03-02 06:55:21'),(7,5,2,'max_length','100',NULL,NULL,'2022-03-02 06:55:21','2022-03-02 06:55:21'),(8,6,2,'required','',NULL,NULL,'2022-03-02 06:55:21','2022-03-02 06:55:21'),(9,6,2,'max_length','1000',NULL,NULL,'2022-03-02 06:55:21','2022-03-02 06:55:21'),(10,7,2,'required','',NULL,NULL,'2022-03-02 06:55:21','2022-03-02 06:55:21'),(11,7,2,'max_length','20',NULL,NULL,'2022-03-02 06:55:21','2022-03-02 06:55:21'),(12,8,2,'required','',NULL,NULL,'2022-03-02 06:55:21','2022-03-02 06:55:21'),(13,8,2,'max_length','20',NULL,NULL,'2022-03-02 06:55:21','2022-03-02 06:55:21'),(14,9,2,'required','',NULL,NULL,'2022-03-02 06:55:21','2022-03-02 06:55:21'),(15,9,2,'max_length','20',NULL,NULL,'2022-03-02 06:55:21','2022-03-02 06:55:21'),(16,11,3,'required','',NULL,NULL,'2022-03-02 06:55:21','2022-03-02 06:55:21'),(17,11,3,'max_length','100',NULL,NULL,'2022-03-02 06:55:21','2022-03-02 06:55:21'),(18,12,3,'required','',NULL,NULL,'2022-03-02 06:55:21','2022-03-02 06:55:21'),(19,12,3,'max_length','100',NULL,NULL,'2022-03-02 06:55:21','2022-03-02 06:55:21'),(24,17,4,'required','',NULL,NULL,'2022-03-02 06:55:21','2022-03-02 06:55:21'),(25,17,4,'max_length','20',NULL,NULL,'2022-03-02 06:55:21','2022-03-02 06:55:21'),(26,18,4,'required','',NULL,NULL,'2022-03-02 06:55:21','2022-03-02 06:55:21'),(27,18,4,'max_length','20',NULL,NULL,'2022-03-02 06:55:21','2022-03-02 06:55:21'),(28,20,5,'required','',NULL,NULL,'2022-03-02 06:55:21','2022-03-02 06:55:21'),(29,20,5,'max_length','100',NULL,NULL,'2022-03-02 06:55:21','2022-03-02 06:55:21'),(32,24,7,'required','',NULL,NULL,'2022-03-02 06:55:21','2022-03-02 06:55:21'),(33,24,7,'max_length','100',NULL,NULL,'2022-03-02 06:55:21','2022-03-02 06:55:21'),(34,25,7,'required','',NULL,NULL,'2022-03-02 06:55:21','2022-03-02 06:55:21'),(35,25,7,'max_length','1000',NULL,NULL,'2022-03-02 06:55:21','2022-03-02 06:55:21'),(36,26,7,'required','',NULL,NULL,'2022-03-02 06:55:21','2022-03-02 06:55:21'),(37,26,7,'max_length','20',NULL,NULL,'2022-03-02 06:55:21','2022-03-02 06:55:21'),(38,27,7,'required','',NULL,NULL,'2022-03-02 06:55:21','2022-03-02 06:55:21'),(39,27,7,'max_length','20',NULL,NULL,'2022-03-02 06:55:21','2022-03-02 06:55:21'),(40,28,7,'required','',NULL,NULL,'2022-03-02 06:55:21','2022-03-02 06:55:21'),(41,28,7,'max_length','20',NULL,NULL,'2022-03-02 06:55:21','2022-03-02 06:55:21'),(60,48,6,'required','',NULL,NULL,'2022-03-02 06:55:21','2022-03-02 06:55:21'),(61,48,6,'max_length','100',NULL,NULL,'2022-03-02 06:55:21','2022-03-02 06:55:21'),(62,49,6,'required','',NULL,NULL,'2022-03-02 06:55:21','2022-03-02 06:55:21'),(2078,1407,22,'required','',NULL,NULL,'2022-03-02 06:55:21','2022-03-02 06:55:21'),(2079,1407,22,'max_length','20',NULL,NULL,'2022-03-02 06:55:21','2022-03-02 06:55:21'),(2080,1408,22,'required','',NULL,NULL,'2022-03-02 06:55:21','2022-03-02 06:55:21'),(2081,1408,22,'valid_date','',NULL,NULL,'2022-03-02 06:55:21','2022-03-02 06:55:21'),(2082,1409,22,'valid_date','',NULL,NULL,'2022-03-02 06:55:21','2022-03-02 06:55:21'),(2083,1410,22,'max_length','100',NULL,NULL,'2022-03-02 06:55:21','2022-03-02 06:55:21'),(2243,1502,66,'required','',NULL,NULL,'2022-03-02 06:55:21','2022-03-02 06:55:21'),(2244,1502,66,'max_length','100',NULL,NULL,'2022-03-02 06:55:21','2022-03-02 06:55:21'),(2245,1503,66,'required','',NULL,NULL,'2022-03-02 06:55:21','2022-03-02 06:55:21'),(2246,1503,66,'max_length','20',NULL,NULL,'2022-03-02 06:55:21','2022-03-02 06:55:21'),(2247,1504,66,'required','',NULL,NULL,'2022-03-02 06:55:21','2022-03-02 06:55:21'),(2248,1504,66,'max_length','100',NULL,NULL,'2022-03-02 06:55:21','2022-03-02 06:55:21'),(2249,1505,66,'required','',NULL,NULL,'2022-03-02 06:55:21','2022-03-02 06:55:21'),(2250,1505,66,'max_length','11',NULL,NULL,'2022-03-02 06:55:21','2022-03-02 06:55:21'),(2251,1506,66,'required','',NULL,NULL,'2022-03-02 06:55:21','2022-03-02 06:55:21'),(2328,1592,67,'required','',NULL,NULL,'2022-03-02 06:55:21','2022-03-02 06:55:21'),(2329,1592,67,'max_length','100',NULL,NULL,'2022-03-02 06:55:21','2022-03-02 06:55:21'),(2330,1593,67,'required','',NULL,NULL,'2022-03-02 06:55:21','2022-03-02 06:55:21'),(2331,1593,67,'max_length','11',NULL,NULL,'2022-03-02 06:55:21','2022-03-02 06:55:21'),(2359,1618,69,'required','',NULL,NULL,'2022-03-02 06:55:21','2022-03-02 06:55:21'),(2360,1618,69,'max_length','20',NULL,NULL,'2022-03-02 06:55:21','2022-03-02 06:55:21'),(2361,1619,69,'required','',NULL,NULL,'2022-03-02 06:55:21','2022-03-02 06:55:21'),(2362,1619,69,'max_length','100',NULL,NULL,'2022-03-02 06:55:21','2022-03-02 06:55:21'),(2363,1620,69,'required','',NULL,NULL,'2022-03-02 06:55:21','2022-03-02 06:55:21'),(2364,1620,69,'max_length','20',NULL,NULL,'2022-03-02 06:55:21','2022-03-02 06:55:21'),(2365,1621,69,'required','',NULL,NULL,'2022-03-02 06:55:21','2022-03-02 06:55:21'),(2366,1622,69,'required','',NULL,NULL,'2022-03-02 06:55:21','2022-03-02 06:55:21'),(2367,1622,69,'max_length','20',NULL,NULL,'2022-03-02 06:55:21','2022-03-02 06:55:21'),(2368,1623,70,'required','',NULL,NULL,'2022-03-02 06:55:21','2022-03-02 06:55:21'),(2369,1623,70,'max_length','20',NULL,NULL,'2022-03-02 06:55:21','2022-03-02 06:55:21'),(2370,1624,70,'required','',NULL,NULL,'2022-03-02 06:55:21','2022-03-02 06:55:21'),(2371,1624,70,'max_length','100',NULL,NULL,'2022-03-02 06:55:21','2022-03-02 06:55:21'),(2372,1625,70,'required','',NULL,NULL,'2022-03-02 06:55:21','2022-03-02 06:55:21'),(2373,1625,70,'max_length','100',NULL,NULL,'2022-03-02 06:55:21','2022-03-02 06:55:21'),(2374,1626,70,'required','',NULL,NULL,'2022-03-02 06:55:21','2022-03-02 06:55:21'),(2375,1626,70,'max_length','100',NULL,NULL,'2022-03-02 06:55:21','2022-03-02 06:55:21'),(2376,1627,70,'required','',NULL,NULL,'2022-03-02 06:55:21','2022-03-02 06:55:21'),(2377,1628,70,'required','',NULL,NULL,'2022-03-02 06:55:21','2022-03-02 06:55:21'),(2378,1628,70,'max_length','100',NULL,NULL,'2022-03-02 06:55:21','2022-03-02 06:55:21'),(2661,1832,77,'required','',NULL,NULL,'2022-03-02 06:55:21','2022-03-02 06:55:21'),(2662,1833,77,'required','',NULL,NULL,'2022-03-02 06:55:21','2022-03-02 06:55:21'),(2663,1833,77,'max_length','100',NULL,NULL,'2022-03-02 06:55:21','2022-03-02 06:55:21'),(2664,1834,77,'required','',NULL,NULL,'2022-03-02 06:55:21','2022-03-02 06:55:21'),(2665,1834,77,'max_length','100',NULL,NULL,'2022-03-02 06:55:21','2022-03-02 06:55:21'),(2666,1835,77,'required','',NULL,NULL,'2022-03-02 06:55:21','2022-03-02 06:55:21'),(2667,1836,77,'required','',NULL,NULL,'2022-03-02 06:55:21','2022-03-02 06:55:21'),(2668,1836,77,'max_length','9',NULL,NULL,'2022-03-02 06:55:21','2022-03-02 06:55:21'),(2669,1837,77,'required','',NULL,NULL,'2022-03-02 06:55:21','2022-03-02 06:55:21'),(2670,1837,77,'max_length','100',NULL,NULL,'2022-03-02 06:55:21','2022-03-02 06:55:21'),(2671,1839,78,'required','',NULL,NULL,'2022-03-02 06:55:21','2022-03-02 06:55:21'),(2672,1840,78,'required','',NULL,NULL,'2022-03-02 06:55:21','2022-03-02 06:55:21'),(2673,1840,78,'max_length','100',NULL,NULL,'2022-03-02 06:55:21','2022-03-02 06:55:21'),(2674,1841,78,'required','',NULL,NULL,'2022-03-02 06:55:21','2022-03-02 06:55:21'),(2675,1841,78,'max_length','100',NULL,NULL,'2022-03-02 06:55:21','2022-03-02 06:55:21'),(2676,1842,78,'required','',NULL,NULL,'2022-03-02 06:55:21','2022-03-02 06:55:21'),(2677,1843,78,'required','',NULL,NULL,'2022-03-02 06:55:21','2022-03-02 06:55:21'),(2678,1843,78,'max_length','9',NULL,NULL,'2022-03-02 06:55:21','2022-03-02 06:55:21'),(2679,1844,78,'required','',NULL,NULL,'2022-03-02 06:55:21','2022-03-02 06:55:21'),(2680,1844,78,'max_length','100',NULL,NULL,'2022-03-02 06:55:21','2022-03-02 06:55:21'),(2736,1882,85,'required','',NULL,NULL,'2022-03-02 06:55:21','2022-03-02 06:55:21'),(2737,1882,85,'max_length','100',NULL,NULL,'2022-03-02 06:55:21','2022-03-02 06:55:21'),(3096,2189,112,'required','',NULL,NULL,'2022-03-02 06:55:21','2022-03-02 06:55:21'),(3097,2189,112,'max_length','1024',NULL,NULL,'2022-03-02 06:55:21','2022-03-02 06:55:21'),(3098,2190,112,'required','',NULL,NULL,'2022-03-02 06:55:21','2022-03-02 06:55:21'),(3099,2191,112,'required','',NULL,NULL,'2022-03-02 06:55:21','2022-03-02 06:55:21'),(3100,2191,112,'max_length','11',NULL,NULL,'2022-03-02 06:55:21','2022-03-02 06:55:21'),(3101,2192,112,'required','',NULL,NULL,'2022-03-02 06:55:21','2022-03-02 06:55:21'),(3102,2192,112,'max_length','11',NULL,NULL,'2022-03-02 06:55:21','2022-03-02 06:55:21'),(3130,2217,116,'required','',NULL,NULL,'2022-03-02 06:55:21','2022-03-02 06:55:21'),(3131,2217,116,'max_length','200',NULL,NULL,'2022-03-02 06:55:21','2022-03-02 06:55:21'),(3132,2218,116,'required','',NULL,NULL,'2022-03-02 06:55:21','2022-03-02 06:55:21'),(3133,2218,116,'max_length','512',NULL,NULL,'2022-03-02 06:55:21','2022-03-02 06:55:21'),(3134,2219,116,'required','',NULL,NULL,'2022-03-02 06:55:21','2022-03-02 06:55:21'),(3135,2220,116,'required','',NULL,NULL,'2022-03-02 06:55:21','2022-03-02 06:55:21'),(3136,2220,116,'max_length','4',NULL,NULL,'2022-03-02 06:55:21','2022-03-02 06:55:21'),(3137,2221,116,'required','',NULL,NULL,'2022-03-02 06:55:21','2022-03-02 06:55:21'),(3138,2221,116,'max_length','11',NULL,NULL,'2022-03-02 06:55:21','2022-03-02 06:55:21'),(3139,2222,116,'required','',NULL,NULL,'2022-03-02 06:55:21','2022-03-02 06:55:21'),(3140,2222,116,'max_length','11',NULL,NULL,'2022-03-02 06:55:21','2022-03-02 06:55:21'),(3141,2223,116,'required','',NULL,NULL,'2022-03-02 06:55:21','2022-03-02 06:55:21'),(3142,2224,116,'required','',NULL,NULL,'2022-03-02 06:55:21','2022-03-02 06:55:21'),(3191,2262,117,'required','',NULL,NULL,'2022-03-05 18:21:02','2022-03-05 18:21:02'),(3192,2262,117,'max_length','200',NULL,NULL,'2022-03-05 18:21:02','2022-03-05 18:21:02'),(3193,2263,117,'required','',NULL,NULL,'2022-03-05 18:21:02','2022-03-05 18:21:02'),(3194,2264,117,'required','',NULL,NULL,'2022-03-05 18:21:02','2022-03-05 18:21:02'),(3195,2265,117,'required','',NULL,NULL,'2022-03-05 18:21:02','2022-03-05 18:21:02'),(3196,2265,117,'max_length','200',NULL,NULL,'2022-03-05 18:21:02','2022-03-05 18:21:02'),(3197,2266,117,'required','',NULL,NULL,'2022-03-05 18:21:02','2022-03-05 18:21:02'),(3198,2266,117,'max_length','11',NULL,NULL,'2022-03-05 18:21:02','2022-03-05 18:21:02'),(3199,2267,117,'required','',NULL,NULL,'2022-03-05 18:21:02','2022-03-05 18:21:02'),(3200,2267,117,'max_length','11',NULL,NULL,'2022-03-05 18:21:02','2022-03-05 18:21:02'),(3201,2268,117,'required','',NULL,NULL,'2022-03-05 18:21:02','2022-03-05 18:21:02'),(3202,2269,117,'required','',NULL,NULL,'2022-03-05 18:21:02','2022-03-05 18:21:02');
/*!40000 ALTER TABLE `crud_field_validation` ENABLE KEYS */;
UNLOCK TABLES;

--
-- Table structure for table `crud_input_type`
--

DROP TABLE IF EXISTS `crud_input_type`;
/*!40101 SET @saved_cs_client     = @@character_set_client */;
/*!40101 SET character_set_client = utf8 */;
CREATE TABLE `crud_input_type` (
  `id` int(10) unsigned NOT NULL AUTO_INCREMENT,
  `type` varchar(200) NOT NULL,
  `relation` varchar(20) NOT NULL,
  `custom_value` int(11) NOT NULL,
  `validation_group` varchar(200) NOT NULL,
  `created_by` int(11) DEFAULT NULL,
  `updated_by` int(11) DEFAULT NULL,
  `updated_at` datetime DEFAULT CURRENT_TIMESTAMP ON UPDATE CURRENT_TIMESTAMP,
  `created_at` datetime DEFAULT CURRENT_TIMESTAMP,
  PRIMARY KEY (`id`),
  KEY `crud_input_type_created_by_index` (`created_by`),
  KEY `crud_input_type_updated_by_index` (`updated_by`)
) ENGINE=InnoDB AUTO_INCREMENT=27 DEFAULT CHARSET=utf8;
/*!40101 SET character_set_client = @saved_cs_client */;

--
-- Dumping data for table `crud_input_type`
--

LOCK TABLES `crud_input_type` WRITE;
/*!40000 ALTER TABLE `crud_input_type` DISABLE KEYS */;
INSERT INTO `crud_input_type` VALUES (1,'input','0',0,'input',NULL,NULL,'2022-03-02 06:55:21','2022-03-02 06:55:21'),(2,'textarea','0',0,'text',NULL,NULL,'2022-03-02 06:55:21','2022-03-02 06:55:21'),(3,'select','1',0,'select',NULL,NULL,'2022-03-02 06:55:21','2022-03-02 06:55:21'),(4,'editor_wysiwyg','0',0,'editor',NULL,NULL,'2022-03-02 06:55:21','2022-03-02 06:55:21'),(5,'password','0',0,'password',NULL,NULL,'2022-03-02 06:55:21','2022-03-02 06:55:21'),(6,'email','0',0,'email',NULL,NULL,'2022-03-02 06:55:21','2022-03-02 06:55:21'),(7,'address_map','0',0,'address_map',NULL,NULL,'2022-03-02 06:55:21','2022-03-02 06:55:21'),(8,'file','0',0,'file',NULL,NULL,'2022-03-02 06:55:21','2022-03-02 06:55:21'),(9,'file_multiple','0',0,'file_multiple',NULL,NULL,'2022-03-02 06:55:21','2022-03-02 06:55:21'),(10,'datetime','0',0,'datetime',NULL,NULL,'2022-03-02 06:55:21','2022-03-02 06:55:21'),(11,'date','0',0,'date',NULL,NULL,'2022-03-02 06:55:21','2022-03-02 06:55:21'),(12,'timestamp','0',0,'timestamp',NULL,NULL,'2022-03-02 06:55:21','2022-03-02 06:55:21'),(13,'number','0',0,'number',NULL,NULL,'2022-03-02 06:55:21','2022-03-02 06:55:21'),(14,'yes_no','0',0,'yes_no',NULL,NULL,'2022-03-02 06:55:21','2022-03-02 06:55:21'),(15,'time','0',0,'time',NULL,NULL,'2022-03-02 06:55:21','2022-03-02 06:55:21'),(16,'year','0',0,'year',NULL,NULL,'2022-03-02 06:55:21','2022-03-02 06:55:21'),(17,'select_multiple','1',0,'select_multiple',NULL,NULL,'2022-03-02 06:55:21','2022-03-02 06:55:21'),(18,'checkboxes','1',0,'checkboxes',NULL,NULL,'2022-03-02 06:55:21','2022-03-02 06:55:21'),(19,'options','1',0,'options',NULL,NULL,'2022-03-02 06:55:21','2022-03-02 06:55:21'),(20,'true_false','0',0,'true_false',NULL,NULL,'2022-03-02 06:55:21','2022-03-02 06:55:21'),(21,'current_user_username','0',0,'user_username',NULL,NULL,'2022-03-02 06:55:21','2022-03-02 06:55:21'),(22,'current_user_id','0',0,'current_user_id',NULL,NULL,'2022-03-02 06:55:21','2022-03-02 06:55:21'),(23,'custom_option','0',1,'custom_option',NULL,NULL,'2022-03-02 06:55:21','2022-03-02 06:55:21'),(24,'custom_checkbox','0',1,'custom_checkbox',NULL,NULL,'2022-03-02 06:55:21','2022-03-02 06:55:21'),(25,'custom_select_multiple','0',1,'custom_select_multiple',NULL,NULL,'2022-03-02 06:55:21','2022-03-02 06:55:21'),(26,'custom_select','0',1,'custom_select',NULL,NULL,'2022-03-02 06:55:21','2022-03-02 06:55:21');
/*!40000 ALTER TABLE `crud_input_type` ENABLE KEYS */;
UNLOCK TABLES;

--
-- Table structure for table `crud_input_validation`
--

DROP TABLE IF EXISTS `crud_input_validation`;
/*!40101 SET @saved_cs_client     = @@character_set_client */;
/*!40101 SET character_set_client = utf8 */;
CREATE TABLE `crud_input_validation` (
  `id` int(10) unsigned NOT NULL AUTO_INCREMENT,
  `validation` varchar(200) NOT NULL,
  `input_able` varchar(20) NOT NULL,
  `group_input` text NOT NULL,
  `input_placeholder` text NOT NULL,
  `call_back` varchar(10) NOT NULL,
  `input_validation` text NOT NULL,
  `created_by` int(11) DEFAULT NULL,
  `updated_by` int(11) DEFAULT NULL,
  `updated_at` datetime DEFAULT CURRENT_TIMESTAMP ON UPDATE CURRENT_TIMESTAMP,
  `created_at` datetime DEFAULT CURRENT_TIMESTAMP,
  PRIMARY KEY (`id`),
  KEY `crud_input_validation_created_by_index` (`created_by`),
  KEY `crud_input_validation_updated_by_index` (`updated_by`)
) ENGINE=InnoDB AUTO_INCREMENT=38 DEFAULT CHARSET=utf8;
/*!40101 SET character_set_client = @saved_cs_client */;

--
-- Dumping data for table `crud_input_validation`
--

LOCK TABLES `crud_input_validation` WRITE;
/*!40000 ALTER TABLE `crud_input_validation` DISABLE KEYS */;
INSERT INTO `crud_input_validation` VALUES (1,'required','no','input, file, number, text, datetime, select, password, email, editor, date, yes_no, time, year, select_multiple, options, checkboxes, true_false, address_map, custom_option, custom_checkbox, custom_select_multiple, custom_select, file_multiple','','','',NULL,NULL,'2022-03-02 06:55:21','2022-03-02 06:55:21'),(2,'max_length','yes','input, number, text, select, password, email, editor, yes_no, time, year, select_multiple, options, checkboxes, address_map','','','numeric',NULL,NULL,'2022-03-02 06:55:21','2022-03-02 06:55:21'),(3,'min_length','yes','input, number, text, select, password, email, editor, time, year, select_multiple, address_map','','','numeric',NULL,NULL,'2022-03-02 06:55:21','2022-03-02 06:55:21'),(4,'valid_email','no','input, email','','','',NULL,NULL,'2022-03-02 06:55:21','2022-03-02 06:55:21'),(5,'valid_emails','no','input, email','','','',NULL,NULL,'2022-03-02 06:55:21','2022-03-02 06:55:21'),(6,'regex','yes','input, number, text, datetime, select, password, email, editor, date, yes_no, time, year, select_multiple, options, checkboxes','','yes','callback_valid_regex',NULL,NULL,'2022-03-02 06:55:21','2022-03-02 06:55:21'),(7,'decimal','no','input, number, text, select','','','',NULL,NULL,'2022-03-02 06:55:21','2022-03-02 06:55:21'),(8,'allowed_extension','yes','file, file_multiple','ex : jpg,png,..','','callback_valid_extension_list',NULL,NULL,'2022-03-02 06:55:21','2022-03-02 06:55:21'),(9,'max_width','yes','file, file_multiple','','','numeric',NULL,NULL,'2022-03-02 06:55:21','2022-03-02 06:55:21'),(10,'max_height','yes','file, file_multiple','','','numeric',NULL,NULL,'2022-03-02 06:55:21','2022-03-02 06:55:21'),(11,'max_size','yes','file, file_multiple','... kb','','numeric',NULL,NULL,'2022-03-02 06:55:21','2022-03-02 06:55:21'),(12,'max_item','yes','file_multiple','','','numeric',NULL,NULL,'2022-03-02 06:55:21','2022-03-02 06:55:21'),(13,'valid_url','no','input, text','','','',NULL,NULL,'2022-03-02 06:55:21','2022-03-02 06:55:21'),(14,'alpha','no','input, text, select, password, editor, yes_no','','','',NULL,NULL,'2022-03-02 06:55:21','2022-03-02 06:55:21'),(15,'alpha_numeric','no','input, number, text, select, password, editor','','','',NULL,NULL,'2022-03-02 06:55:21','2022-03-02 06:55:21'),(16,'alpha_numeric_spaces','no','input, number, text,select, password, editor','','','',NULL,NULL,'2022-03-02 06:55:21','2022-03-02 06:55:21'),(17,'valid_number','no','input, number, text, password, editor, true_false','','yes','',NULL,NULL,'2022-03-02 06:55:21','2022-03-02 06:55:21'),(18,'valid_datetime','no','input, datetime, text','','yes','',NULL,NULL,'2022-03-02 06:55:21','2022-03-02 06:55:21'),(19,'valid_date','no','input, datetime, date, text','','yes','',NULL,NULL,'2022-03-02 06:55:21','2022-03-02 06:55:21'),(20,'valid_max_selected_option','yes','select_multiple, custom_select_multiple, custom_checkbox, checkboxes','','yes','numeric',NULL,NULL,'2022-03-02 06:55:21','2022-03-02 06:55:21'),(21,'valid_min_selected_option','yes','select_multiple, custom_select_multiple, custom_checkbox, checkboxes','','yes','numeric',NULL,NULL,'2022-03-02 06:55:21','2022-03-02 06:55:21'),(22,'valid_alpha_numeric_spaces_underscores','no','input, text,select, password, editor','','yes','',NULL,NULL,'2022-03-02 06:55:21','2022-03-02 06:55:21'),(23,'matches','yes','input, number, text, password, email','any field','no','callback_valid_alpha_numeric_spaces_underscores',NULL,NULL,'2022-03-02 06:55:21','2022-03-02 06:55:21'),(24,'valid_json','no','input, text, editor','','yes',' ',NULL,NULL,'2022-03-02 06:55:21','2022-03-02 06:55:21'),(25,'valid_url','no','input, text, editor','','no',' ',NULL,NULL,'2022-03-02 06:55:21','2022-03-02 06:55:21'),(26,'exact_length','yes','input, text, number','0 - 99999*','no','numeric',NULL,NULL,'2022-03-02 06:55:21','2022-03-02 06:55:21'),(27,'alpha_dash','no','input, text','','no','',NULL,NULL,'2022-03-02 06:55:21','2022-03-02 06:55:21'),(28,'integer','no','input, text, number','','no','',NULL,NULL,'2022-03-02 06:55:21','2022-03-02 06:55:21'),(29,'differs','yes','input, text, number, email, password, editor, options, select','any field','no','callback_valid_alpha_numeric_spaces_underscores',NULL,NULL,'2022-03-02 06:55:21','2022-03-02 06:55:21'),(30,'is_natural','no','input, text, number','','no','',NULL,NULL,'2022-03-02 06:55:21','2022-03-02 06:55:21'),(31,'is_natural_no_zero','no','input, text, number','','no','',NULL,NULL,'2022-03-02 06:55:21','2022-03-02 06:55:21'),(32,'less_than','yes','input, text, number','','no','numeric',NULL,NULL,'2022-03-02 06:55:21','2022-03-02 06:55:21'),(33,'less_than_equal_to','yes','input, text, number','','no','numeric',NULL,NULL,'2022-03-02 06:55:21','2022-03-02 06:55:21'),(34,'greater_than','yes','input, text, number','','no','numeric',NULL,NULL,'2022-03-02 06:55:21','2022-03-02 06:55:21'),(35,'greater_than_equal_to','yes','input, text, number','','no','numeric',NULL,NULL,'2022-03-02 06:55:21','2022-03-02 06:55:21'),(36,'in_list','yes','input, text, number, select, options','','no','callback_valid_multiple_value',NULL,NULL,'2022-03-02 06:55:21','2022-03-02 06:55:21'),(37,'valid_ip','no','input, text','','no','',NULL,NULL,'2022-03-02 06:55:21','2022-03-02 06:55:21');
/*!40000 ALTER TABLE `crud_input_validation` ENABLE KEYS */;
UNLOCK TABLES;

--
-- Table structure for table `crud_nav_menu`
--

DROP TABLE IF EXISTS `crud_nav_menu`;
/*!40101 SET @saved_cs_client     = @@character_set_client */;
/*!40101 SET character_set_client = utf8 */;
CREATE TABLE `crud_nav_menu` (
  `id` int(11) NOT NULL AUTO_INCREMENT,
  `crud_id` int(11) NOT NULL,
  `nav_menu_name` varchar(100) NOT NULL,
  `nav_menu_link` varchar(1024) NOT NULL DEFAULT '#',
  `link_column` varchar(100) DEFAULT NULL,
  `show_list` varchar(10) DEFAULT NULL,
  `show_view` varchar(10) DEFAULT NULL,
  `show_edit` varchar(10) DEFAULT NULL,
  `show_add` varchar(10) DEFAULT NULL,
  `is_active` tinyint(1) NOT NULL DEFAULT '0',
  `sort` int(11) NOT NULL,
  `created_by` int(11) DEFAULT NULL,
  `updated_by` int(11) DEFAULT NULL,
  `updated_at` datetime DEFAULT CURRENT_TIMESTAMP ON UPDATE CURRENT_TIMESTAMP,
  `created_at` datetime DEFAULT CURRENT_TIMESTAMP,
  PRIMARY KEY (`id`),
  KEY `crud_nav_menu_created_by_index` (`created_by`),
  KEY `crud_nav_menu_updated_by_index` (`updated_by`)
) ENGINE=InnoDB DEFAULT CHARSET=latin1;
/*!40101 SET character_set_client = @saved_cs_client */;

--
-- Dumping data for table `crud_nav_menu`
--

LOCK TABLES `crud_nav_menu` WRITE;
/*!40000 ALTER TABLE `crud_nav_menu` DISABLE KEYS */;
/*!40000 ALTER TABLE `crud_nav_menu` ENABLE KEYS */;
UNLOCK TABLES;

--
-- Table structure for table `form`
--

DROP TABLE IF EXISTS `form`;
/*!40101 SET @saved_cs_client     = @@character_set_client */;
/*!40101 SET character_set_client = utf8 */;
CREATE TABLE `form` (
  `id` int(10) unsigned NOT NULL AUTO_INCREMENT,
  `title` varchar(200) NOT NULL,
  `subject` varchar(200) NOT NULL,
  `table_name` varchar(200) NOT NULL,
  `created_by` int(11) DEFAULT NULL,
  `updated_by` int(11) DEFAULT NULL,
  `updated_at` datetime DEFAULT CURRENT_TIMESTAMP ON UPDATE CURRENT_TIMESTAMP,
  `created_at` datetime DEFAULT CURRENT_TIMESTAMP,
  PRIMARY KEY (`id`),
  KEY `form_created_by_index` (`created_by`),
  KEY `form_updated_by_index` (`updated_by`)
) ENGINE=InnoDB DEFAULT CHARSET=utf8;
/*!40101 SET character_set_client = @saved_cs_client */;

--
-- Dumping data for table `form`
--

LOCK TABLES `form` WRITE;
/*!40000 ALTER TABLE `form` DISABLE KEYS */;
/*!40000 ALTER TABLE `form` ENABLE KEYS */;
UNLOCK TABLES;

--
-- Table structure for table `form_custom_attribute`
--

DROP TABLE IF EXISTS `form_custom_attribute`;
/*!40101 SET @saved_cs_client     = @@character_set_client */;
/*!40101 SET character_set_client = utf8 */;
CREATE TABLE `form_custom_attribute` (
  `id` int(10) unsigned NOT NULL AUTO_INCREMENT,
  `form_field_id` int(11) NOT NULL,
  `form_id` int(11) NOT NULL,
  `attribute_value` text NOT NULL,
  `attribute_label` text NOT NULL,
  `created_by` int(11) DEFAULT NULL,
  `updated_by` int(11) DEFAULT NULL,
  `updated_at` datetime DEFAULT CURRENT_TIMESTAMP ON UPDATE CURRENT_TIMESTAMP,
  `created_at` datetime DEFAULT CURRENT_TIMESTAMP,
  PRIMARY KEY (`id`),
  KEY `form_custom_attribute_created_by_index` (`created_by`),
  KEY `form_custom_attribute_updated_by_index` (`updated_by`)
) ENGINE=InnoDB DEFAULT CHARSET=utf8;
/*!40101 SET character_set_client = @saved_cs_client */;

--
-- Dumping data for table `form_custom_attribute`
--

LOCK TABLES `form_custom_attribute` WRITE;
/*!40000 ALTER TABLE `form_custom_attribute` DISABLE KEYS */;
/*!40000 ALTER TABLE `form_custom_attribute` ENABLE KEYS */;
UNLOCK TABLES;

--
-- Table structure for table `form_custom_option`
--

DROP TABLE IF EXISTS `form_custom_option`;
/*!40101 SET @saved_cs_client     = @@character_set_client */;
/*!40101 SET character_set_client = utf8 */;
CREATE TABLE `form_custom_option` (
  `id` int(10) unsigned NOT NULL AUTO_INCREMENT,
  `form_field_id` int(11) NOT NULL,
  `form_id` int(11) NOT NULL,
  `option_value` text NOT NULL,
  `option_label` text NOT NULL,
  `created_by` int(11) DEFAULT NULL,
  `updated_by` int(11) DEFAULT NULL,
  `updated_at` datetime DEFAULT CURRENT_TIMESTAMP ON UPDATE CURRENT_TIMESTAMP,
  `created_at` datetime DEFAULT CURRENT_TIMESTAMP,
  PRIMARY KEY (`id`),
  KEY `form_custom_option_created_by_index` (`created_by`),
  KEY `form_custom_option_updated_by_index` (`updated_by`)
) ENGINE=InnoDB DEFAULT CHARSET=utf8;
/*!40101 SET character_set_client = @saved_cs_client */;

--
-- Dumping data for table `form_custom_option`
--

LOCK TABLES `form_custom_option` WRITE;
/*!40000 ALTER TABLE `form_custom_option` DISABLE KEYS */;
/*!40000 ALTER TABLE `form_custom_option` ENABLE KEYS */;
UNLOCK TABLES;

--
-- Table structure for table `form_field`
--

DROP TABLE IF EXISTS `form_field`;
/*!40101 SET @saved_cs_client     = @@character_set_client */;
/*!40101 SET character_set_client = utf8 */;
CREATE TABLE `form_field` (
  `id` int(10) unsigned NOT NULL AUTO_INCREMENT,
  `form_id` int(11) NOT NULL,
  `sort` int(11) NOT NULL,
  `field_name` varchar(200) NOT NULL,
  `input_type` varchar(200) NOT NULL,
  `field_label` varchar(200) DEFAULT NULL,
  `placeholder` text,
  `auto_generate_help_block` varchar(10) DEFAULT NULL,
  `help_block` text,
  `relation_table` varchar(200) DEFAULT NULL,
  `relation_value` varchar(200) DEFAULT NULL,
  `relation_label` varchar(200) DEFAULT NULL,
  `created_by` int(11) DEFAULT NULL,
  `updated_by` int(11) DEFAULT NULL,
  `updated_at` datetime DEFAULT CURRENT_TIMESTAMP ON UPDATE CURRENT_TIMESTAMP,
  `created_at` datetime DEFAULT CURRENT_TIMESTAMP,
  PRIMARY KEY (`id`),
  KEY `form_field_created_by_index` (`created_by`),
  KEY `form_field_updated_by_index` (`updated_by`)
) ENGINE=InnoDB DEFAULT CHARSET=utf8;
/*!40101 SET character_set_client = @saved_cs_client */;

--
-- Dumping data for table `form_field`
--

LOCK TABLES `form_field` WRITE;
/*!40000 ALTER TABLE `form_field` DISABLE KEYS */;
/*!40000 ALTER TABLE `form_field` ENABLE KEYS */;
UNLOCK TABLES;

--
-- Table structure for table `form_field_validation`
--

DROP TABLE IF EXISTS `form_field_validation`;
/*!40101 SET @saved_cs_client     = @@character_set_client */;
/*!40101 SET character_set_client = utf8 */;
CREATE TABLE `form_field_validation` (
  `id` int(10) unsigned NOT NULL AUTO_INCREMENT,
  `form_field_id` int(11) NOT NULL,
  `form_id` int(11) NOT NULL,
  `validation_name` varchar(200) NOT NULL,
  `validation_value` text NOT NULL,
  `created_by` int(11) DEFAULT NULL,
  `updated_by` int(11) DEFAULT NULL,
  `updated_at` datetime DEFAULT CURRENT_TIMESTAMP ON UPDATE CURRENT_TIMESTAMP,
  `created_at` datetime DEFAULT CURRENT_TIMESTAMP,
  PRIMARY KEY (`id`),
  KEY `form_field_validation_created_by_index` (`created_by`),
  KEY `form_field_validation_updated_by_index` (`updated_by`)
) ENGINE=InnoDB DEFAULT CHARSET=utf8;
/*!40101 SET character_set_client = @saved_cs_client */;

--
-- Dumping data for table `form_field_validation`
--

LOCK TABLES `form_field_validation` WRITE;
/*!40000 ALTER TABLE `form_field_validation` DISABLE KEYS */;
/*!40000 ALTER TABLE `form_field_validation` ENABLE KEYS */;
UNLOCK TABLES;

--
-- Table structure for table `keys`
--

DROP TABLE IF EXISTS `keys`;
/*!40101 SET @saved_cs_client     = @@character_set_client */;
/*!40101 SET character_set_client = utf8 */;
CREATE TABLE `keys` (
  `id` int(10) unsigned NOT NULL AUTO_INCREMENT,
  `user_id` int(11) NOT NULL,
  `key` varchar(40) NOT NULL,
  `level` int(11) NOT NULL,
  `ignore_limits` tinyint(1) NOT NULL,
  `is_private_key` tinyint(1) NOT NULL,
  `ip_addresses` text,
  `date_created` timestamp NOT NULL DEFAULT CURRENT_TIMESTAMP ON UPDATE CURRENT_TIMESTAMP,
  `created_by` int(11) DEFAULT NULL,
  `updated_by` int(11) DEFAULT NULL,
  `updated_at` datetime DEFAULT CURRENT_TIMESTAMP ON UPDATE CURRENT_TIMESTAMP,
  `created_at` datetime DEFAULT CURRENT_TIMESTAMP,
  PRIMARY KEY (`id`),
  KEY `keys_created_by_index` (`created_by`),
  KEY `keys_updated_by_index` (`updated_by`)
) ENGINE=InnoDB AUTO_INCREMENT=2 DEFAULT CHARSET=utf8;
/*!40101 SET character_set_client = @saved_cs_client */;

--
-- Dumping data for table `keys`
--

LOCK TABLES `keys` WRITE;
/*!40000 ALTER TABLE `keys` DISABLE KEYS */;
INSERT INTO `keys` VALUES (1,0,'632F2EC9771B6C4C0BDF30BE21D9009B',0,0,0,NULL,'2018-08-25 06:26:32',NULL,NULL,'2022-03-02 06:55:22','2022-03-02 06:55:22');
/*!40000 ALTER TABLE `keys` ENABLE KEYS */;
UNLOCK TABLES;

--
-- Table structure for table `menu`
--

DROP TABLE IF EXISTS `menu`;
/*!40101 SET @saved_cs_client     = @@character_set_client */;
/*!40101 SET character_set_client = utf8 */;
CREATE TABLE `menu` (
  `id` int(10) unsigned NOT NULL AUTO_INCREMENT,
  `label` varchar(200) DEFAULT NULL,
  `type` varchar(200) DEFAULT NULL,
  `icon_color` varchar(200) DEFAULT NULL,
  `link` varchar(200) DEFAULT NULL,
  `sort` int(11) NOT NULL,
  `parent` int(11) NOT NULL,
  `icon` varchar(50) DEFAULT NULL,
  `menu_type_id` int(11) NOT NULL,
  `active` int(11) NOT NULL,
  `created_by` int(11) DEFAULT NULL,
  `updated_by` int(11) DEFAULT NULL,
  `updated_at` datetime DEFAULT CURRENT_TIMESTAMP ON UPDATE CURRENT_TIMESTAMP,
  `created_at` datetime DEFAULT CURRENT_TIMESTAMP,
  PRIMARY KEY (`id`),
  KEY `menu_created_by_index` (`created_by`),
  KEY `menu_updated_by_index` (`updated_by`)
) ENGINE=InnoDB AUTO_INCREMENT=159 DEFAULT CHARSET=utf8;
/*!40101 SET character_set_client = @saved_cs_client */;

--
-- Dumping data for table `menu`
--

LOCK TABLES `menu` WRITE;
/*!40000 ALTER TABLE `menu` DISABLE KEYS */;
INSERT INTO `menu` VALUES (1,'MAIN NAVIGATION','label','','administrator/dashboard',1,0,'',1,1,NULL,NULL,'2022-03-02 06:55:22','2022-03-02 06:55:22'),(2,'Dashboard','menu','','administrator/dashboard',2,0,'fa-dashboard',1,1,NULL,NULL,'2022-03-02 06:55:22','2022-03-02 06:55:22'),(7,'Menu','menu','default','administrator/menu',15,8,'fa-bars',1,1,NULL,1,'2022-03-02 06:55:22','2022-03-02 06:55:22'),(8,'Auth','menu','','',11,0,'fa-shield',1,1,NULL,NULL,'2022-03-02 06:55:22','2022-03-02 06:55:22'),(9,'User','menu','','administrator/user',12,8,'',1,1,NULL,NULL,'2022-03-02 06:55:22','2022-03-02 06:55:22'),(10,'Groups','menu','','administrator/group',13,8,'',1,1,NULL,NULL,'2022-03-02 06:55:22','2022-03-02 06:55:22'),(11,'Access','menu','','administrator/access',14,8,'',1,1,NULL,1,'2022-03-02 06:55:22','2022-03-02 06:55:22'),(12,'Permission','menu','','administrator/permission',16,8,'',1,1,NULL,1,'2022-03-02 06:55:22','2022-03-02 06:55:22'),(15,'OTHER','label','','',18,0,'',1,1,NULL,NULL,'2022-03-02 06:55:22','2022-03-02 06:55:22'),(16,'Settings','menu','text-red','administrator/setting',19,0,'fa-circle-o',1,1,NULL,1,'2022-03-02 06:55:22','2022-03-02 06:55:22'),(19,'Home','menu','','/',1,0,'',2,1,NULL,NULL,'2022-03-02 06:55:22','2022-03-02 06:55:22'),(22,'Dashboard','menu','','administrator/dashboard',4,0,'',2,1,NULL,NULL,'2022-03-02 06:55:22','2022-03-02 06:55:22'),(135,'Reports','menu','default','administrator/report_master',9,0,'fa-file-excel-o',1,1,1,NULL,'2022-03-02 06:55:22','2022-03-02 06:55:22'),(141,'API','menu','text-yellow','administrator/doc/api',22,0,'fa-circle-o',1,1,1,NULL,'2022-03-02 06:55:22','2022-03-02 06:55:22'),(142,'API Keys','menu','default','administrator/keys',17,8,'',1,1,1,NULL,'2022-03-02 06:55:22','2022-03-02 06:55:22'),(144,'Auto Generators','menu','default','#',3,0,'fa-home',1,1,1,NULL,'2022-03-02 06:55:22','2022-03-02 06:55:22'),(145,'CRUD','menu','default','administrator/crud',4,144,'',1,1,1,NULL,'2022-03-02 06:55:22','2022-03-02 06:55:22'),(146,'REST','menu','default','administrator/rest',5,144,'',1,1,1,NULL,'2022-03-02 06:55:22','2022-03-02 06:55:22'),(147,'Page','menu','default','administrator/page',7,144,'',1,1,1,NULL,'2022-03-02 06:55:22','2022-03-02 06:55:22'),(148,'Form','menu','default','administrator/form',8,144,'',1,1,1,NULL,'2022-03-02 06:55:22','2022-03-02 06:55:22'),(149,'Report Generator','menu','default','administrator/report_web',6,144,'',1,1,1,NULL,'2022-03-02 06:55:22','2022-03-02 06:55:22'),(150,'For Testing','menu','default','#',10,0,'fa-book',1,1,1,NULL,'2022-03-02 06:55:22','2022-03-02 06:55:22'),(157,'Static Pages','menu','text-blue','administrator/static_pages',21,0,'fa-circle-o',1,1,1,1,'2022-03-02 06:55:22','2022-03-02 06:55:22'),(158,'Additional Configuration','menu','text-green','administrator/cc_options',20,0,'fa-circle-o',1,1,1,NULL,'2022-03-02 06:55:22','2022-03-02 06:55:22');
/*!40000 ALTER TABLE `menu` ENABLE KEYS */;
UNLOCK TABLES;

--
-- Table structure for table `menu_type`
--

DROP TABLE IF EXISTS `menu_type`;
/*!40101 SET @saved_cs_client     = @@character_set_client */;
/*!40101 SET character_set_client = utf8 */;
CREATE TABLE `menu_type` (
  `id` int(10) unsigned NOT NULL AUTO_INCREMENT,
  `name` varchar(200) NOT NULL,
  `definition` text,
  `created_by` int(11) DEFAULT NULL,
  `updated_by` int(11) DEFAULT NULL,
  `updated_at` datetime DEFAULT CURRENT_TIMESTAMP ON UPDATE CURRENT_TIMESTAMP,
  `created_at` datetime DEFAULT CURRENT_TIMESTAMP,
  PRIMARY KEY (`id`),
  KEY `menu_type_created_by_index` (`created_by`),
  KEY `menu_type_updated_by_index` (`updated_by`)
) ENGINE=InnoDB AUTO_INCREMENT=3 DEFAULT CHARSET=utf8;
/*!40101 SET character_set_client = @saved_cs_client */;

--
-- Dumping data for table `menu_type`
--

LOCK TABLES `menu_type` WRITE;
/*!40000 ALTER TABLE `menu_type` DISABLE KEYS */;
INSERT INTO `menu_type` VALUES (1,'side menu',NULL,NULL,NULL,'2022-03-02 06:55:22','2022-03-02 06:55:22'),(2,'top menu',NULL,NULL,NULL,'2022-03-02 06:55:22','2022-03-02 06:55:22');
/*!40000 ALTER TABLE `menu_type` ENABLE KEYS */;
UNLOCK TABLES;

--
-- Table structure for table `migrations`
--

DROP TABLE IF EXISTS `migrations`;
/*!40101 SET @saved_cs_client     = @@character_set_client */;
/*!40101 SET character_set_client = utf8 */;
CREATE TABLE `migrations` (
  `version` bigint(20) NOT NULL,
  `created_by` int(11) DEFAULT NULL,
  `updated_by` int(11) DEFAULT NULL,
  `updated_at` datetime DEFAULT CURRENT_TIMESTAMP ON UPDATE CURRENT_TIMESTAMP,
  `created_at` datetime DEFAULT CURRENT_TIMESTAMP,
  KEY `migrations_created_by_index` (`created_by`),
  KEY `migrations_updated_by_index` (`updated_by`)
) ENGINE=InnoDB DEFAULT CHARSET=utf8;
/*!40101 SET character_set_client = @saved_cs_client */;

--
-- Dumping data for table `migrations`
--

LOCK TABLES `migrations` WRITE;
/*!40000 ALTER TABLE `migrations` DISABLE KEYS */;
INSERT INTO `migrations` VALUES (1,NULL,NULL,'2022-03-02 06:55:22','2022-03-02 06:55:22');
/*!40000 ALTER TABLE `migrations` ENABLE KEYS */;
UNLOCK TABLES;

--
-- Table structure for table `mobile_otp`
--

DROP TABLE IF EXISTS `mobile_otp`;
/*!40101 SET @saved_cs_client     = @@character_set_client */;
/*!40101 SET character_set_client = utf8 */;
CREATE TABLE `mobile_otp` (
  `id` int(11) NOT NULL AUTO_INCREMENT,
  `mobile_no` varchar(20) NOT NULL,
  `otp` varchar(540) NOT NULL,
  `created_by` int(11) DEFAULT NULL,
  `updated_by` int(11) DEFAULT NULL,
  `updated_at` datetime DEFAULT CURRENT_TIMESTAMP ON UPDATE CURRENT_TIMESTAMP,
  `created_at` datetime DEFAULT CURRENT_TIMESTAMP,
  PRIMARY KEY (`id`),
  KEY `mobile_no` (`mobile_no`),
  KEY `mobile_otp_created_by_index` (`created_by`),
  KEY `mobile_otp_updated_by_index` (`updated_by`)
) ENGINE=InnoDB AUTO_INCREMENT=55 DEFAULT CHARSET=latin1;
/*!40101 SET character_set_client = @saved_cs_client */;

--
-- Dumping data for table `mobile_otp`
--

LOCK TABLES `mobile_otp` WRITE;
/*!40000 ALTER TABLE `mobile_otp` DISABLE KEYS */;
/*!40000 ALTER TABLE `mobile_otp` ENABLE KEYS */;
UNLOCK TABLES;

--
-- Table structure for table `page`
--

DROP TABLE IF EXISTS `page`;
/*!40101 SET @saved_cs_client     = @@character_set_client */;
/*!40101 SET character_set_client = utf8 */;
CREATE TABLE `page` (
  `id` int(10) unsigned NOT NULL AUTO_INCREMENT,
  `title` varchar(200) NOT NULL,
  `type` varchar(200) NOT NULL,
  `content` text NOT NULL,
  `fresh_content` text NOT NULL,
  `keyword` text,
  `description` text,
  `link` varchar(200) DEFAULT NULL,
  `template` varchar(200) DEFAULT NULL,
  `created_by` int(11) DEFAULT NULL,
  `updated_by` int(11) DEFAULT NULL,
  `updated_at` datetime DEFAULT CURRENT_TIMESTAMP ON UPDATE CURRENT_TIMESTAMP,
  `created_at` datetime DEFAULT CURRENT_TIMESTAMP,
  PRIMARY KEY (`id`),
  KEY `page_created_by_index` (`created_by`),
  KEY `page_updated_by_index` (`updated_by`)
) ENGINE=InnoDB DEFAULT CHARSET=utf8;
/*!40101 SET character_set_client = @saved_cs_client */;

--
-- Dumping data for table `page`
--

LOCK TABLES `page` WRITE;
/*!40000 ALTER TABLE `page` DISABLE KEYS */;
/*!40000 ALTER TABLE `page` ENABLE KEYS */;
UNLOCK TABLES;

--
-- Table structure for table `page_block_element`
--

DROP TABLE IF EXISTS `page_block_element`;
/*!40101 SET @saved_cs_client     = @@character_set_client */;
/*!40101 SET character_set_client = utf8 */;
CREATE TABLE `page_block_element` (
  `id` int(10) unsigned NOT NULL AUTO_INCREMENT,
  `group_name` varchar(200) NOT NULL,
  `content` text NOT NULL,
  `image_preview` varchar(200) NOT NULL,
  `block_name` varchar(200) NOT NULL,
  `content_type` varchar(100) NOT NULL,
  `created_by` int(11) DEFAULT NULL,
  `updated_by` int(11) DEFAULT NULL,
  `updated_at` datetime DEFAULT CURRENT_TIMESTAMP ON UPDATE CURRENT_TIMESTAMP,
  `created_at` datetime DEFAULT CURRENT_TIMESTAMP,
  PRIMARY KEY (`id`),
  KEY `page_block_element_created_by_index` (`created_by`),
  KEY `page_block_element_updated_by_index` (`updated_by`)
) ENGINE=InnoDB DEFAULT CHARSET=utf8;
/*!40101 SET character_set_client = @saved_cs_client */;

--
-- Dumping data for table `page_block_element`
--

LOCK TABLES `page_block_element` WRITE;
/*!40000 ALTER TABLE `page_block_element` DISABLE KEYS */;
/*!40000 ALTER TABLE `page_block_element` ENABLE KEYS */;
UNLOCK TABLES;

--
-- Table structure for table `report_web`
--

DROP TABLE IF EXISTS `report_web`;
/*!40101 SET @saved_cs_client     = @@character_set_client */;
/*!40101 SET character_set_client = utf8 */;
CREATE TABLE `report_web` (
  `id` int(11) NOT NULL AUTO_INCREMENT,
  `report_name` varchar(50) NOT NULL,
  `table_name` varchar(2048) NOT NULL,
  `parent_report_id` int(11) DEFAULT NULL,
  `icon` varchar(25) NOT NULL,
  `sequence` int(11) DEFAULT NULL,
  `columns` varchar(4096) DEFAULT NULL,
  `created_by` int(11) DEFAULT NULL,
  `updated_by` int(11) DEFAULT NULL,
  `updated_at` datetime DEFAULT CURRENT_TIMESTAMP ON UPDATE CURRENT_TIMESTAMP,
  `created_at` datetime DEFAULT CURRENT_TIMESTAMP,
  PRIMARY KEY (`id`),
  KEY `report_web_created_by_index` (`created_by`),
  KEY `report_web_updated_by_index` (`updated_by`)
) ENGINE=InnoDB DEFAULT CHARSET=latin1;
/*!40101 SET character_set_client = @saved_cs_client */;

--
-- Dumping data for table `report_web`
--

LOCK TABLES `report_web` WRITE;
/*!40000 ALTER TABLE `report_web` DISABLE KEYS */;
/*!40000 ALTER TABLE `report_web` ENABLE KEYS */;
UNLOCK TABLES;

--
-- Table structure for table `rest`
--

DROP TABLE IF EXISTS `rest`;
/*!40101 SET @saved_cs_client     = @@character_set_client */;
/*!40101 SET character_set_client = utf8 */;
CREATE TABLE `rest` (
  `id` int(10) unsigned NOT NULL AUTO_INCREMENT,
  `subject` varchar(200) NOT NULL,
  `table_name` varchar(200) NOT NULL,
  `primary_key` varchar(200) DEFAULT NULL,
  `x_api_key` varchar(20) DEFAULT NULL,
  `x_token` varchar(20) DEFAULT NULL,
  `has_read` tinyint(4) NOT NULL DEFAULT '1',
  `has_update` tinyint(4) NOT NULL DEFAULT '1',
  `has_delete` tinyint(4) NOT NULL DEFAULT '1',
  `has_add` tinyint(4) NOT NULL DEFAULT '1',
  `user_restriction` tinyint(4) DEFAULT NULL,
  `user_restriction_columns` varchar(4096) DEFAULT NULL,
  `created_by` int(11) DEFAULT NULL,
  `updated_by` int(11) DEFAULT NULL,
  `updated_at` datetime DEFAULT CURRENT_TIMESTAMP ON UPDATE CURRENT_TIMESTAMP,
  `created_at` datetime DEFAULT CURRENT_TIMESTAMP,
  PRIMARY KEY (`id`),
  KEY `rest_created_by_index` (`created_by`),
  KEY `rest_updated_by_index` (`updated_by`)
) ENGINE=InnoDB AUTO_INCREMENT=19 DEFAULT CHARSET=utf8;
/*!40101 SET character_set_client = @saved_cs_client */;

--
-- Dumping data for table `rest`
--

LOCK TABLES `rest` WRITE;
/*!40000 ALTER TABLE `rest` DISABLE KEYS */;
INSERT INTO `rest` VALUES (13,'Static Pages','static_pages','id','no','no',1,1,1,1,NULL,NULL,1,1,'2022-03-02 06:55:22','2022-03-02 06:55:22'),(15,'Mobile Otp','mobile_otp','id','no','no',0,0,0,1,NULL,NULL,1,1,'2022-03-04 20:47:05','2022-03-02 12:35:53'),(18,'Blog','blog','id','no','yes',1,1,1,1,1,'created_by,updated_by',1,1,'2022-03-06 00:05:46','2022-03-05 23:46:57');
/*!40000 ALTER TABLE `rest` ENABLE KEYS */;
UNLOCK TABLES;

--
-- Table structure for table `rest_field`
--

DROP TABLE IF EXISTS `rest_field`;
/*!40101 SET @saved_cs_client     = @@character_set_client */;
/*!40101 SET character_set_client = utf8 */;
CREATE TABLE `rest_field` (
  `id` int(10) unsigned NOT NULL AUTO_INCREMENT,
  `rest_id` int(11) NOT NULL,
  `field_name` varchar(200) NOT NULL,
  `field_label` varchar(200) DEFAULT NULL,
  `input_type` varchar(200) NOT NULL,
  `show_column` varchar(10) DEFAULT NULL,
  `show_add_api` varchar(10) DEFAULT NULL,
  `show_update_api` varchar(10) DEFAULT NULL,
  `show_detail_api` varchar(10) DEFAULT NULL,
  `created_by` int(11) DEFAULT NULL,
  `updated_by` int(11) DEFAULT NULL,
  `updated_at` datetime DEFAULT CURRENT_TIMESTAMP ON UPDATE CURRENT_TIMESTAMP,
  `created_at` datetime DEFAULT CURRENT_TIMESTAMP,
  PRIMARY KEY (`id`),
  KEY `rest_field_created_by_index` (`created_by`),
  KEY `rest_field_updated_by_index` (`updated_by`)
) ENGINE=InnoDB AUTO_INCREMENT=399 DEFAULT CHARSET=utf8;
/*!40101 SET character_set_client = @saved_cs_client */;

--
-- Dumping data for table `rest_field`
--

LOCK TABLES `rest_field` WRITE;
/*!40000 ALTER TABLE `rest_field` DISABLE KEYS */;
INSERT INTO `rest_field` VALUES (259,13,'id',NULL,'input','yes','','','yes',NULL,NULL,'2022-03-02 06:55:22','2022-03-02 06:55:22'),(260,13,'name',NULL,'input','yes','yes','yes','yes',NULL,NULL,'2022-03-02 06:55:22','2022-03-02 06:55:22'),(261,13,'content',NULL,'input','yes','yes','yes','yes',NULL,NULL,'2022-03-02 06:55:22','2022-03-02 06:55:22'),(262,13,'created_by',NULL,'input','','','','',NULL,NULL,'2022-03-02 06:55:22','2022-03-02 06:55:22'),(263,13,'updated_by',NULL,'input','','','','',NULL,NULL,'2022-03-02 06:55:22','2022-03-02 06:55:22'),(264,13,'updated_at',NULL,'input','','','','',NULL,NULL,'2022-03-02 06:55:22','2022-03-02 06:55:22'),(265,13,'created_at',NULL,'input','','','','',NULL,NULL,'2022-03-02 06:55:22','2022-03-02 06:55:22'),(302,15,'id',NULL,'input','','','','',NULL,NULL,'2022-03-04 15:17:05','2022-03-04 15:17:05'),(303,15,'mobile_no',NULL,'input','','yes','','',NULL,NULL,'2022-03-04 15:17:05','2022-03-04 15:17:05'),(304,15,'otp',NULL,'input','','','','',NULL,NULL,'2022-03-04 15:17:05','2022-03-04 15:17:05'),(305,15,'created_by',NULL,'input','','','','',NULL,NULL,'2022-03-04 15:17:05','2022-03-04 15:17:05'),(306,15,'updated_by',NULL,'input','','','','',NULL,NULL,'2022-03-04 15:17:05','2022-03-04 15:17:05'),(307,15,'updated_at',NULL,'input','','','','',NULL,NULL,'2022-03-04 15:17:05','2022-03-04 15:17:05'),(308,15,'created_at',NULL,'input','','','','',NULL,NULL,'2022-03-04 15:17:05','2022-03-04 15:17:05'),(390,18,'id',NULL,'input','yes','','','yes',NULL,NULL,'2022-03-05 18:35:46','2022-03-05 18:35:46'),(391,18,'title',NULL,'input','yes','yes','yes','yes',NULL,NULL,'2022-03-05 18:35:46','2022-03-05 18:35:46'),(392,18,'content',NULL,'input','yes','yes','yes','yes',NULL,NULL,'2022-03-05 18:35:46','2022-03-05 18:35:46'),(393,18,'image',NULL,'input','yes','yes','yes','yes',NULL,NULL,'2022-03-05 18:35:46','2022-03-05 18:35:46'),(394,18,'category',NULL,'input','yes','yes','yes','yes',NULL,NULL,'2022-03-05 18:35:46','2022-03-05 18:35:46'),(395,18,'created_by',NULL,'input','yes','yes','yes','yes',NULL,NULL,'2022-03-05 18:35:46','2022-03-05 18:35:46'),(396,18,'updated_by',NULL,'input','yes','yes','yes','yes',NULL,NULL,'2022-03-05 18:35:46','2022-03-05 18:35:46'),(397,18,'updated_at',NULL,'input','yes','yes','yes','yes',NULL,NULL,'2022-03-05 18:35:46','2022-03-05 18:35:46'),(398,18,'created_at',NULL,'input','yes','yes','yes','yes',NULL,NULL,'2022-03-05 18:35:46','2022-03-05 18:35:46');
/*!40000 ALTER TABLE `rest_field` ENABLE KEYS */;
UNLOCK TABLES;

--
-- Table structure for table `rest_field_validation`
--

DROP TABLE IF EXISTS `rest_field_validation`;
/*!40101 SET @saved_cs_client     = @@character_set_client */;
/*!40101 SET character_set_client = utf8 */;
CREATE TABLE `rest_field_validation` (
  `id` int(10) unsigned NOT NULL AUTO_INCREMENT,
  `rest_field_id` int(11) NOT NULL,
  `rest_id` int(11) NOT NULL,
  `validation_name` varchar(200) NOT NULL,
  `validation_value` text NOT NULL,
  `created_by` int(11) DEFAULT NULL,
  `updated_by` int(11) DEFAULT NULL,
  `updated_at` datetime DEFAULT CURRENT_TIMESTAMP ON UPDATE CURRENT_TIMESTAMP,
  `created_at` datetime DEFAULT CURRENT_TIMESTAMP,
  PRIMARY KEY (`id`),
  KEY `rest_field_validation_created_by_index` (`created_by`),
  KEY `rest_field_validation_updated_by_index` (`updated_by`)
) ENGINE=InnoDB AUTO_INCREMENT=594 DEFAULT CHARSET=utf8;
/*!40101 SET character_set_client = @saved_cs_client */;

--
-- Dumping data for table `rest_field_validation`
--

LOCK TABLES `rest_field_validation` WRITE;
/*!40000 ALTER TABLE `rest_field_validation` DISABLE KEYS */;
INSERT INTO `rest_field_validation` VALUES (402,260,13,'required','',NULL,NULL,'2022-03-02 06:55:22','2022-03-02 06:55:22'),(403,260,13,'max_length','1024',NULL,NULL,'2022-03-02 06:55:22','2022-03-02 06:55:22'),(404,261,13,'required','',NULL,NULL,'2022-03-02 06:55:22','2022-03-02 06:55:22'),(405,262,13,'required','',NULL,NULL,'2022-03-02 06:55:22','2022-03-02 06:55:22'),(406,262,13,'max_length','11',NULL,NULL,'2022-03-02 06:55:22','2022-03-02 06:55:22'),(407,263,13,'required','',NULL,NULL,'2022-03-02 06:55:22','2022-03-02 06:55:22'),(408,263,13,'max_length','11',NULL,NULL,'2022-03-02 06:55:22','2022-03-02 06:55:22'),(409,264,13,'required','',NULL,NULL,'2022-03-02 06:55:22','2022-03-02 06:55:22'),(410,265,13,'required','',NULL,NULL,'2022-03-02 06:55:22','2022-03-02 06:55:22'),(464,303,15,'required','',NULL,NULL,'2022-03-04 15:17:05','2022-03-04 15:17:05'),(465,303,15,'max_length','20',NULL,NULL,'2022-03-04 15:17:05','2022-03-04 15:17:05'),(466,304,15,'required','',NULL,NULL,'2022-03-04 15:17:05','2022-03-04 15:17:05'),(467,304,15,'max_length','540',NULL,NULL,'2022-03-04 15:17:05','2022-03-04 15:17:05'),(468,305,15,'required','',NULL,NULL,'2022-03-04 15:17:05','2022-03-04 15:17:05'),(469,305,15,'max_length','11',NULL,NULL,'2022-03-04 15:17:05','2022-03-04 15:17:05'),(470,306,15,'required','',NULL,NULL,'2022-03-04 15:17:05','2022-03-04 15:17:05'),(471,306,15,'max_length','11',NULL,NULL,'2022-03-04 15:17:05','2022-03-04 15:17:05'),(472,307,15,'required','',NULL,NULL,'2022-03-04 15:17:05','2022-03-04 15:17:05'),(473,308,15,'required','',NULL,NULL,'2022-03-04 15:17:05','2022-03-04 15:17:05'),(582,391,18,'required','',NULL,NULL,'2022-03-05 18:35:46','2022-03-05 18:35:46'),(583,391,18,'max_length','200',NULL,NULL,'2022-03-05 18:35:46','2022-03-05 18:35:46'),(584,392,18,'required','',NULL,NULL,'2022-03-05 18:35:46','2022-03-05 18:35:46'),(585,393,18,'required','',NULL,NULL,'2022-03-05 18:35:46','2022-03-05 18:35:46'),(586,394,18,'required','',NULL,NULL,'2022-03-05 18:35:46','2022-03-05 18:35:46'),(587,394,18,'max_length','200',NULL,NULL,'2022-03-05 18:35:46','2022-03-05 18:35:46'),(588,395,18,'required','',NULL,NULL,'2022-03-05 18:35:46','2022-03-05 18:35:46'),(589,395,18,'max_length','11',NULL,NULL,'2022-03-05 18:35:46','2022-03-05 18:35:46'),(590,396,18,'required','',NULL,NULL,'2022-03-05 18:35:46','2022-03-05 18:35:46'),(591,396,18,'max_length','11',NULL,NULL,'2022-03-05 18:35:46','2022-03-05 18:35:46'),(592,397,18,'required','',NULL,NULL,'2022-03-05 18:35:46','2022-03-05 18:35:46'),(593,398,18,'required','',NULL,NULL,'2022-03-05 18:35:46','2022-03-05 18:35:46');
/*!40000 ALTER TABLE `rest_field_validation` ENABLE KEYS */;
UNLOCK TABLES;

--
-- Table structure for table `rest_input_type`
--

DROP TABLE IF EXISTS `rest_input_type`;
/*!40101 SET @saved_cs_client     = @@character_set_client */;
/*!40101 SET character_set_client = utf8 */;
CREATE TABLE `rest_input_type` (
  `id` int(10) unsigned NOT NULL AUTO_INCREMENT,
  `type` varchar(200) NOT NULL,
  `relation` varchar(20) NOT NULL,
  `validation_group` varchar(200) NOT NULL,
  `created_by` int(11) DEFAULT NULL,
  `updated_by` int(11) DEFAULT NULL,
  `updated_at` datetime DEFAULT CURRENT_TIMESTAMP ON UPDATE CURRENT_TIMESTAMP,
  `created_at` datetime DEFAULT CURRENT_TIMESTAMP,
  PRIMARY KEY (`id`),
  KEY `rest_input_type_created_by_index` (`created_by`),
  KEY `rest_input_type_updated_by_index` (`updated_by`)
) ENGINE=InnoDB AUTO_INCREMENT=4 DEFAULT CHARSET=utf8;
/*!40101 SET character_set_client = @saved_cs_client */;

--
-- Dumping data for table `rest_input_type`
--

LOCK TABLES `rest_input_type` WRITE;
/*!40000 ALTER TABLE `rest_input_type` DISABLE KEYS */;
INSERT INTO `rest_input_type` VALUES (1,'input','0','input',NULL,NULL,'2022-03-02 06:55:22','2022-03-02 06:55:22'),(2,'timestamp','0','timestamp',NULL,NULL,'2022-03-02 06:55:22','2022-03-02 06:55:22'),(3,'file','0','file',NULL,NULL,'2022-03-02 06:55:22','2022-03-02 06:55:22');
/*!40000 ALTER TABLE `rest_input_type` ENABLE KEYS */;
UNLOCK TABLES;

--
-- Table structure for table `static_pages`
--

DROP TABLE IF EXISTS `static_pages`;
/*!40101 SET @saved_cs_client     = @@character_set_client */;
/*!40101 SET character_set_client = utf8 */;
CREATE TABLE `static_pages` (
  `id` int(11) NOT NULL AUTO_INCREMENT,
  `name` varchar(1024) NOT NULL,
  `content` text,
  `created_by` int(11) DEFAULT NULL,
  `updated_by` int(11) DEFAULT NULL,
  `updated_at` datetime DEFAULT CURRENT_TIMESTAMP ON UPDATE CURRENT_TIMESTAMP,
  `created_at` datetime DEFAULT CURRENT_TIMESTAMP,
  PRIMARY KEY (`id`),
  KEY `stattic_pages_created_by_index` (`created_by`),
  KEY `stattic_pages_updated_by_index` (`updated_by`)
) ENGINE=InnoDB AUTO_INCREMENT=3 DEFAULT CHARSET=latin1;
/*!40101 SET character_set_client = @saved_cs_client */;

--
-- Dumping data for table `static_pages`
--

LOCK TABLES `static_pages` WRITE;
/*!40000 ALTER TABLE `static_pages` DISABLE KEYS */;
INSERT INTO `static_pages` VALUES (1,'privacy_policy','this is privacy policy',NULL,1,'2022-03-02 06:55:22','2022-03-02 06:55:22'),(2,'about','This is about us',NULL,1,'2022-03-02 06:55:22','2022-03-02 06:55:22');
/*!40000 ALTER TABLE `static_pages` ENABLE KEYS */;
UNLOCK TABLES;

--
-- Table structure for table `user_wallet`
--

DROP TABLE IF EXISTS `user_wallet`;
/*!40101 SET @saved_cs_client     = @@character_set_client */;
/*!40101 SET character_set_client = utf8 */;
CREATE TABLE `user_wallet` (
  `id` int(11) NOT NULL AUTO_INCREMENT,
  `wallet_code` int(11) NOT NULL,
  `wallet_qrcode` int(11) DEFAULT NULL,
  `user_id` int(10) unsigned NOT NULL,
  `created_by` int(11) DEFAULT NULL,
  `updated_by` int(11) DEFAULT NULL,
  `updated_at` datetime DEFAULT CURRENT_TIMESTAMP ON UPDATE CURRENT_TIMESTAMP,
  `created_at` datetime DEFAULT CURRENT_TIMESTAMP,
  PRIMARY KEY (`id`),
  UNIQUE KEY `user_id` (`user_id`),
  UNIQUE KEY `wallet_code` (`wallet_code`),
  KEY `user_wallet_created_by_index` (`created_by`),
  KEY `user_wallet_updated_by_index` (`updated_by`),
  CONSTRAINT `user_wallet_ibfk_1` FOREIGN KEY (`user_id`) REFERENCES `aauth_users` (`id`)
) ENGINE=InnoDB DEFAULT CHARSET=latin1;
/*!40101 SET character_set_client = @saved_cs_client */;

--
-- Dumping data for table `user_wallet`
--

LOCK TABLES `user_wallet` WRITE;
/*!40000 ALTER TABLE `user_wallet` DISABLE KEYS */;
/*!40000 ALTER TABLE `user_wallet` ENABLE KEYS */;
UNLOCK TABLES;
/*!40103 SET TIME_ZONE=@OLD_TIME_ZONE */;

/*!40101 SET SQL_MODE=@OLD_SQL_MODE */;
/*!40014 SET FOREIGN_KEY_CHECKS=@OLD_FOREIGN_KEY_CHECKS */;
/*!40014 SET UNIQUE_CHECKS=@OLD_UNIQUE_CHECKS */;
/*!40101 SET CHARACTER_SET_CLIENT=@OLD_CHARACTER_SET_CLIENT */;
/*!40101 SET CHARACTER_SET_RESULTS=@OLD_CHARACTER_SET_RESULTS */;
/*!40101 SET COLLATION_CONNECTION=@OLD_COLLATION_CONNECTION */;
/*!40111 SET SQL_NOTES=@OLD_SQL_NOTES */;

-- Dump completed on 2022-03-11 18:33:50
